transaction_id,quarter,region,product_line,units_sold,unit_price,gross_revenue,cogs,operating_expense,net_margin
CA-2016-152156,2016-Q4,South,Furniture,2,130.98,261.96,154.03,66.02,41.91
CA-2016-152156,2016-Q4,South,Furniture,3,243.98,731.94,358.65,153.71,219.58
CA-2016-138688,2016-Q2,West,Office Supplies,2,7.31,14.62,5.42,2.33,6.87
US-2015-108966,2015-Q4,South,Furniture,5,191.52,957.58,938.43,402.18,-383.03
US-2015-108966,2015-Q4,South,Office Supplies,2,11.18,22.37,13.89,5.96,2.52
CA-2014-115812,2014-Q2,West,Furniture,7,6.98,48.86,24.28,10.41,14.17
CA-2014-115812,2014-Q2,West,Office Supplies,4,1.82,7.28,3.72,1.59,1.97
CA-2014-115812,2014-Q2,West,Technology,6,151.19,907.15,571.5,244.93,90.72
CA-2014-115812,2014-Q2,West,Office Supplies,3,6.17,18.5,8.9,3.82,5.78
CA-2014-115812,2014-Q2,West,Office Supplies,5,22.98,114.9,56.3,24.13,34.47
CA-2014-115812,2014-Q2,West,Furniture,9,189.58,1706.18,1134.61,486.26,85.31
CA-2014-115812,2014-Q2,West,Technology,4,227.86,911.42,590.14,252.92,68.36
CA-2017-114412,2017-Q2,South,Office Supplies,3,5.18,15.55,7.08,3.03,5.44
CA-2016-161389,2016-Q4,West,Office Supplies,3,135.99,407.98,192.77,82.62,132.59
US-2015-118983,2015-Q4,Central,Office Supplies,5,13.76,68.81,134.87,57.8,-123.86
US-2015-118983,2015-Q4,Central,Office Supplies,3,0.85,2.54,4.45,1.91,-3.82
CA-2014-105893,2014-Q4,Central,Office Supplies,6,110.98,665.88,456.79,195.77,13.32
CA-2014-167164,2014-Q2,West,Office Supplies,2,27.75,55.5,31.86,13.65,9.99
CA-2014-143336,2014-Q3,West,Office Supplies,2,4.28,8.56,4.26,1.82,2.48
CA-2014-143336,2014-Q3,West,Technology,3,71.16,213.48,138.23,59.24,16.01
CA-2014-143336,2014-Q3,West,Office Supplies,4,5.68,22.72,10.74,4.6,7.38
CA-2016-137330,2016-Q4,Central,Office Supplies,7,2.78,19.46,10.08,4.32,5.06
CA-2016-137330,2016-Q4,Central,Office Supplies,7,8.62,60.34,31.26,13.39,15.69
US-2017-156909,2017-Q3,East,Furniture,2,35.68,71.37,50.67,21.72,-1.02
CA-2015-106320,2015-Q3,West,Furniture,3,348.21,1044.63,563.06,241.31,240.26
CA-2016-121755,2016-Q1,West,Office Supplies,2,5.82,11.65,5.2,2.23,4.22
CA-2016-121755,2016-Q1,West,Technology,3,30.19,90.57,55.16,23.64,11.77
US-2015-150630,2015-Q3,East,Furniture,7,440.49,3083.43,3323.94,1424.54,-1665.05
US-2015-150630,2015-Q3,East,Office Supplies,2,4.81,9.62,11.67,5.0,-7.05
US-2015-150630,2015-Q3,East,Furniture,3,41.4,124.2,76.08,32.6,15.52
US-2015-150630,2015-Q3,East,Office Supplies,2,1.63,3.26,1.51,0.65,1.1
US-2015-150630,2015-Q3,East,Office Supplies,6,14.38,86.3,53.61,22.98,9.71
US-2015-150630,2015-Q3,East,Office Supplies,6,1.14,6.86,8.81,3.77,-5.72
US-2015-150630,2015-Q3,East,Office Supplies,2,7.88,15.76,8.55,3.66,3.55
CA-2017-107727,2017-Q4,Central,Office Supplies,3,9.82,29.47,13.66,5.86,9.95
CA-2016-117590,2016-Q4,Central,Technology,7,156.79,1097.54,681.85,292.22,123.47
CA-2016-117590,2016-Q4,Central,Furniture,5,38.18,190.92,237.22,101.66,-147.96
CA-2015-117415,2015-Q4,Central,Office Supplies,9,12.59,113.33,54.54,23.37,35.42
CA-2015-117415,2015-Q4,Central,Furniture,3,177.47,532.4,405.57,173.81,-46.98
CA-2015-117415,2015-Q4,Central,Furniture,3,70.69,212.06,159.05,68.16,-15.15
CA-2015-117415,2015-Q4,Central,Technology,4,92.79,371.17,230.59,98.82,41.76
CA-2017-120999,2017-Q3,Central,Technology,4,36.79,147.17,91.43,39.18,16.56
CA-2016-101343,2016-Q3,West,Office Supplies,2,38.94,77.88,51.79,22.2,3.89
CA-2017-139619,2017-Q3,South,Office Supplies,2,47.81,95.62,60.24,25.82,9.56
CA-2016-118255,2016-Q1,Central,Technology,2,22.99,45.98,18.35,7.86,19.77
CA-2016-118255,2016-Q1,Central,Office Supplies,2,8.73,17.46,6.47,2.78,8.21
CA-2014-146703,2014-Q4,Central,Office Supplies,4,52.99,211.96,142.44,61.04,8.48
CA-2016-169194,2016-Q2,East,Technology,3,15.0,45.0,28.03,12.02,4.95
CA-2016-169194,2016-Q2,East,Technology,2,10.9,21.8,10.99,4.71,6.1
CA-2015-115742,2015-Q2,Central,Office Supplies,6,6.37,38.22,14.18,6.08,17.96
CA-2015-115742,2015-Q2,Central,Office Supplies,6,12.53,75.18,27.9,11.95,35.33
CA-2015-115742,2015-Q2,Central,Furniture,2,3.08,6.16,2.24,0.96,2.96
CA-2015-115742,2015-Q2,Central,Furniture,1,89.99,89.99,51.02,21.87,17.1
CA-2016-105816,2016-Q4,East,Office Supplies,7,2.18,15.26,6.3,2.7,6.26
CA-2016-105816,2016-Q4,East,Technology,5,205.99,1029.95,511.88,219.38,298.69
CA-2016-111682,2016-Q2,East,Office Supplies,6,34.76,208.56,109.49,46.93,52.14
CA-2016-111682,2016-Q2,East,Office Supplies,5,6.48,32.4,11.79,5.06,15.55
CA-2016-111682,2016-Q2,East,Furniture,5,63.88,319.41,218.62,93.69,7.1
CA-2016-111682,2016-Q2,East,Office Supplies,2,7.28,14.56,5.3,2.27,6.99
CA-2016-111682,2016-Q2,East,Technology,2,15.0,30.0,18.69,8.01,3.3
CA-2016-111682,2016-Q2,East,Office Supplies,4,12.12,48.48,22.48,9.64,16.36
CA-2016-111682,2016-Q2,East,Office Supplies,1,1.68,1.68,0.59,0.25,0.84
CA-2015-135545,2015-Q4,West,Technology,2,6.99,13.98,5.48,2.35,6.15
CA-2015-135545,2015-Q4,West,Office Supplies,6,4.3,25.82,11.52,4.94,9.36
CA-2015-135545,2015-Q4,West,Office Supplies,3,48.91,146.73,54.44,23.33,68.96
CA-2015-135545,2015-Q4,West,Furniture,4,19.94,79.76,40.2,17.23,22.33
US-2015-164175,2015-Q2,Central,Furniture,5,42.62,213.12,159.84,68.5,-15.22
CA-2014-106376,2014-Q4,West,Office Supplies,8,139.13,1113.02,701.2,300.52,111.3
CA-2014-106376,2014-Q4,West,Technology,4,41.99,167.97,73.49,31.49,62.99
CA-2016-119823,2016-Q2,South,Office Supplies,2,37.94,75.88,28.15,12.07,35.66
CA-2016-106075,2016-Q3,East,Office Supplies,1,4.62,4.62,2.02,0.87,1.73
CA-2017-114440,2017-Q3,Central,Office Supplies,3,6.35,19.05,7.2,3.09,8.76
US-2015-134026,2015-Q2,South,Furniture,8,103.99,831.94,662.43,283.9,-114.39
US-2015-134026,2015-Q2,South,Furniture,2,48.52,97.04,67.08,28.75,1.21
US-2015-134026,2015-Q2,South,Office Supplies,1,72.78,72.78,63.69,27.29,-18.2
US-2017-118038,2017-Q4,Central,Office Supplies,3,0.42,1.25,2.23,0.95,-1.93
US-2017-118038,2017-Q4,Central,Furniture,3,3.24,9.71,10.87,4.66,-5.82
US-2017-118038,2017-Q4,Central,Office Supplies,3,9.08,27.24,17.16,7.36,2.72
US-2014-147606,2014-Q4,Central,Furniture,5,3.86,19.3,23.65,10.13,-14.48
CA-2016-127208,2016-Q2,South,Office Supplies,1,208.16,208.16,106.37,45.59,56.2
CA-2016-127208,2016-Q2,South,Office Supplies,3,5.58,16.74,6.09,2.61,8.04
CA-2014-139451,2014-Q4,West,Office Supplies,5,2.98,14.9,7.51,3.22,4.17
CA-2014-139451,2014-Q4,West,Office Supplies,1,21.39,21.39,10.63,4.56,6.2
CA-2015-149734,2015-Q3,South,Office Supplies,7,28.71,200.98,96.72,41.45,62.81
US-2017-119662,2017-Q4,Central,Office Supplies,3,76.79,230.38,195.53,83.8,-48.95
CA-2017-140088,2017-Q2,South,Furniture,2,150.98,301.96,188.12,80.62,33.22
CA-2017-155558,2017-Q4,Central,Technology,1,19.99,19.99,9.23,3.96,6.8
CA-2017-155558,2017-Q4,Central,Office Supplies,2,3.08,6.16,2.24,0.96,2.96
CA-2016-159695,2016-Q2,Central,Office Supplies,7,22.62,158.37,101.16,43.35,13.86
CA-2016-109806,2016-Q3,West,Office Supplies,3,6.7,20.1,9.43,4.04,6.63
CA-2016-109806,2016-Q3,West,Technology,2,36.79,73.58,45.71,19.59,8.28
CA-2016-109806,2016-Q3,West,Office Supplies,1,6.48,6.48,2.36,1.01,3.11
CA-2015-149587,2015-Q1,Central,Office Supplies,2,6.48,12.96,4.72,2.02,6.22
CA-2015-149587,2015-Q1,Central,Furniture,3,17.78,53.34,25.76,11.04,16.54
CA-2015-149587,2015-Q1,Central,Office Supplies,2,16.48,32.96,11.77,5.04,16.15
US-2017-109484,2017-Q4,West,Office Supplies,1,5.68,5.68,6.63,2.84,-3.79
CA-2017-161018,2017-Q4,East,Furniture,7,13.79,96.53,39.19,16.8,40.54
CA-2017-157833,2017-Q2,West,Office Supplies,3,17.1,51.31,23.34,10.01,17.96
CA-2016-149223,2016-Q3,Central,Office Supplies,6,12.98,77.88,38.7,16.59,22.59
CA-2016-158568,2016-Q3,Central,Office Supplies,7,9.23,64.62,29.4,12.6,22.62
CA-2016-158568,2016-Q3,Central,Technology,3,31.99,95.98,74.75,32.03,-10.8
CA-2016-158568,2016-Q3,Central,Office Supplies,3,0.6,1.79,3.38,1.45,-3.04
CA-2016-129903,2016-Q4,Central,Office Supplies,4,5.98,23.92,8.54,3.66,11.72
US-2015-156867,2015-Q4,West,Technology,6,39.82,238.9,186.05,79.73,-26.88
US-2015-156867,2015-Q4,West,Furniture,3,34.12,102.36,74.34,31.86,-3.84
US-2015-156867,2015-Q4,West,Office Supplies,3,12.29,36.88,43.89,18.81,-25.82
CA-2017-119004,2017-Q4,South,Technology,8,9.26,74.11,39.56,16.95,17.6
CA-2017-119004,2017-Q4,South,Technology,1,27.99,27.99,18.12,7.77,2.1
CA-2017-119004,2017-Q4,South,Office Supplies,1,3.3,3.3,1.56,0.67,1.07
CA-2015-129476,2015-Q4,Central,Technology,5,67.99,339.96,190.38,81.59,67.99
CA-2017-146780,2017-Q4,East,Furniture,2,20.98,41.96,21.73,9.32,10.91
CA-2016-128867,2016-Q4,Central,Office Supplies,2,37.98,75.96,37.22,15.95,22.79
CA-2016-128867,2016-Q4,Central,Office Supplies,6,4.54,27.24,9.72,4.17,13.35
CA-2014-115259,2014-Q3,East,Office Supplies,14,2.86,40.1,17.9,7.67,14.53
CA-2014-115259,2014-Q3,East,Office Supplies,2,2.36,4.72,2.15,0.92,1.65
CA-2014-115259,2014-Q3,East,Office Supplies,3,7.99,23.98,11.54,4.95,7.49
CA-2014-115259,2014-Q3,East,Office Supplies,6,21.74,130.46,60.5,25.93,44.03
CA-2015-110457,2015-Q1,West,Furniture,3,262.51,787.53,435.5,186.65,165.38
US-2015-136476,2015-Q2,South,Office Supplies,1,157.79,157.79,191.46,82.05,-115.72
CA-2016-103730,2016-Q2,East,Furniture,3,15.68,47.04,20.08,8.61,18.35
CA-2016-103730,2016-Q2,East,Office Supplies,4,7.71,30.84,11.87,5.09,13.88
CA-2016-103730,2016-Q2,East,Office Supplies,6,37.76,226.56,114.18,48.94,63.44
CA-2016-103730,2016-Q2,East,Office Supplies,9,12.78,115.02,44.28,18.98,51.76
CA-2016-103730,2016-Q2,East,Technology,7,9.72,68.04,33.82,14.49,19.73
US-2014-152030,2014-Q4,Central,Furniture,3,200.19,600.56,426.4,182.74,-8.58
US-2014-134614,2014-Q3,Central,Furniture,6,102.95,617.7,717.77,307.61,-407.68
US-2017-107272,2017-Q4,West,Office Supplies,2,1.2,2.39,2.95,1.27,-1.83
US-2017-107272,2017-Q4,West,Office Supplies,7,34.86,243.99,149.44,64.05,30.5
US-2016-125969,2016-Q4,West,Furniture,2,40.71,81.42,63.41,27.17,-9.16
US-2016-125969,2016-Q4,West,Furniture,3,79.52,238.56,148.62,63.7,26.24
US-2017-164147,2017-Q1,East,Technology,5,11.99,59.97,50.37,21.59,-11.99
US-2017-164147,2017-Q1,East,Office Supplies,2,39.15,78.3,34.26,14.68,29.36
US-2017-164147,2017-Q1,East,Office Supplies,9,2.38,21.46,10.14,4.35,6.97
CA-2016-145583,2016-Q4,West,Office Supplies,3,6.68,20.04,7.29,3.13,9.62
CA-2016-145583,2016-Q4,West,Office Supplies,1,35.44,35.44,13.15,5.63,16.66
CA-2016-145583,2016-Q4,West,Office Supplies,4,2.88,11.52,5.64,2.42,3.46
CA-2016-145583,2016-Q4,West,Office Supplies,2,2.01,4.02,1.43,0.62,1.97
CA-2016-145583,2016-Q4,West,Office Supplies,3,25.39,76.18,34.66,14.86,26.66
CA-2016-145583,2016-Q4,West,Office Supplies,6,10.98,65.88,33.2,14.23,18.45
CA-2016-145583,2016-Q4,West,Furniture,14,3.08,43.12,15.69,6.73,20.7
CA-2016-110366,2016-Q3,East,Furniture,2,41.4,82.8,50.71,21.74,10.35
CA-2017-106180,2017-Q3,West,Office Supplies,3,2.94,8.82,4.51,1.93,2.38
CA-2017-106180,2017-Q3,West,Office Supplies,3,3.62,10.86,4.03,1.73,5.1
CA-2017-106180,2017-Q3,West,Office Supplies,3,47.9,143.7,52.3,22.42,68.98
CA-2017-155376,2017-Q4,Central,Office Supplies,3,279.81,839.43,434.83,186.35,218.25
CA-2015-110744,2015-Q3,West,Office Supplies,7,95.99,671.93,456.24,195.53,20.16
CA-2014-110072,2014-Q4,East,Furniture,4,23.47,93.89,56.69,24.29,12.91
CA-2016-114489,2016-Q4,Central,Technology,11,34.95,384.45,196.45,84.2,103.8
CA-2016-114489,2016-Q4,Central,Technology,3,49.99,149.97,100.78,43.19,6.0
CA-2016-114489,2016-Q4,Central,Furniture,8,243.98,1951.84,956.4,409.89,585.55
CA-2016-114489,2016-Q4,Central,Office Supplies,5,34.31,171.55,63.64,27.28,80.63
CA-2016-158834,2016-Q1,West,Office Supplies,5,31.58,157.92,98.1,42.05,17.77
CA-2016-158834,2016-Q1,West,Technology,2,101.59,203.18,131.56,56.38,15.24
CA-2015-124919,2015-Q2,West,Office Supplies,7,8.34,58.38,22.48,9.63,26.27
CA-2015-124919,2015-Q2,West,Office Supplies,4,26.38,105.52,39.89,17.09,48.54
CA-2015-124919,2015-Q2,West,Office Supplies,6,13.48,80.88,41.89,17.96,21.03
CA-2015-118948,2015-Q2,West,Office Supplies,3,2.21,6.63,3.39,1.45,1.79
CA-2014-104269,2014-Q1,West,Furniture,2,228.78,457.57,284.26,121.83,51.48
CA-2016-114104,2016-Q4,Central,Office Supplies,2,7.31,14.62,5.42,2.33,6.87
CA-2016-114104,2016-Q4,Central,Technology,7,134.99,944.93,496.09,212.61,236.23
CA-2016-162733,2016-Q2,West,Office Supplies,1,5.98,5.98,2.3,0.99,2.69
CA-2015-119697,2015-Q4,East,Technology,2,27.19,54.38,37.11,15.91,1.36
CA-2016-154508,2016-Q4,West,Office Supplies,5,5.68,28.4,10.53,4.52,13.35
CA-2016-113817,2016-Q4,West,Office Supplies,2,13.84,27.68,12.59,5.4,9.69
CA-2014-139892,2014-Q3,Central,Office Supplies,3,3.31,9.94,5.05,2.16,2.73
CA-2014-139892,2014-Q3,Central,Technology,8,1019.99,8159.95,6663.96,2855.98,-1359.99
CA-2014-139892,2014-Q3,Central,Office Supplies,3,91.98,275.93,234.19,100.37,-58.63
CA-2014-139892,2014-Q3,Central,Furniture,9,193.34,1740.06,1235.44,529.48,-24.86
CA-2014-139892,2014-Q3,Central,Office Supplies,6,5.34,32.06,17.68,7.57,6.81
CA-2014-139892,2014-Q3,Central,Office Supplies,5,35.6,177.98,442.28,189.55,-453.85
CA-2014-139892,2014-Q3,Central,Technology,3,47.99,143.98,94.49,40.49,9.0
CA-2014-118962,2014-Q3,West,Office Supplies,3,6.98,20.94,7.77,3.33,9.84
CA-2014-118962,2014-Q3,West,Office Supplies,2,55.48,110.96,40.39,17.31,53.26
CA-2014-118962,2014-Q3,West,Furniture,7,48.59,340.14,223.22,95.66,21.26
US-2014-100853,2014-Q3,Central,Office Supplies,2,26.22,52.45,128.5,55.07,-131.12
US-2014-100853,2014-Q3,Central,Office Supplies,4,5.04,20.16,9.53,4.08,6.55
US-2017-152366,2017-Q2,Central,Office Supplies,4,24.32,97.26,238.29,102.13,-243.16
US-2015-101511,2015-Q4,East,Furniture,7,56.69,396.8,285.7,122.44,-11.34
US-2015-101511,2015-Q4,East,Office Supplies,5,3.18,15.88,13.76,5.89,-3.77
CA-2015-137225,2015-Q4,East,Office Supplies,1,3.28,3.28,1.31,0.56,1.41
CA-2014-166191,2014-Q4,Central,Office Supplies,2,12.41,24.82,16.07,6.89,1.86
CA-2014-166191,2014-Q4,Central,Technology,7,58.39,408.74,232.47,99.63,76.64
CA-2014-158274,2014-Q4,South,Technology,4,125.99,503.96,261.05,111.88,131.03
CA-2014-158274,2014-Q4,South,Technology,5,29.99,149.95,75.57,32.39,41.99
CA-2014-158274,2014-Q4,South,Technology,2,14.5,29.0,15.22,6.53,7.25
CA-2016-105018,2016-Q4,East,Office Supplies,2,3.58,7.16,2.6,1.12,3.44
CA-2014-123260,2014-Q3,West,Technology,8,22.1,176.8,107.67,46.15,22.98
CA-2016-157000,2016-Q3,Central,Office Supplies,3,12.41,37.22,23.45,10.05,3.72
CA-2016-157000,2016-Q3,Central,Office Supplies,3,6.67,20.02,9.63,4.13,6.26
CA-2015-102281,2015-Q4,East,Furniture,4,224.78,899.14,550.72,236.03,112.39
CA-2015-102281,2015-Q4,East,Technology,6,11.96,71.76,36.17,15.5,20.09
CA-2015-102281,2015-Q4,East,Office Supplies,8,6.48,51.84,18.87,8.09,24.88
CA-2015-102281,2015-Q4,East,Furniture,3,208.78,626.35,405.56,173.81,46.98
CA-2015-102281,2015-Q4,East,Office Supplies,5,3.98,19.9,9.33,4.0,6.57
CA-2015-131457,2015-Q4,West,Office Supplies,7,2.04,14.28,5.3,2.27,6.71
CA-2014-140004,2014-Q1,East,Office Supplies,2,3.7,7.41,4.35,1.86,1.2
CA-2014-140004,2014-Q1,East,Office Supplies,3,2.02,6.05,3.12,1.34,1.59
CA-2017-107720,2017-Q4,East,Office Supplies,3,15.42,46.26,23.96,10.27,12.03
US-2017-124303,2017-Q3,East,Office Supplies,2,1.48,2.95,3.65,1.56,-2.26
US-2017-124303,2017-Q3,East,Office Supplies,3,5.35,16.06,7.17,3.07,5.82
CA-2017-105074,2017-Q2,East,Office Supplies,3,7.25,21.74,10.46,4.48,6.8
CA-2014-133690,2014-Q3,West,Furniture,2,109.38,218.75,266.44,114.19,-161.88
CA-2014-133690,2014-Q3,West,Office Supplies,1,2.6,2.6,1.62,0.69,0.29
US-2017-116701,2017-Q4,Central,Office Supplies,2,33.14,66.28,171.67,73.58,-178.97
CA-2017-126382,2017-Q2,South,Furniture,7,5.02,35.17,17.85,7.65,9.67
CA-2017-108329,2017-Q4,West,Technology,4,111.19,444.77,280.2,120.09,44.48
CA-2017-135860,2017-Q4,Central,Office Supplies,4,20.98,83.92,54.63,23.42,5.87
CA-2017-135860,2017-Q4,Central,Technology,2,65.99,131.98,67.44,28.91,35.63
CA-2017-135860,2017-Q4,Central,Office Supplies,4,3.98,15.92,5.91,2.53,7.48
CA-2017-135860,2017-Q4,Central,Office Supplies,9,5.81,52.29,25.26,10.82,16.21
CA-2017-135860,2017-Q4,Central,Office Supplies,1,91.99,91.99,61.82,26.49,3.68
CA-2015-101007,2015-Q1,Central,Technology,2,10.4,20.8,10.01,4.29,6.5
CA-2015-146262,2015-Q1,East,Office Supplies,2,11.84,23.68,10.36,4.44,8.88
CA-2015-146262,2015-Q1,East,Furniture,5,90.49,452.45,487.74,209.03,-244.32
CA-2015-146262,2015-Q1,East,Technology,3,20.99,62.98,54.38,23.3,-14.7
CA-2015-146262,2015-Q1,East,Technology,9,132.0,1188.0,1496.88,641.52,-950.4
CA-2015-146262,2015-Q1,East,Technology,2,44.79,89.58,59.57,25.53,4.48
CA-2016-130162,2016-Q4,West,Office Supplies,6,15.51,93.06,46.9,20.1,26.06
CA-2016-130162,2016-Q4,West,Technology,3,100.79,302.38,195.79,83.91,22.68
CA-2015-169397,2015-Q4,East,Office Supplies,2,2.79,5.58,2.64,1.13,1.81
CA-2015-169397,2015-Q4,East,Office Supplies,6,3.78,22.7,10.13,4.34,8.23
CA-2015-169397,2015-Q4,East,Office Supplies,4,4.94,19.78,23.53,10.09,-13.84
CA-2015-169397,2015-Q4,East,Furniture,4,18.18,72.7,37.53,16.09,19.08
CA-2015-169397,2015-Q4,East,Technology,4,120.0,479.99,604.79,259.19,-383.99
CA-2015-169397,2015-Q4,East,Office Supplies,2,13.58,27.17,17.12,7.33,2.72
CA-2015-163055,2015-Q3,Central,Office Supplies,1,2.2,2.2,0.86,0.37,0.97
CA-2015-163055,2015-Q3,Central,Furniture,5,124.49,622.45,339.86,145.65,136.94
CA-2015-163055,2015-Q3,Central,Office Supplies,1,21.98,21.98,15.23,6.53,0.22
US-2015-145436,2015-Q1,South,Furniture,2,80.78,161.57,132.89,56.95,-28.27
US-2015-145436,2015-Q1,South,Furniture,8,48.71,389.7,242.1,103.76,43.84
US-2014-156216,2014-Q3,South,Office Supplies,7,2.66,18.65,21.76,9.32,-12.43
US-2017-100930,2017-Q2,South,Furniture,2,116.93,233.86,235.14,100.77,-102.05
US-2017-100930,2017-Q2,South,Furniture,3,206.87,620.61,608.2,260.66,-248.25
US-2017-100930,2017-Q2,South,Office Supplies,2,2.66,5.33,6.22,2.66,-3.55
US-2017-100930,2017-Q2,South,Furniture,3,86.02,258.07,180.65,77.42,0.0
US-2017-100930,2017-Q2,South,Technology,3,205.99,617.98,437.99,187.71,-7.72
CA-2017-160514,2017-Q4,West,Office Supplies,2,5.28,10.56,4.07,1.74,4.75
CA-2016-157749,2016-Q2,Central,Office Supplies,5,5.18,25.92,11.56,4.96,9.4
CA-2016-157749,2016-Q2,Central,Furniture,5,83.94,419.68,543.49,232.92,-356.73
CA-2016-157749,2016-Q2,Central,Furniture,3,3.9,11.69,11.46,4.91,-4.68
CA-2016-157749,2016-Q2,Central,Technology,2,15.99,31.98,14.55,6.24,11.19
CA-2016-157749,2016-Q2,Central,Furniture,5,35.44,177.22,208.41,89.32,-120.51
CA-2016-157749,2016-Q2,Central,Furniture,3,1.35,4.04,4.81,2.06,-2.83
CA-2016-157749,2016-Q2,Central,Office Supplies,2,3.7,7.41,4.35,1.86,1.2
CA-2014-131926,2014-Q2,Central,Furniture,7,285.98,2001.86,994.92,426.4,580.54
CA-2014-131926,2014-Q2,Central,Office Supplies,2,83.36,166.72,87.53,37.51,41.68
CA-2014-131926,2014-Q2,Central,Office Supplies,6,7.98,47.88,16.76,7.18,23.94
CA-2014-131926,2014-Q2,Central,Office Supplies,5,300.65,1503.25,705.03,302.15,496.07
CA-2014-131926,2014-Q2,Central,Office Supplies,4,6.48,25.92,9.44,4.04,12.44
CA-2016-154739,2016-Q4,West,Furniture,2,160.78,321.57,205.4,88.03,28.14
CA-2016-145625,2016-Q3,West,Office Supplies,1,7.61,7.61,2.82,1.21,3.58
CA-2016-145625,2016-Q3,West,Technology,13,257.49,3347.37,1897.96,813.41,636.0
CA-2016-146941,2016-Q4,East,Office Supplies,6,13.43,80.58,40.61,17.41,22.56
CA-2016-146941,2016-Q4,East,Office Supplies,4,90.48,361.92,139.34,59.72,162.86
US-2015-159982,2015-Q4,Central,Furniture,9,1.35,12.13,14.43,6.19,-8.49
US-2015-159982,2015-Q4,Central,Office Supplies,2,41.18,82.37,71.35,30.58,-19.56
US-2015-159982,2015-Q4,Central,Office Supplies,5,10.78,53.92,34.92,14.96,4.04
US-2015-159982,2015-Q4,Central,Technology,6,107.98,647.9,413.85,177.36,56.69
CA-2017-163139,2017-Q4,East,Technology,3,6.79,20.37,9.41,4.03,6.93
CA-2017-163139,2017-Q4,East,Office Supplies,3,73.85,221.55,150.43,64.47,6.65
CA-2017-163139,2017-Q4,East,Office Supplies,5,3.5,17.52,7.97,3.42,6.13
US-2017-155299,2017-Q2,Central,Office Supplies,2,0.81,1.62,4.26,1.83,-4.47
US-2014-106992,2014-Q3,Central,Technology,3,1019.99,3059.98,2498.99,1070.99,-510.0
US-2014-106992,2014-Q3,Central,Technology,7,359.99,2519.96,1940.37,831.59,-252.0
CA-2016-125318,2016-Q2,Central,Technology,4,82.06,328.22,209.65,89.85,28.72
CA-2015-155040,2015-Q4,West,Technology,2,39.95,79.9,31.32,13.42,35.16
CA-2017-136826,2017-Q2,South,Office Supplies,3,4.67,14.02,6.5,2.79,4.73
CA-2016-111010,2016-Q1,East,Office Supplies,6,1.26,7.56,5.08,2.18,0.3
US-2017-145366,2017-Q4,East,Office Supplies,1,37.21,37.21,31.25,13.4,-7.44
US-2017-145366,2017-Q4,East,Office Supplies,3,19.19,57.58,25.19,10.8,21.59
CA-2017-163979,2017-Q4,West,Office Supplies,4,181.46,725.84,360.75,154.6,210.49
CA-2015-155334,2015-Q3,West,Technology,7,29.99,209.93,82.29,35.27,92.37
CA-2015-155334,2015-Q3,West,Furniture,3,1.76,5.28,2.07,0.89,2.32
CA-2015-155334,2015-Q3,West,Office Supplies,3,3.64,10.92,4.77,2.05,4.1
CA-2017-118136,2017-Q3,West,Office Supplies,2,4.41,8.82,3.33,1.43,4.06
CA-2017-118136,2017-Q3,West,Office Supplies,1,5.98,5.98,3.1,1.33,1.55
CA-2017-132976,2017-Q4,East,Office Supplies,2,5.82,11.65,5.3,2.27,4.08
CA-2017-132976,2017-Q4,East,Office Supplies,4,4.54,18.18,8.59,3.68,5.91
CA-2017-132976,2017-Q4,East,Office Supplies,6,9.95,59.71,37.62,16.12,5.97
CA-2017-132976,2017-Q4,East,Office Supplies,3,8.28,24.84,11.3,4.85,8.69
US-2015-161991,2015-Q3,Central,Office Supplies,5,0.42,2.08,3.86,1.65,-3.43
US-2015-161991,2015-Q3,Central,Technology,7,159.2,1114.4,516.8,221.49,376.11
CA-2015-130890,2015-Q4,West,Furniture,5,207.77,1038.84,690.83,296.07,51.94
CA-2015-130883,2015-Q3,West,Office Supplies,5,28.35,141.76,65.74,28.18,47.84
CA-2015-130883,2015-Q3,West,Technology,5,47.96,239.8,134.29,57.55,47.96
CA-2015-130883,2015-Q3,West,Office Supplies,6,5.18,31.1,14.15,6.06,10.89
CA-2016-112697,2016-Q4,South,Office Supplies,7,36.29,254.06,296.4,127.03,-169.37
CA-2016-112697,2016-Q4,South,Office Supplies,2,97.26,194.53,119.15,51.06,24.32
CA-2016-112697,2016-Q4,South,Office Supplies,5,192.3,961.48,816.05,349.74,-204.31
CA-2016-110772,2016-Q4,East,Office Supplies,7,2.73,19.1,8.69,3.73,6.68
CA-2016-110772,2016-Q4,East,Office Supplies,8,2.31,18.5,8.58,3.68,6.24
CA-2016-110772,2016-Q4,East,Technology,2,127.99,255.98,141.11,60.47,54.4
CA-2016-110772,2016-Q4,East,Furniture,3,28.99,86.97,94.97,40.7,-48.7
CA-2014-111451,2014-Q4,West,Furniture,8,37.55,300.42,155.09,66.47,78.86
CA-2014-111451,2014-Q4,West,Furniture,3,76.78,230.35,147.13,63.06,20.16
CA-2014-111451,2014-Q4,West,Furniture,3,72.78,218.35,170.04,72.87,-24.56
CA-2014-111451,2014-Q4,West,Office Supplies,5,15.72,78.6,99.04,42.44,-62.88
CA-2014-111451,2014-Q4,West,Office Supplies,3,9.18,27.55,12.77,5.48,9.3
CA-2016-142545,2016-Q4,East,Office Supplies,5,6.48,32.4,11.79,5.06,15.55
CA-2016-142545,2016-Q4,East,Office Supplies,8,135.31,1082.48,750.16,321.5,10.82
CA-2016-142545,2016-Q4,East,Office Supplies,3,18.97,56.91,20.71,8.88,27.32
CA-2016-142545,2016-Q4,East,Furniture,4,19.4,77.6,27.71,11.87,38.02
CA-2016-142545,2016-Q4,East,Office Supplies,1,14.28,14.28,5.4,2.31,6.57
US-2017-152380,2017-Q4,Central,Furniture,3,73.03,219.08,245.36,105.16,-131.44
CA-2015-144253,2015-Q2,East,Furniture,2,13.4,26.8,9.76,4.18,12.86
CA-2014-130960,2014-Q4,Central,Office Supplies,3,3.28,9.84,4.89,2.1,2.85
CA-2014-111003,2014-Q2,East,Office Supplies,3,15.16,45.48,17.19,7.37,20.92
CA-2014-111003,2014-Q2,East,Office Supplies,6,48.2,289.2,143.73,61.6,83.87
CA-2017-126774,2017-Q2,South,Office Supplies,1,4.89,4.89,2.02,0.87,2.0
CA-2016-142902,2016-Q3,West,Furniture,4,3.78,15.14,8.09,3.46,3.59
CA-2016-142902,2016-Q3,West,Furniture,2,233.38,466.77,289.98,124.28,52.51
CA-2016-142902,2016-Q3,West,Furniture,1,15.23,15.23,9.46,4.06,1.71
CA-2016-142902,2016-Q3,West,Office Supplies,3,2.09,6.26,2.95,1.27,2.04
CA-2014-120887,2014-Q3,East,Furniture,3,29.18,87.54,34.93,14.97,37.64
CA-2014-167850,2014-Q3,South,Technology,2,89.19,178.38,109.26,46.82,22.3
CA-2014-167850,2014-Q3,South,Office Supplies,3,5.18,15.55,7.08,3.03,5.44
CA-2014-164259,2014-Q4,East,Office Supplies,4,24.78,99.14,63.33,27.14,8.67
CA-2014-164973,2014-Q4,East,Furniture,1,135.88,135.88,78.2,33.52,24.16
CA-2014-164973,2014-Q4,East,Technology,2,1995.99,3991.98,1397.19,598.8,1995.99
CA-2014-164973,2014-Q4,East,Technology,6,45.99,275.94,137.14,58.78,80.02
CA-2014-164973,2014-Q4,East,Technology,4,90.0,360.0,161.28,69.12,129.6
CA-2014-164973,2014-Q4,East,Office Supplies,1,43.57,43.57,21.35,9.15,13.07
CA-2014-156601,2014-Q3,West,Office Supplies,2,3.58,7.16,2.51,1.07,3.58
CA-2016-162138,2016-Q2,West,Office Supplies,6,41.92,251.52,118.85,50.93,81.74
CA-2016-162138,2016-Q2,West,Technology,1,99.99,99.99,45.49,19.5,35.0
CA-2017-153339,2017-Q4,South,Furniture,1,15.99,15.99,10.49,4.5,1.0
US-2016-141544,2016-Q3,East,Technology,3,96.97,290.9,251.15,107.63,-67.88
US-2016-141544,2016-Q3,East,Office Supplies,2,27.11,54.22,35.58,15.25,3.39
US-2016-141544,2016-Q3,East,Furniture,4,196.68,786.74,731.67,313.57,-258.5
US-2016-141544,2016-Q3,East,Office Supplies,10,10.02,100.24,46.49,19.92,33.83
US-2016-141544,2016-Q3,East,Office Supplies,6,6.29,37.76,45.81,19.64,-27.69
US-2016-150147,2016-Q2,East,Technology,2,41.4,82.8,72.45,31.05,-20.7
US-2016-150147,2016-Q2,East,Office Supplies,2,10.36,20.72,24.18,10.36,-13.82
US-2016-150147,2016-Q2,East,Office Supplies,3,1.63,4.9,5.83,2.5,-3.43
CA-2015-137946,2015-Q3,West,Office Supplies,1,4.75,4.75,2.2,0.95,1.6
CA-2015-137946,2015-Q3,West,Technology,2,479.99,959.98,436.79,187.2,335.99
CA-2015-137946,2015-Q3,West,Office Supplies,4,3.59,14.37,6.92,2.96,4.49
CA-2014-129924,2014-Q3,West,Office Supplies,2,3.86,7.71,3.44,1.47,2.8
CA-2014-129924,2014-Q3,West,Furniture,3,232.78,698.35,501.07,214.74,-17.46
CA-2015-128167,2015-Q2,West,Office Supplies,4,1.24,4.96,1.84,0.79,2.33
CA-2014-122336,2014-Q2,East,Office Supplies,4,4.46,17.86,11.72,5.02,1.12
CA-2014-122336,2014-Q2,East,Office Supplies,10,51.0,509.97,642.56,275.39,-407.98
CA-2014-122336,2014-Q2,East,Office Supplies,13,2.38,30.99,14.64,6.28,10.07
CA-2014-122336,2014-Q2,East,Technology,12,5.99,71.93,44.48,19.06,8.39
US-2015-120712,2015-Q4,Central,Office Supplies,4,22.2,88.8,63.71,27.31,-2.22
CA-2017-169901,2017-Q2,West,Technology,3,15.99,47.98,30.23,12.95,4.8
CA-2017-134306,2017-Q3,East,Office Supplies,3,2.52,7.56,3.12,1.34,3.1
CA-2017-134306,2017-Q3,East,Office Supplies,2,12.28,24.56,9.11,3.91,11.54
CA-2017-134306,2017-Q3,East,Office Supplies,2,6.48,12.96,6.17,2.64,4.15
CA-2016-129714,2016-Q3,East,Technology,1,6.79,6.79,3.14,1.34,2.31
CA-2016-129714,2016-Q3,East,Office Supplies,2,12.28,24.56,9.11,3.91,11.54
CA-2016-129714,2016-Q3,East,Office Supplies,1,3.05,3.05,1.39,0.59,1.07
CA-2016-129714,2016-Q3,East,Office Supplies,4,12.28,49.12,18.22,7.81,23.09
CA-2016-129714,2016-Q3,East,Office Supplies,4,1088.79,4355.17,2057.82,881.92,1415.43
CA-2016-138520,2016-Q2,East,Furniture,6,64.78,388.7,275.49,118.07,-4.86
CA-2016-138520,2016-Q2,East,Office Supplies,2,4.13,8.26,3.12,1.34,3.8
CA-2016-138520,2016-Q2,East,Office Supplies,4,4.26,17.04,7.03,3.02,6.99
CA-2016-138520,2016-Q2,East,Office Supplies,5,6.88,34.4,13.01,5.57,15.82
CA-2016-130001,2016-Q2,South,Office Supplies,5,7.25,36.24,17.44,7.48,11.32
CA-2017-155698,2017-Q1,South,Office Supplies,8,80.98,647.84,335.58,143.82,168.44
CA-2017-155698,2017-Q1,South,Office Supplies,2,10.35,20.7,7.53,3.23,9.94
CA-2017-144904,2017-Q3,East,Office Supplies,2,10.35,20.7,7.53,3.23,9.94
CA-2017-144904,2017-Q3,East,Furniture,3,162.88,488.65,281.25,120.53,86.87
CA-2017-144904,2017-Q3,East,Office Supplies,2,2.78,5.56,2.88,1.23,1.45
CA-2017-144904,2017-Q3,East,Furniture,8,5.89,47.12,18.47,7.92,20.73
CA-2014-123344,2014-Q3,West,Office Supplies,4,52.99,211.96,142.44,61.04,8.48
CA-2016-155516,2016-Q4,East,Office Supplies,4,5.8,23.2,8.93,3.83,10.44
CA-2016-155516,2016-Q4,East,Office Supplies,2,3.68,7.36,5.05,2.16,0.15
CA-2016-155516,2016-Q4,East,Office Supplies,7,14.97,104.79,52.81,22.64,29.34
CA-2016-155516,2016-Q4,East,Furniture,4,260.98,1043.92,540.75,231.75,271.42
CA-2017-104745,2017-Q2,Central,Office Supplies,5,5.18,25.92,11.56,4.96,9.4
CA-2017-104745,2017-Q2,Central,Office Supplies,3,17.81,53.42,34.12,14.63,4.67
US-2014-119137,2014-Q3,West,Office Supplies,5,1.63,8.16,9.71,4.16,-5.71
US-2014-119137,2014-Q3,West,Technology,8,127.99,1023.94,591.32,253.43,179.19
US-2014-119137,2014-Q3,West,Office Supplies,1,9.24,9.24,5.82,2.5,0.92
US-2014-119137,2014-Q3,West,Technology,10,47.9,479.04,356.29,152.69,-29.94
US-2016-134656,2016-Q3,Central,Office Supplies,4,24.78,99.14,47.71,20.45,30.98
US-2017-134481,2017-Q3,East,Furniture,7,212.63,1488.42,1250.27,535.83,-297.68
CA-2015-130792,2015-Q2,Central,Office Supplies,3,2.88,8.65,20.29,8.69,-20.33
CA-2015-130792,2015-Q2,Central,Office Supplies,3,7.94,23.83,14.8,6.35,2.68
CA-2015-130792,2015-Q2,Central,Office Supplies,4,3.04,12.18,21.73,9.32,-18.87
CA-2016-134775,2016-Q4,West,Office Supplies,7,7.28,50.96,17.84,7.64,25.48
CA-2016-134775,2016-Q4,West,Office Supplies,3,16.51,49.54,22.54,9.66,17.34
CA-2015-125395,2015-Q2,Central,Technology,2,20.95,41.9,23.17,9.93,8.8
US-2015-168935,2015-Q4,South,Furniture,3,125.15,375.46,372.73,159.74,-157.01
US-2015-168935,2015-Q4,South,Technology,3,27.99,83.98,59.52,25.51,-1.05
CA-2015-122756,2015-Q4,East,Technology,4,120.58,482.34,573.99,245.99,-337.64
CA-2015-122756,2015-Q4,East,Furniture,1,2.96,2.96,1.53,0.65,0.78
CA-2014-115973,2014-Q4,East,Office Supplies,1,2.62,2.62,1.53,0.66,0.43
CA-2017-101798,2017-Q4,East,Office Supplies,4,5.84,23.36,10.84,4.64,7.88
CA-2017-101798,2017-Q4,East,Technology,2,19.99,39.98,18.47,7.92,13.59
US-2014-135972,2014-Q3,West,Technology,2,123.19,246.38,153.06,65.6,27.72
US-2014-135972,2014-Q3,West,Technology,3,599.99,1799.97,768.59,329.39,701.99
US-2014-134971,2014-Q2,Central,Office Supplies,3,4.15,12.46,23.11,9.91,-20.56
CA-2017-102946,2017-Q2,West,Office Supplies,3,25.26,75.79,35.15,15.06,25.58
CA-2017-165603,2017-Q4,East,Office Supplies,2,24.98,49.96,28.33,12.14,9.49
CA-2017-165603,2017-Q4,East,Office Supplies,2,6.48,12.96,4.72,2.02,6.22
CA-2015-122259,2015-Q4,Central,Office Supplies,4,17.53,70.12,34.36,14.72,21.04
CA-2016-108987,2016-Q3,Central,Office Supplies,3,11.98,35.95,22.64,9.71,3.6
CA-2016-108987,2016-Q3,Central,Furniture,4,599.07,2396.27,1899.39,814.03,-317.15
CA-2016-108987,2016-Q3,Central,Office Supplies,4,32.78,131.14,114.74,49.18,-32.78
CA-2016-108987,2016-Q3,Central,Technology,2,28.79,57.58,39.8,17.06,0.72
CA-2014-113166,2014-Q4,South,Office Supplies,2,4.78,9.57,4.27,1.83,3.47
CA-2014-155208,2014-Q2,South,Office Supplies,6,6.51,39.07,20.51,8.79,9.77
CA-2017-117933,2017-Q4,East,Office Supplies,3,11.97,35.91,18.35,7.86,9.7
CA-2017-117457,2017-Q4,West,Technology,5,35.99,179.95,99.51,42.65,37.79
CA-2017-117457,2017-Q4,West,Technology,3,399.99,1199.98,535.49,229.5,434.99
CA-2017-117457,2017-Q4,West,Office Supplies,5,5.43,27.15,9.69,4.16,13.3
CA-2017-117457,2017-Q4,West,Furniture,7,143.43,1004.02,781.88,335.09,-112.95
CA-2017-117457,2017-Q4,West,Office Supplies,1,9.68,9.68,3.52,1.51,4.65
CA-2017-117457,2017-Q4,West,Office Supplies,9,3.15,28.35,10.32,4.42,13.61
CA-2017-117457,2017-Q4,West,Office Supplies,1,55.98,55.98,19.98,8.57,27.43
CA-2017-117457,2017-Q4,West,Furniture,13,102.83,1336.83,913.77,391.61,31.45
CA-2017-117457,2017-Q4,West,Furniture,2,56.78,113.57,92.41,39.61,-18.45
CA-2017-142636,2017-Q4,West,Office Supplies,7,19.98,139.86,51.89,22.24,65.73
CA-2017-142636,2017-Q4,West,Furniture,4,76.78,307.14,196.19,84.08,26.87
CA-2017-122105,2017-Q2,West,Office Supplies,8,11.99,95.92,49.01,21.01,25.9
CA-2016-148796,2016-Q2,West,Furniture,5,76.76,383.8,241.79,103.63,38.38
CA-2017-154816,2017-Q4,South,Office Supplies,1,5.78,5.78,2.06,0.89,2.83
CA-2017-110478,2017-Q1,West,Office Supplies,4,2.33,9.32,4.63,1.99,2.7
CA-2017-110478,2017-Q1,West,Office Supplies,1,15.25,15.25,5.76,2.47,7.02
CA-2014-142048,2014-Q2,West,Technology,6,32.79,196.75,98.13,42.05,56.57
CA-2017-125388,2017-Q4,East,Furniture,4,14.14,56.56,29.29,12.56,14.71
CA-2017-125388,2017-Q4,East,Office Supplies,3,10.9,32.7,16.94,7.26,8.5
CA-2017-155705,2017-Q3,South,Furniture,4,216.6,866.4,448.8,192.34,225.26
CA-2017-149160,2017-Q4,Central,Furniture,2,14.2,28.4,12.12,5.2,11.08
CA-2017-149160,2017-Q4,Central,Office Supplies,8,35.99,287.92,104.8,44.92,138.2
CA-2014-101476,2014-Q3,East,Technology,1,69.99,69.99,27.92,11.97,30.1
CA-2017-152275,2017-Q4,Central,Office Supplies,6,1.11,6.67,4.32,1.85,0.5
US-2016-123750,2016-Q2,South,Office Supplies,2,94.8,189.59,234.46,100.48,-145.35
US-2016-123750,2016-Q2,South,Technology,7,58.39,408.74,232.47,99.63,76.64
US-2016-123750,2016-Q2,South,Technology,5,58.39,291.96,166.05,71.17,54.74
US-2016-123750,2016-Q2,South,Office Supplies,2,2.38,4.77,3.88,1.66,-0.77
CA-2016-127369,2016-Q2,East,Office Supplies,5,142.86,714.3,355.0,152.15,207.15
US-2014-150574,2014-Q4,South,Office Supplies,2,2.4,4.81,5.95,2.55,-3.69
US-2014-150574,2014-Q4,South,Technology,5,49.56,247.8,186.47,79.91,-18.58
CA-2016-147375,2016-Q2,Central,Technology,3,335.99,1007.98,675.35,289.43,43.2
CA-2016-147375,2016-Q2,Central,Office Supplies,7,44.78,313.49,139.9,59.95,113.64
CA-2017-130043,2017-Q3,Central,Office Supplies,8,3.98,31.87,14.22,6.1,11.55
CA-2017-157252,2017-Q1,East,Furniture,3,69.28,207.85,143.88,61.66,2.31
CA-2016-115756,2016-Q3,Central,Furniture,1,12.22,12.22,5.99,2.56,3.67
CA-2016-115756,2016-Q3,Central,Office Supplies,3,64.98,194.94,120.08,51.47,23.39
CA-2016-115756,2016-Q3,Central,Office Supplies,3,23.65,70.95,35.26,15.11,20.58
CA-2016-115756,2016-Q3,Central,Office Supplies,4,22.84,91.36,34.53,14.8,42.03
CA-2016-115756,2016-Q3,Central,Furniture,3,80.98,242.94,149.65,64.14,29.15
CA-2016-115756,2016-Q3,Central,Office Supplies,7,3.15,22.05,8.03,3.44,10.58
CA-2017-154214,2017-Q1,Central,Furniture,1,2.91,2.91,1.08,0.46,1.37
CA-2016-166674,2016-Q2,East,Office Supplies,3,19.84,59.52,30.83,13.21,15.48
CA-2016-166674,2016-Q2,East,Office Supplies,3,53.98,161.94,106.55,45.67,9.72
CA-2016-166674,2016-Q2,East,Office Supplies,6,43.98,263.88,134.84,57.79,71.25
CA-2016-166674,2016-Q2,East,Office Supplies,3,10.16,30.48,15.79,6.77,7.92
CA-2016-166674,2016-Q2,East,Office Supplies,3,3.28,9.84,4.89,2.1,2.85
CA-2016-166674,2016-Q2,East,Technology,4,8.78,35.12,18.19,7.8,9.13
CA-2017-147277,2017-Q4,East,Furniture,2,142.18,284.36,252.13,108.06,-75.83
CA-2017-147277,2017-Q4,East,Office Supplies,2,332.7,665.41,419.21,179.66,66.54
CA-2016-100153,2016-Q4,Central,Technology,4,15.97,63.88,27.28,11.69,24.91
US-2014-110674,2014-Q1,West,Furniture,2,64.78,129.57,107.7,46.16,-24.29
US-2016-157945,2016-Q3,Central,Furniture,3,249.19,747.56,590.57,253.1,-96.11
US-2016-157945,2016-Q3,Central,Office Supplies,2,4.46,8.93,3.91,1.67,3.35
CA-2015-109638,2015-Q4,West,Office Supplies,4,25.98,103.92,47.29,20.26,36.37
CA-2015-109638,2015-Q4,West,Technology,9,99.99,899.91,365.37,156.58,377.96
CA-2015-109638,2015-Q4,West,Office Supplies,3,17.1,51.31,22.9,9.81,18.6
CA-2016-109869,2016-Q2,West,Furniture,5,4.71,23.56,11.54,4.95,7.07
CA-2016-109869,2016-Q2,West,Furniture,6,212.1,1272.63,1460.98,626.13,-814.48
CA-2016-109869,2016-Q2,West,Office Supplies,5,5.7,28.48,34.56,14.81,-20.89
CA-2016-109869,2016-Q2,West,Office Supplies,2,92.69,185.38,154.1,66.04,-34.76
CA-2016-109869,2016-Q2,West,Office Supplies,2,39.14,78.27,50.68,21.72,5.87
US-2015-101399,2015-Q1,Central,Furniture,7,36.39,254.74,396.76,170.04,-312.06
CA-2017-154907,2017-Q1,Central,Furniture,2,102.66,205.33,169.1,72.47,-36.24
US-2016-100419,2016-Q4,Central,Office Supplies,3,1.6,4.79,8.88,3.81,-7.9
CA-2015-154144,2015-Q4,East,Office Supplies,1,55.48,55.48,20.19,8.66,26.63
CA-2014-144666,2014-Q4,West,Office Supplies,3,113.64,340.92,236.26,101.25,3.41
CA-2014-144666,2014-Q4,West,Furniture,2,111.34,222.67,148.53,63.66,10.48
CA-2014-144666,2014-Q4,West,Technology,4,175.99,703.97,431.18,184.79,88.0
CA-2014-144666,2014-Q4,West,Office Supplies,6,15.42,92.52,47.28,20.26,24.98
CA-2014-144666,2014-Q4,West,Office Supplies,7,8.95,62.65,23.68,10.15,28.82
CA-2014-144666,2014-Q4,West,Office Supplies,5,18.97,94.85,34.52,14.8,45.53
CA-2016-103891,2016-Q3,West,Technology,6,15.96,95.76,62.01,26.57,7.18
CA-2016-152632,2016-Q4,East,Furniture,3,13.4,40.2,14.63,6.27,19.3
CA-2016-100790,2016-Q2,East,Office Supplies,5,2.94,14.7,5.66,2.42,6.62
CA-2016-100790,2016-Q2,East,Office Supplies,5,140.85,704.25,433.82,185.92,84.51
CA-2014-134677,2014-Q4,West,Technology,3,3.03,9.09,5.03,2.15,1.91
CA-2014-127691,2014-Q3,East,Office Supplies,2,2.98,5.96,3.0,1.29,1.67
CA-2014-127691,2014-Q3,East,Technology,2,79.99,159.98,71.67,30.72,57.59
CA-2017-140963,2017-Q2,West,Office Supplies,2,14.8,29.6,10.36,4.44,14.8
CA-2017-140963,2017-Q2,West,Furniture,5,102.83,514.16,381.08,163.32,-30.24
CA-2017-140963,2017-Q2,West,Technology,5,55.99,279.96,183.72,78.74,17.5
CA-2014-154627,2014-Q4,Central,Technology,6,455.99,2735.95,1675.77,718.19,341.99
CA-2014-133753,2014-Q2,Central,Technology,1,7.99,7.99,5.17,2.22,0.6
CA-2014-133753,2014-Q2,Central,Technology,2,31.99,63.98,37.51,16.07,10.4
CA-2014-133753,2014-Q2,Central,Office Supplies,2,35.18,70.37,44.95,19.26,6.16
CA-2014-113362,2014-Q3,East,Office Supplies,5,89.83,449.15,308.12,132.05,8.98
CA-2014-113362,2014-Q3,East,Office Supplies,3,3.69,11.07,4.19,1.79,5.09
CA-2016-169166,2016-Q2,West,Technology,2,46.99,93.98,56.57,24.25,13.16
US-2016-120929,2016-Q1,South,Furniture,3,63.29,189.88,199.37,85.45,-94.94
CA-2015-134782,2015-Q4,South,Office Supplies,2,52.71,105.42,37.63,16.13,51.66
CA-2016-126158,2016-Q3,West,Office Supplies,8,14.95,119.62,55.47,23.78,40.37
CA-2016-126158,2016-Q3,West,Furniture,4,63.94,255.76,121.74,52.18,81.84
CA-2016-126158,2016-Q3,West,Furniture,2,120.78,241.57,156.41,67.04,18.12
CA-2016-126158,2016-Q3,West,Furniture,9,7.7,69.3,32.5,13.93,22.87
US-2016-105578,2016-Q2,West,Office Supplies,2,11.31,22.62,26.39,11.31,-15.08
US-2016-105578,2016-Q2,West,Office Supplies,2,7.48,14.95,18.84,8.07,-11.96
US-2016-105578,2016-Q2,West,Furniture,2,400.78,801.57,526.03,225.44,50.1
US-2016-105578,2016-Q2,West,Office Supplies,3,0.79,2.38,3.0,1.28,-1.9
US-2016-105578,2016-Q2,West,Office Supplies,1,32.79,32.79,14.63,6.27,11.89
CA-2017-134978,2017-Q4,East,Office Supplies,5,3.18,15.92,7.38,3.17,5.37
CA-2015-145352,2015-Q1,South,Office Supplies,1,2.74,2.74,1.4,0.6,0.74
CA-2015-145352,2015-Q1,South,Office Supplies,3,2.78,8.34,4.32,1.85,2.17
CA-2015-145352,2015-Q1,South,Office Supplies,3,15.58,46.74,24.54,10.52,11.68
CA-2015-145352,2015-Q1,South,Office Supplies,5,1270.99,6354.95,2224.23,953.24,3177.48
CA-2017-135307,2017-Q4,Central,Furniture,3,42.1,126.3,60.12,25.76,40.42
CA-2017-135307,2017-Q4,Central,Technology,2,19.02,38.04,18.11,7.76,12.17
CA-2016-106341,2016-Q4,East,Office Supplies,3,2.38,7.15,4.5,1.93,0.72
CA-2017-163405,2017-Q4,West,Office Supplies,3,2.21,6.63,3.39,1.45,1.79
CA-2017-163405,2017-Q4,West,Office Supplies,2,2.94,5.88,2.92,1.25,1.71
CA-2017-127432,2017-Q1,West,Technology,5,599.99,2999.95,1133.98,485.99,1379.98
CA-2017-127432,2017-Q1,West,Office Supplies,3,17.15,51.45,26.29,11.27,13.89
CA-2017-127432,2017-Q1,West,Office Supplies,2,5.98,11.96,4.61,1.97,5.38
CA-2017-127432,2017-Q1,West,Office Supplies,3,375.34,1126.02,748.8,320.92,56.3
CA-2015-157812,2015-Q1,Central,Technology,1,18.39,18.39,9.17,3.93,5.29
CA-2015-157812,2015-Q1,Central,Office Supplies,2,64.78,129.57,108.84,46.64,-25.91
CA-2015-157812,2015-Q1,Central,Office Supplies,9,1.57,14.11,24.7,10.58,-21.17
CA-2017-145142,2017-Q1,Central,Furniture,2,105.49,210.98,132.92,56.96,21.1
US-2016-139486,2016-Q2,West,Technology,3,18.39,55.18,47.31,20.28,-12.41
US-2016-139486,2016-Q2,West,Technology,2,33.13,66.26,27.36,11.73,27.17
CA-2015-158792,2015-Q4,East,Office Supplies,5,4.44,22.2,8.24,3.53,10.43
CA-2017-113558,2017-Q4,South,Furniture,3,227.98,683.95,448.84,192.36,42.75
CA-2017-113558,2017-Q4,South,Furniture,3,15.23,45.7,28.39,12.17,5.14
US-2015-138303,2015-Q3,East,Office Supplies,3,12.11,36.34,30.53,13.08,-7.27
US-2015-138303,2015-Q3,East,Office Supplies,1,666.25,666.25,571.31,244.85,-149.91
US-2015-138303,2015-Q3,East,Office Supplies,6,8.75,52.51,22.97,9.85,19.69
CA-2015-102848,2015-Q4,West,Furniture,1,190.72,190.72,125.16,53.64,11.92
US-2017-129441,2017-Q3,West,Furniture,3,15.98,47.94,31.88,13.66,2.4
CA-2016-168753,2016-Q2,South,Technology,5,195.99,979.95,493.89,211.67,274.39
CA-2016-168753,2016-Q2,South,Office Supplies,5,4.55,22.75,7.96,3.41,11.38
CA-2016-126613,2016-Q3,West,Office Supplies,2,8.38,16.77,10.71,4.59,1.47
US-2017-122637,2017-Q3,Central,Office Supplies,7,6.09,42.62,77.57,33.24,-68.19
CA-2015-147851,2015-Q4,East,Office Supplies,4,2.69,10.75,5.17,2.22,3.36
CA-2015-134894,2015-Q4,South,Office Supplies,3,50.98,152.94,78.16,33.49,41.29
CA-2015-134894,2015-Q4,South,Furniture,4,70.98,283.92,149.06,63.88,70.98
CA-2014-140795,2014-Q1,Central,Technology,6,78.15,468.9,183.81,78.77,206.32
CA-2016-136924,2016-Q3,West,Technology,8,47.61,380.86,239.94,102.83,38.09
US-2015-120161,2015-Q4,East,Office Supplies,9,71.86,646.78,554.61,237.69,-145.52
CA-2014-103849,2014-Q2,Central,Technology,2,29.06,58.11,35.59,15.26,7.26
CA-2014-103849,2014-Q2,Central,Technology,1,100.79,100.79,66.14,28.35,6.3
CA-2014-103849,2014-Q2,Central,Furniture,4,16.53,66.11,105.28,45.12,-84.29
CA-2017-162929,2017-Q4,East,Office Supplies,6,6.88,41.28,19.14,8.21,13.93
CA-2017-162929,2017-Q4,East,Office Supplies,2,6.68,13.36,4.86,2.09,6.41
CA-2015-113173,2015-Q4,Central,Office Supplies,9,27.81,250.27,164.24,70.39,15.64
CA-2015-113173,2015-Q4,Central,Office Supplies,3,3.79,11.36,19.89,8.52,-17.05
CA-2015-113173,2015-Q4,Central,Office Supplies,5,1.74,8.72,7.32,3.14,-1.74
CA-2016-136406,2016-Q2,West,Furniture,2,560.78,1121.57,785.1,336.47,0.0
CA-2017-112774,2017-Q3,South,Furniture,1,34.5,34.5,19.92,8.54,6.04
CA-2017-101945,2017-Q4,Central,Office Supplies,3,3.61,10.82,5.77,2.48,2.57
CA-2017-100650,2017-Q2,West,Office Supplies,2,647.89,1295.78,689.35,295.44,310.99
CA-2014-155852,2014-Q1,South,Office Supplies,4,4.86,19.46,11.24,4.82,3.4
CA-2016-113243,2016-Q2,West,Office Supplies,2,10.35,20.7,7.53,3.23,9.94
CA-2016-113243,2016-Q2,West,Furniture,4,333.92,1335.68,1086.91,465.82,-217.05
CA-2016-113243,2016-Q2,West,Office Supplies,5,6.48,32.4,11.79,5.06,15.55
CA-2017-118731,2017-Q4,West,Furniture,3,14.2,42.6,18.19,7.8,16.61
CA-2017-118731,2017-Q4,West,Office Supplies,7,12.01,84.06,39.72,17.02,27.32
CA-2014-145576,2014-Q3,South,Office Supplies,5,2.6,13.0,8.19,3.51,1.3
CA-2014-145576,2014-Q3,South,Furniture,3,4.38,13.13,6.55,2.81,3.77
CA-2015-130736,2015-Q4,West,Office Supplies,2,1.98,3.96,2.77,1.19,0.0
CA-2015-130736,2015-Q4,West,Office Supplies,1,2.61,2.61,0.99,0.42,1.2
CA-2017-137099,2017-Q4,West,Technology,3,124.79,374.38,229.31,98.27,46.8
CA-2017-156951,2017-Q4,West,Office Supplies,8,11.48,91.84,32.79,14.05,45.0
CA-2017-156951,2017-Q4,West,Office Supplies,7,11.58,81.09,37.6,16.12,27.37
CA-2017-156951,2017-Q4,West,Office Supplies,3,6.48,19.44,7.08,3.03,9.33
CA-2017-156951,2017-Q4,West,Furniture,3,150.38,451.15,315.8,135.35,0.0
CA-2017-164826,2017-Q4,East,Office Supplies,7,10.35,72.45,26.37,11.3,34.78
CA-2017-164826,2017-Q4,East,Office Supplies,4,3.49,13.96,5.28,2.26,6.42
CA-2017-164826,2017-Q4,East,Office Supplies,7,4.75,33.26,15.42,6.61,11.23
CA-2017-164826,2017-Q4,East,Technology,3,4.95,14.85,7.59,3.25,4.01
CA-2016-127250,2016-Q4,West,Office Supplies,3,2.94,8.82,4.51,1.93,2.38
CA-2015-149713,2015-Q3,West,Office Supplies,14,11.48,160.72,57.38,24.59,78.75
CA-2015-149713,2015-Q3,West,Office Supplies,4,4.98,19.92,7.11,3.05,9.76
CA-2015-149713,2015-Q3,West,Office Supplies,2,3.65,7.3,3.58,1.53,2.19
CA-2017-118640,2017-Q3,Central,Office Supplies,2,34.85,69.71,42.7,18.3,8.71
CA-2017-118640,2017-Q3,Central,Furniture,1,8.79,8.79,10.15,4.35,-5.71
CA-2015-132906,2015-Q3,West,Office Supplies,4,12.88,51.52,34.98,14.99,1.55
CA-2017-145233,2017-Q4,West,Technology,3,156.79,470.38,292.22,125.24,52.92
CA-2017-145233,2017-Q4,West,Technology,2,52.79,105.58,67.44,28.9,9.24
CA-2017-145233,2017-Q4,West,Office Supplies,3,10.38,31.15,19.35,8.3,3.5
CA-2017-145233,2017-Q4,West,Office Supplies,7,0.97,6.78,8.07,3.46,-4.75
CA-2017-145233,2017-Q4,West,Technology,4,101.59,406.37,263.12,112.77,30.48
CA-2015-128139,2015-Q3,South,Furniture,1,70.98,70.98,46.21,19.8,4.97
CA-2015-128139,2015-Q3,South,Office Supplies,3,98.31,294.93,105.29,45.12,144.52
US-2016-156986,2016-Q1,West,Technology,2,42.39,84.78,73.44,31.48,-20.14
US-2016-156986,2016-Q1,West,Office Supplies,4,5.18,20.74,9.44,4.04,7.26
US-2016-156986,2016-Q1,West,Office Supplies,3,5.61,16.82,20.8,8.92,-12.9
US-2016-156986,2016-Q1,West,Office Supplies,2,5.18,10.37,4.72,2.02,3.63
CA-2014-135405,2014-Q1,Central,Office Supplies,2,4.67,9.34,5.72,2.45,1.17
CA-2014-135405,2014-Q1,Central,Technology,3,10.4,31.2,15.01,6.44,9.75
CA-2014-131450,2014-Q3,West,Office Supplies,2,38.06,76.12,37.84,16.21,22.07
CA-2014-131450,2014-Q3,West,Technology,3,399.99,1199.98,535.49,229.5,434.99
CA-2014-131450,2014-Q3,West,Technology,5,89.19,445.96,273.15,117.07,55.74
CA-2014-131450,2014-Q3,West,Furniture,8,40.97,327.76,165.19,70.8,91.77
CA-2016-120180,2016-Q3,East,Office Supplies,2,5.82,11.63,7.43,3.18,1.02
US-2016-100720,2016-Q3,East,Technology,3,47.99,143.98,120.95,51.83,-28.8
US-2016-100720,2016-Q3,East,Technology,4,123.6,494.38,426.81,182.92,-115.35
US-2016-100720,2016-Q3,East,Office Supplies,2,2.92,5.84,3.58,1.53,0.73
CA-2014-149958,2014-Q1,South,Office Supplies,1,142.78,142.78,87.45,37.48,17.85
CA-2014-149958,2014-Q1,South,Furniture,3,15.23,45.7,28.39,12.17,5.14
CA-2014-149958,2014-Q1,South,Office Supplies,3,2.41,7.22,8.92,3.83,-5.53
CA-2014-149958,2014-Q1,South,Office Supplies,4,10.8,43.19,52.4,22.46,-31.67
CA-2014-149958,2014-Q1,South,Office Supplies,3,43.97,131.9,58.86,25.22,47.82
US-2014-105767,2014-Q2,East,Office Supplies,2,1.64,3.28,4.14,1.77,-2.63
US-2014-105767,2014-Q2,East,Office Supplies,9,2.35,21.17,13.15,5.64,2.38
US-2014-105767,2014-Q2,East,Technology,2,27.6,55.19,45.72,19.59,-10.12
CA-2016-161816,2016-Q2,Central,Technology,3,123.19,369.58,229.6,98.4,41.58
CA-2016-161816,2016-Q2,Central,Office Supplies,4,3.93,15.71,7.01,3.0,5.7
CA-2016-121223,2016-Q3,East,Office Supplies,2,4.22,8.45,4.07,1.74,2.64
CA-2016-121223,2016-Q3,East,Technology,9,80.99,728.95,620.82,266.07,-157.94
CA-2017-138611,2017-Q4,East,Technology,10,11.99,119.94,72.77,31.18,15.99
CA-2017-138611,2017-Q4,East,Office Supplies,2,1.82,3.65,4.51,1.94,-2.8
CA-2017-117947,2017-Q3,East,Furniture,2,20.24,40.48,17.28,7.41,15.79
CA-2017-117947,2017-Q3,East,Furniture,2,4.97,9.94,4.8,2.06,3.08
CA-2017-117947,2017-Q3,East,Office Supplies,9,11.94,107.42,51.69,22.16,33.57
CA-2017-117947,2017-Q3,East,Technology,1,37.91,37.91,18.84,8.08,10.99
CA-2017-117947,2017-Q3,East,Furniture,3,29.34,88.02,42.51,18.22,27.29
US-2014-111171,2014-Q4,Central,Office Supplies,5,1.74,8.69,16.42,7.04,-14.77
CA-2015-138009,2015-Q4,Central,Furniture,2,150.98,301.96,150.07,64.32,87.57
CA-2015-138009,2015-Q4,Central,Office Supplies,5,111.04,555.21,263.42,112.89,178.9
CA-2015-138009,2015-Q4,Central,Office Supplies,4,130.87,523.48,274.83,117.78,130.87
CA-2015-138009,2015-Q4,Central,Office Supplies,9,17.98,161.82,80.42,34.47,46.93
CA-2017-163020,2017-Q3,East,Furniture,7,5.08,35.56,16.43,7.04,12.09
CA-2017-153787,2017-Q2,West,Office Supplies,2,48.58,97.16,48.29,20.69,28.18
CA-2017-133431,2017-Q4,West,Office Supplies,5,3.05,15.24,7.07,3.03,5.14
CA-2017-133431,2017-Q4,West,Office Supplies,3,4.41,13.23,5.0,2.14,6.09
US-2016-135720,2016-Q4,West,Office Supplies,3,81.13,243.38,206.57,88.53,-51.72
US-2016-135720,2016-Q4,West,Technology,5,23.96,119.8,62.89,26.96,29.95
US-2016-135720,2016-Q4,West,Technology,4,75.19,300.77,189.48,81.21,30.08
CA-2017-144694,2017-Q3,South,Technology,3,5.96,17.88,10.79,4.63,2.46
CA-2017-144694,2017-Q3,South,Office Supplies,3,78.65,235.94,105.29,45.12,85.53
CA-2015-168004,2015-Q4,South,Furniture,3,130.98,392.94,244.8,104.92,43.22
US-2016-123470,2016-Q3,West,Office Supplies,3,6.29,18.88,22.91,9.82,-13.85
US-2016-123470,2016-Q3,West,Office Supplies,3,40.78,122.33,77.07,33.03,12.23
CA-2016-115917,2016-Q2,West,Furniture,5,209.84,1049.2,543.49,232.92,272.79
CA-2016-115917,2016-Q2,West,Office Supplies,4,3.86,15.42,7.29,3.12,5.01
CA-2016-147067,2016-Q4,Central,Furniture,3,6.28,18.84,8.97,3.84,6.03
CA-2017-167913,2017-Q3,West,Office Supplies,2,165.2,330.4,171.15,73.35,85.9
CA-2017-167913,2017-Q3,West,Office Supplies,7,3.75,26.25,9.55,4.1,12.6
CA-2017-106103,2017-Q2,Central,Technology,4,33.13,132.52,54.73,23.46,54.33
US-2017-127719,2017-Q3,East,Office Supplies,1,6.48,6.48,2.31,0.99,3.18
CA-2017-126221,2017-Q4,Central,Office Supplies,2,104.65,209.3,106.95,45.84,56.51
CA-2016-103947,2016-Q2,West,Office Supplies,5,6.31,31.56,15.19,6.51,9.86
CA-2016-103947,2016-Q2,West,Office Supplies,2,15.07,30.14,18.99,8.14,3.01
CA-2016-160745,2016-Q4,West,Furniture,4,3.7,14.8,6.11,2.62,6.07
CA-2016-160745,2016-Q4,West,Technology,3,100.79,302.38,195.79,83.91,22.68
CA-2016-160745,2016-Q4,West,Technology,4,79.0,316.0,199.08,85.32,31.6
CA-2016-132661,2016-Q4,East,Office Supplies,10,37.94,379.4,140.76,60.32,178.32
CA-2017-140844,2017-Q2,East,Office Supplies,2,48.91,97.82,36.29,15.55,45.98
CA-2017-140844,2017-Q2,East,Technology,8,12.89,103.12,64.97,27.84,10.31
CA-2016-137239,2016-Q3,East,Office Supplies,2,56.78,113.55,73.52,31.51,8.52
CA-2016-137239,2016-Q3,East,Office Supplies,2,1.66,3.32,4.18,1.79,-2.65
CA-2016-137239,2016-Q3,East,Office Supplies,2,67.14,134.29,62.28,26.69,45.32
US-2016-156097,2016-Q3,Central,Furniture,2,350.68,701.37,526.03,225.44,-50.1
US-2016-156097,2016-Q3,Central,Office Supplies,2,1.16,2.31,4.04,1.73,-3.46
CA-2015-146563,2015-Q3,Central,Office Supplies,7,142.78,999.43,612.15,262.35,124.93
CA-2015-146563,2015-Q3,Central,Office Supplies,14,51.72,724.08,601.89,257.95,-135.76
CA-2015-146563,2015-Q3,Central,Furniture,5,183.76,918.78,725.84,311.07,-118.13
CA-2015-146563,2015-Q3,Central,Office Supplies,3,0.91,2.72,4.86,2.08,-4.22
CA-2016-123666,2016-Q1,East,Office Supplies,5,91.99,459.95,309.08,132.47,18.4
CA-2016-143308,2016-Q4,South,Office Supplies,3,3.58,10.74,3.84,1.64,5.26
CA-2017-132682,2017-Q2,Central,Office Supplies,3,7.92,23.76,15.18,6.5,2.08
CA-2017-132682,2017-Q2,Central,Office Supplies,3,28.35,85.06,39.45,16.9,28.71
CA-2017-132682,2017-Q2,Central,Technology,3,127.19,381.58,247.07,105.89,28.62
CA-2014-156314,2014-Q4,East,Furniture,5,6.07,30.36,15.14,6.49,8.73
US-2017-106663,2017-Q2,Central,Furniture,3,7.99,23.98,26.86,11.51,-14.39
US-2017-106663,2017-Q2,Central,Furniture,1,108.92,108.92,126.57,54.24,-71.89
US-2017-106663,2017-Q2,Central,Office Supplies,8,4.54,36.35,17.49,7.5,11.36
CA-2017-111178,2017-Q2,Central,Office Supplies,5,3.91,19.56,12.49,5.36,1.71
CA-2017-130351,2017-Q4,Central,Office Supplies,3,20.48,61.44,31.39,13.46,16.59
CA-2017-130351,2017-Q4,Central,Office Supplies,5,7.78,38.9,14.98,6.42,17.5
CA-2017-130351,2017-Q4,Central,Technology,3,33.13,99.39,41.05,17.59,40.75
US-2017-119438,2017-Q1,Central,Office Supplies,3,0.9,2.69,7.06,3.02,-7.39
US-2017-119438,2017-Q1,Central,Technology,3,9.27,27.82,16.31,6.99,4.52
US-2017-119438,2017-Q1,Central,Furniture,3,27.51,82.52,86.65,37.13,-41.26
US-2017-119438,2017-Q1,Central,Office Supplies,3,61.0,182.99,352.26,150.97,-320.24
CA-2016-164511,2016-Q4,East,Office Supplies,3,4.78,14.35,6.78,2.91,4.66
CA-2016-164511,2016-Q4,East,Office Supplies,2,32.48,64.96,43.65,18.71,2.6
CA-2016-164511,2016-Q4,East,Office Supplies,4,17.15,68.6,35.06,15.02,18.52
US-2017-168116,2017-Q4,South,Technology,4,2000.0,7999.98,8287.98,3551.99,-3839.99
US-2017-168116,2017-Q4,South,Office Supplies,2,83.72,167.44,106.95,45.84,14.65
CA-2014-157784,2014-Q3,South,Technology,3,159.99,479.97,221.75,95.03,163.19
CA-2014-157784,2014-Q3,South,Office Supplies,2,7.31,14.62,5.42,2.33,6.87
CA-2014-157784,2014-Q3,South,Office Supplies,3,6.48,19.44,7.08,3.03,9.33
CA-2017-161480,2017-Q4,East,Furniture,2,95.99,191.98,131.03,56.15,4.8
US-2014-117135,2014-Q2,South,Furniture,1,104.01,104.01,62.61,26.84,14.56
US-2014-117135,2014-Q2,South,Technology,1,284.82,284.82,147.54,63.23,74.05
US-2014-117135,2014-Q2,South,Office Supplies,3,12.28,36.84,18.56,7.96,10.32
CA-2015-131534,2015-Q1,West,Technology,1,166.24,166.24,98.91,42.39,24.94
CA-2015-131534,2015-Q1,West,Office Supplies,5,6.68,33.4,12.16,5.21,16.03
CA-2015-119291,2015-Q2,East,Office Supplies,8,24.78,198.27,126.64,54.28,17.35
CA-2015-119291,2015-Q2,East,Office Supplies,4,11.84,47.36,20.72,8.88,17.76
CA-2015-119291,2015-Q2,East,Office Supplies,7,28.71,200.98,96.72,41.45,62.81
CA-2015-119291,2015-Q2,East,Office Supplies,4,24.42,97.7,46.16,19.79,31.75
CA-2015-119291,2015-Q2,East,Office Supplies,1,2.7,2.7,1.32,0.57,0.81
CA-2015-119291,2015-Q2,East,Office Supplies,2,9.3,18.59,22.55,9.67,-13.63
CA-2015-119291,2015-Q2,East,Office Supplies,3,1.63,4.9,5.83,2.5,-3.43
CA-2017-114552,2017-Q3,East,Furniture,3,5.02,15.07,7.65,3.28,4.14
CA-2016-163755,2016-Q4,West,Furniture,3,69.96,209.88,121.94,52.26,35.68
CA-2015-142027,2015-Q2,West,Furniture,3,123.3,369.91,268.65,115.13,-13.87
CA-2014-138527,2014-Q3,South,Office Supplies,2,5.18,10.37,4.72,2.02,3.63
CA-2014-138527,2014-Q3,South,Office Supplies,5,33.37,166.84,103.65,44.42,18.77
CA-2014-138527,2014-Q3,South,Technology,1,15.22,15.22,9.06,3.88,2.28
CA-2014-112158,2014-Q4,East,Technology,4,29.99,119.96,47.03,20.15,52.78
CA-2014-112158,2014-Q4,East,Furniture,5,176.78,883.92,696.09,298.32,-110.49
CA-2014-112158,2014-Q4,East,Office Supplies,8,5.84,46.72,21.66,9.29,15.77
CA-2014-113887,2014-Q2,East,Office Supplies,1,55.48,55.48,20.19,8.66,26.63
CA-2017-146136,2017-Q3,South,Office Supplies,4,6.11,24.45,10.91,4.68,8.86
US-2017-100048,2017-Q2,East,Office Supplies,6,46.89,281.34,120.13,51.49,109.72
US-2017-100048,2017-Q2,East,Technology,2,153.99,307.98,153.07,65.6,89.31
US-2017-100048,2017-Q2,East,Technology,3,99.99,299.97,130.19,55.79,113.99
CA-2014-153150,2014-Q3,West,Office Supplies,5,3.98,19.92,9.07,3.88,6.97
CA-2014-130092,2014-Q1,East,Furniture,2,4.97,9.94,4.8,2.06,3.08
CA-2017-108910,2017-Q3,East,Furniture,3,34.35,103.06,55.01,23.57,24.48
CA-2014-104472,2014-Q2,West,Office Supplies,3,19.94,59.81,28.26,12.11,19.44
CA-2014-104472,2014-Q2,West,Furniture,6,12.22,73.32,35.92,15.4,22.0
CA-2016-112942,2016-Q1,West,Office Supplies,3,48.94,146.82,51.39,22.02,73.41
CA-2016-142335,2016-Q4,Central,Furniture,3,550.98,1652.94,995.07,426.46,231.41
CA-2016-142335,2016-Q4,Central,Office Supplies,3,98.79,296.37,151.44,64.91,80.02
CA-2014-117429,2014-Q4,East,Furniture,5,25.98,129.92,76.17,32.64,21.11
CA-2016-114713,2016-Q3,South,Office Supplies,7,6.51,45.58,28.31,12.14,5.13
CA-2017-144113,2017-Q3,Central,Office Supplies,2,8.78,17.57,7.84,3.36,6.37
CA-2017-144113,2017-Q3,Central,Technology,1,55.99,55.99,35.27,15.12,5.6
US-2016-150861,2016-Q4,East,Office Supplies,8,22.84,182.72,69.07,29.6,84.05
US-2016-150861,2016-Q4,East,Furniture,2,200.02,400.03,387.37,166.01,-153.35
US-2016-150861,2016-Q4,East,Office Supplies,3,11.21,33.63,16.48,7.06,10.09
US-2016-150861,2016-Q4,East,Furniture,3,180.88,542.65,308.1,132.05,102.5
US-2016-150861,2016-Q4,East,Office Supplies,2,3.15,6.3,2.3,0.98,3.02
CA-2017-131954,2017-Q1,West,Office Supplies,3,80.98,242.94,163.25,69.97,9.72
CA-2017-131954,2017-Q1,West,Technology,3,59.99,179.97,65.51,28.07,86.39
CA-2017-131954,2017-Q1,West,Office Supplies,6,16.62,99.7,46.24,19.81,33.65
CA-2017-131954,2017-Q1,West,Office Supplies,4,6.98,27.94,12.96,5.55,9.43
CA-2017-131954,2017-Q1,West,Furniture,1,84.98,84.98,46.4,19.88,18.7
CA-2017-131954,2017-Q1,West,Office Supplies,5,3.74,18.72,8.52,3.65,6.55
CA-2014-132500,2014-Q3,West,Technology,2,24.99,49.98,29.04,12.44,8.5
CA-2014-112326,2014-Q1,Central,Office Supplies,3,3.93,11.78,5.26,2.25,4.27
CA-2014-112326,2014-Q1,Central,Office Supplies,3,90.91,272.74,236.26,101.25,-64.77
CA-2014-112326,2014-Q1,Central,Office Supplies,2,1.77,3.54,6.32,2.71,-5.49
US-2016-146710,2016-Q3,Central,Office Supplies,5,10.3,51.52,43.73,18.74,-10.95
US-2016-146710,2016-Q3,Central,Office Supplies,1,3.53,3.53,1.67,0.71,1.15
US-2016-146710,2016-Q3,Central,Office Supplies,1,4.62,4.62,2.06,0.88,1.68
US-2016-146710,2016-Q3,Central,Office Supplies,4,13.79,55.17,34.27,14.69,6.21
CA-2014-124429,2014-Q2,West,Furniture,10,56.71,567.12,416.84,178.64,-28.36
CA-2014-124429,2014-Q2,West,Office Supplies,4,89.83,359.32,246.49,105.64,7.19
CA-2016-150889,2016-Q1,Central,Technology,1,11.99,11.99,7.76,3.33,0.9
CA-2017-126074,2017-Q4,Central,Office Supplies,3,19.35,58.05,21.94,9.41,26.7
CA-2017-126074,2017-Q4,Central,Furniture,11,14.34,157.74,70.67,30.28,56.79
CA-2017-126074,2017-Q4,Central,Office Supplies,7,8.14,56.98,23.93,10.26,22.79
CA-2017-126074,2017-Q4,Central,Office Supplies,1,2.88,2.88,1.03,0.44,1.41
CA-2016-110499,2016-Q2,West,Technology,3,399.99,1199.98,577.49,247.5,374.99
CA-2015-135272,2015-Q4,West,Furniture,4,19.98,79.92,35.8,15.35,28.77
CA-2016-140928,2016-Q3,South,Furniture,4,95.86,383.44,385.53,165.23,-167.32
CA-2014-106803,2014-Q4,Central,Office Supplies,2,12.28,24.56,12.38,5.3,6.88
CA-2014-106803,2014-Q4,Central,Technology,4,29.95,119.8,50.32,21.56,47.92
CA-2017-117240,2017-Q3,East,Office Supplies,3,4.38,13.13,6.2,2.66,4.27
CA-2017-133333,2017-Q3,Central,Office Supplies,4,5.68,22.72,8.75,3.75,10.22
CA-2015-112319,2015-Q3,West,Office Supplies,9,6.48,58.32,21.23,9.1,27.99
CA-2017-126046,2017-Q4,South,Office Supplies,3,4.13,12.39,4.68,2.01,5.7
CA-2015-114923,2015-Q1,East,Technology,3,35.99,107.98,94.49,40.49,-27.0
CA-2014-162775,2014-Q1,South,Office Supplies,2,5.68,11.36,4.21,1.81,5.34
CA-2014-162775,2014-Q1,South,Office Supplies,3,16.98,50.94,17.83,7.64,25.47
CA-2014-162775,2014-Q1,South,Technology,6,107.79,646.74,271.63,116.41,258.7
CA-2014-162775,2014-Q1,South,Office Supplies,3,1.88,5.64,2.05,0.88,2.71
CA-2014-162775,2014-Q1,South,Office Supplies,6,95.43,572.58,376.76,161.47,34.35
CA-2014-106810,2014-Q2,South,Furniture,2,155.44,310.88,201.29,86.27,23.32
CA-2016-157245,2016-Q2,South,Furniture,2,320.98,641.96,323.55,138.66,179.75
CA-2017-104220,2017-Q1,Central,Office Supplies,2,9.14,18.28,6.4,2.74,9.14
CA-2017-104220,2017-Q1,Central,Technology,3,69.0,207.0,108.67,46.58,51.75
CA-2017-104220,2017-Q1,Central,Office Supplies,5,6.47,32.35,11.32,4.85,16.18
CA-2017-104220,2017-Q1,Central,Office Supplies,1,7.71,7.71,2.97,1.27,3.47
CA-2017-104220,2017-Q1,Central,Office Supplies,2,20.15,40.3,20.59,8.83,10.88
CA-2017-104220,2017-Q1,Central,Furniture,7,4.94,34.58,14.04,6.02,14.52
CA-2014-165974,2014-Q2,East,Office Supplies,7,4.68,32.76,20.35,8.72,3.69
CA-2015-144267,2015-Q3,West,Furniture,3,181.34,544.01,352.25,150.96,40.8
CA-2015-144267,2015-Q3,West,Office Supplies,3,19.98,59.94,22.24,9.53,28.17
CA-2015-144267,2015-Q3,West,Office Supplies,4,5.98,23.92,8.54,3.66,11.72
CA-2015-144267,2015-Q3,West,Office Supplies,1,4.28,4.28,1.65,0.7,1.93
US-2015-157014,2015-Q4,East,Office Supplies,5,6.41,32.07,38.16,16.36,-22.45
US-2015-157014,2015-Q4,East,Technology,2,12.0,24.0,18.69,8.01,-2.7
US-2015-157014,2015-Q4,East,Furniture,1,35.49,35.49,35.78,15.33,-15.62
US-2015-157014,2015-Q4,East,Technology,2,23.99,47.98,33.17,14.21,0.6
CA-2015-154921,2015-Q2,South,Office Supplies,3,62.23,186.69,69.27,29.68,87.74
CA-2017-129567,2017-Q1,West,Office Supplies,2,8.73,17.46,8.1,3.47,5.89
CA-2015-154620,2015-Q4,West,Furniture,2,174.46,348.93,219.83,94.21,34.89
CA-2015-115938,2015-Q2,South,Office Supplies,4,35.99,143.96,52.4,22.46,69.1
CA-2015-115938,2015-Q2,South,Office Supplies,1,15.42,15.42,7.88,3.38,4.16
CA-2015-115938,2015-Q2,South,Office Supplies,8,5.38,43.04,15.36,6.59,21.09
CA-2015-115938,2015-Q2,South,Furniture,3,110.98,332.94,177.12,75.91,79.91
CA-2016-105256,2016-Q2,South,Technology,5,272.79,1363.96,895.1,383.61,85.25
CA-2014-156433,2014-Q3,West,Office Supplies,2,4.98,9.96,3.77,1.61,4.58
CA-2014-156433,2014-Q3,West,Office Supplies,4,5.43,21.72,7.76,3.32,10.64
CA-2017-151428,2017-Q3,Central,Office Supplies,7,2.88,20.16,7.2,3.08,9.88
CA-2015-124653,2015-Q4,East,Office Supplies,7,18.97,132.79,48.33,20.72,63.74
CA-2015-124653,2015-Q4,East,Office Supplies,2,6.48,12.96,4.72,2.02,6.22
CA-2015-124653,2015-Q4,East,Office Supplies,7,3.08,21.56,7.85,3.36,10.35
CA-2015-101910,2015-Q4,West,Furniture,5,56.78,283.92,186.33,79.85,17.74
CA-2017-105809,2017-Q1,West,Furniture,1,22.23,22.23,10.42,4.47,7.34
CA-2017-105809,2017-Q1,West,Technology,2,107.98,215.97,137.95,59.12,18.9
CA-2016-136133,2016-Q3,East,Office Supplies,9,39.48,355.32,179.08,76.75,99.49
CA-2016-115504,2016-Q1,South,Office Supplies,2,6.48,12.96,4.72,2.02,6.22
CA-2017-135783,2017-Q2,West,Furniture,2,9.14,18.28,8.44,3.62,6.22
CA-2014-134313,2014-Q4,West,Office Supplies,3,14.39,43.18,27.2,11.66,4.32
CA-2014-134313,2014-Q4,West,Technology,4,495.99,1983.97,1215.18,520.79,248.0
CA-2015-140921,2015-Q1,Central,Furniture,2,14.2,28.4,12.12,5.2,11.08
CA-2015-140921,2015-Q1,Central,Technology,3,49.99,149.97,69.29,29.69,50.99
CA-2014-151995,2014-Q4,West,Office Supplies,4,2.88,11.52,5.8,2.49,3.23
CA-2014-151995,2014-Q4,West,Furniture,5,259.71,1298.55,690.83,296.07,311.65
CA-2014-151995,2014-Q4,West,Office Supplies,4,53.48,213.92,106.32,45.56,62.04
CA-2014-151995,2014-Q4,West,Technology,2,12.89,25.78,16.24,6.96,2.58
CA-2017-143686,2017-Q2,West,Furniture,2,9.14,18.28,8.44,3.62,6.22
CA-2017-143686,2017-Q2,West,Technology,7,199.99,1399.93,558.57,239.39,601.97
CA-2015-106565,2015-Q1,Central,Office Supplies,8,6.48,51.84,18.87,8.09,24.88
CA-2016-149370,2016-Q3,East,Office Supplies,1,5.34,5.34,2.43,1.04,1.87
CA-2014-140858,2014-Q2,East,Office Supplies,8,5.18,41.47,18.86,8.09,14.52
CA-2014-140858,2014-Q2,East,Office Supplies,3,1.06,3.17,3.92,1.68,-2.43
CA-2014-140858,2014-Q2,East,Furniture,5,245.69,1228.46,859.92,368.54,0.0
CA-2014-140858,2014-Q2,East,Office Supplies,3,10.36,31.09,37.72,16.17,-22.8
CA-2014-140858,2014-Q2,East,Office Supplies,4,83.88,335.52,152.66,65.43,117.43
CA-2017-101434,2017-Q2,East,Technology,3,79.99,239.97,117.59,50.39,71.99
CA-2017-101434,2017-Q2,East,Office Supplies,2,4.91,9.82,3.51,1.5,4.81
US-2014-102071,2014-Q2,West,Technology,4,16.95,67.8,44.61,19.12,4.07
US-2014-102071,2014-Q2,West,Technology,3,55.99,167.97,89.36,38.3,40.31
CA-2017-126956,2017-Q3,Central,Office Supplies,7,5.0,35.0,12.74,5.46,16.8
CA-2017-126956,2017-Q3,Central,Office Supplies,4,9.31,37.24,18.51,7.93,10.8
CA-2017-126956,2017-Q3,Central,Office Supplies,2,7.64,15.28,5.45,2.34,7.49
CA-2017-129462,2017-Q2,South,Furniture,2,150.98,301.96,147.96,63.41,90.59
CA-2017-129462,2017-Q2,South,Office Supplies,3,60.22,180.66,91.06,39.02,50.58
CA-2017-129462,2017-Q2,South,Technology,2,95.99,191.98,98.1,42.05,51.83
CA-2017-129462,2017-Q2,South,Technology,1,65.99,65.99,34.18,14.65,17.16
CA-2016-165316,2016-Q3,South,Office Supplies,2,17.61,35.22,22.81,9.77,2.64
CA-2016-165316,2016-Q3,South,Office Supplies,2,11.85,23.7,12.03,5.15,6.52
CA-2016-165316,2016-Q3,South,Technology,1,265.48,265.48,263.89,113.09,-111.5
US-2014-115987,2014-Q3,Central,Office Supplies,4,12.8,51.18,91.36,39.16,-79.34
US-2017-156083,2017-Q4,South,Office Supplies,2,4.83,9.66,4.48,1.92,3.26
US-2016-137547,2016-Q1,Central,Technology,3,7.02,21.07,13.64,5.85,1.58
CA-2015-100454,2015-Q4,East,Office Supplies,3,20.15,60.45,30.89,13.24,16.32
CA-2015-100454,2015-Q4,East,Office Supplies,4,2.88,11.52,5.73,2.45,3.34
CA-2015-100454,2015-Q4,East,Furniture,4,46.51,186.05,123.72,53.03,9.3
CA-2016-161669,2016-Q4,West,Office Supplies,4,9.36,37.44,18.02,7.72,11.7
CA-2016-161669,2016-Q4,West,Office Supplies,4,6.74,26.98,12.75,5.46,8.77
CA-2016-161669,2016-Q4,West,Office Supplies,2,5.68,11.36,5.65,2.42,3.29
CA-2016-161669,2016-Q4,West,Office Supplies,2,7.31,14.62,5.42,2.33,6.87
CA-2015-114300,2015-Q4,South,Technology,7,11.96,83.72,42.2,18.08,23.44
CA-2015-114300,2015-Q4,South,Furniture,3,95.98,287.94,147.14,63.06,77.74
CA-2017-107503,2017-Q1,East,Furniture,4,12.22,48.9,28.24,12.1,8.56
CA-2014-107755,2014-Q1,East,Technology,7,16.48,115.36,46.03,19.73,49.6
CA-2016-152534,2016-Q2,West,Office Supplies,2,2.58,5.16,2.67,1.15,1.34
CA-2016-152534,2016-Q2,West,Office Supplies,6,6.48,38.88,14.15,6.07,18.66
CA-2016-113747,2016-Q2,South,Office Supplies,6,30.98,185.88,94.98,40.71,50.19
CA-2016-123274,2016-Q1,East,Furniture,2,22.23,44.46,20.85,8.94,14.67
CA-2016-123274,2016-Q1,East,Office Supplies,3,80.98,242.94,163.25,69.97,9.72
CA-2014-125612,2014-Q3,East,Office Supplies,2,19.98,39.96,14.83,6.35,18.78
CA-2014-125612,2014-Q3,East,Office Supplies,10,10.23,102.3,52.99,22.71,26.6
CA-2014-125612,2014-Q3,East,Office Supplies,2,10.68,21.36,10.91,4.68,5.77
CA-2017-161984,2017-Q2,East,Office Supplies,1,7.61,7.61,2.82,1.21,3.58
CA-2017-161984,2017-Q2,East,Office Supplies,2,3.58,7.16,2.51,1.07,3.58
CA-2014-133851,2014-Q2,West,Office Supplies,2,3.68,7.36,5.05,2.16,0.15
CA-2014-133851,2014-Q2,West,Office Supplies,2,11.55,23.1,8.73,3.74,10.63
CA-2016-134474,2016-Q1,South,Technology,6,31.91,191.47,105.55,45.23,40.69
CA-2016-134474,2016-Q1,South,Office Supplies,2,2.62,5.25,3.26,1.4,0.59
CA-2016-134474,2016-Q1,South,Technology,2,29.59,59.18,37.8,16.2,5.18
CA-2014-149020,2014-Q1,South,Office Supplies,1,2.89,2.89,1.07,0.46,1.36
CA-2014-149020,2014-Q1,South,Furniture,1,51.94,51.94,21.45,9.19,21.3
CA-2016-134362,2016-Q3,East,Office Supplies,4,3.98,15.94,7.53,3.23,5.18
CA-2014-136742,2014-Q2,East,Office Supplies,6,7.48,44.91,56.59,24.25,-35.93
CA-2016-158099,2016-Q3,East,Office Supplies,5,228.29,1141.47,1331.71,570.74,-760.98
CA-2016-158099,2016-Q3,East,Technology,3,93.59,280.78,229.31,98.27,-46.8
CA-2015-131128,2015-Q4,East,Office Supplies,3,11.48,34.44,12.05,5.17,17.22
CA-2014-148488,2014-Q4,East,Office Supplies,2,5.68,11.36,4.29,1.84,5.23
CA-2014-148488,2014-Q4,East,Office Supplies,7,15.19,106.34,48.38,20.74,37.22
CA-2017-114636,2017-Q3,South,Office Supplies,5,38.43,192.16,87.43,37.47,67.26
CA-2016-116736,2016-Q1,East,Furniture,3,107.53,322.59,180.65,77.42,64.52
CA-2016-116736,2016-Q1,East,Technology,1,29.99,29.99,11.75,5.04,13.2
CA-2016-116736,2016-Q1,East,Technology,3,123.99,371.97,213.51,91.51,66.95
US-2014-158638,2014-Q3,East,Office Supplies,4,1.47,5.89,7.01,3.0,-4.12
CA-2017-111689,2017-Q4,East,Office Supplies,3,22.82,68.47,31.75,13.61,23.11
CA-2017-111689,2017-Q4,East,Furniture,5,248.58,1242.9,686.36,294.15,262.39
CA-2015-129098,2015-Q4,South,Office Supplies,2,15.42,30.84,15.76,6.75,8.33
US-2017-123463,2017-Q4,West,Office Supplies,4,3.37,13.48,5.29,2.26,5.93
CA-2016-165148,2016-Q4,Central,Furniture,5,6.28,31.4,14.94,6.41,10.05
CA-2014-134061,2014-Q2,East,Furniture,2,8.73,17.46,8.06,3.46,5.94
CA-2015-143602,2015-Q2,West,Office Supplies,3,4.65,13.94,6.59,2.82,4.53
CA-2017-115364,2017-Q2,West,Office Supplies,12,6.98,83.76,57.46,24.62,1.68
CA-2017-150707,2017-Q4,East,Office Supplies,7,5.38,37.66,13.45,5.76,18.45
CA-2014-104976,2014-Q4,West,Office Supplies,6,5.78,34.68,12.38,5.31,16.99
CA-2017-132934,2017-Q2,East,Technology,5,29.99,149.95,94.46,40.49,15.0
CA-2017-132934,2017-Q2,East,Office Supplies,3,17.1,51.31,22.9,9.81,18.6
CA-2017-133256,2017-Q2,Central,Office Supplies,1,4.54,4.54,1.75,0.75,2.04
CA-2017-133256,2017-Q2,Central,Office Supplies,4,3.98,15.92,7.36,3.15,5.41
CA-2017-133256,2017-Q2,Central,Technology,8,67.99,543.92,285.56,122.38,135.98
CA-2016-105494,2016-Q4,West,Office Supplies,7,22.26,155.82,79.62,34.13,42.07
CA-2016-105494,2016-Q4,West,Office Supplies,3,23.34,70.01,31.86,13.65,24.5
CA-2016-140634,2016-Q4,Central,Office Supplies,2,7.82,15.65,7.39,3.17,5.09
CA-2014-144407,2014-Q3,Central,Office Supplies,7,14.8,103.6,36.26,15.54,51.8
CA-2017-160983,2017-Q4,East,Office Supplies,8,5.87,46.96,17.09,7.33,22.54
US-2016-114622,2016-Q2,East,Office Supplies,2,4.45,8.9,10.8,4.63,-6.53
CA-2017-150959,2017-Q4,Central,Office Supplies,5,2.09,10.44,4.93,2.12,3.39
CA-2017-150959,2017-Q4,Central,Office Supplies,4,4.58,18.34,35.3,15.13,-32.09
CA-2017-132353,2017-Q3,Central,Technology,3,107.99,323.98,212.61,91.12,20.25
CA-2016-130477,2016-Q2,West,Office Supplies,3,6.68,20.04,7.29,3.13,9.62
CA-2016-130477,2016-Q2,West,Office Supplies,2,32.48,64.96,43.65,18.71,2.6
CA-2016-130477,2016-Q2,West,Office Supplies,2,6.48,12.96,4.72,2.02,6.22
CA-2017-143259,2017-Q4,East,Furniture,4,80.78,323.14,217.71,93.31,12.12
CA-2017-143259,2017-Q4,East,Technology,7,12.99,90.93,61.74,26.46,2.73
CA-2017-143259,2017-Q4,East,Office Supplies,3,17.59,52.78,23.09,9.9,19.79
CA-2017-137596,2017-Q3,Central,Technology,4,299.95,1199.8,613.09,262.76,323.95
CA-2017-137596,2017-Q3,Central,Technology,7,275.54,1928.78,769.58,329.82,829.38
CA-2017-137596,2017-Q3,Central,Office Supplies,2,176.19,352.38,189.93,81.4,81.05
CA-2015-133627,2015-Q2,East,Furniture,6,3.7,22.2,9.17,3.93,9.1
CA-2017-102519,2017-Q4,Central,Furniture,1,46.94,46.94,19.38,8.31,19.25
CA-2017-102519,2017-Q4,Central,Technology,9,15.97,143.73,61.38,26.3,56.05
US-2014-141215,2014-Q2,Central,Furniture,2,49.96,99.92,82.94,35.54,-18.56
US-2014-141215,2014-Q2,Central,Furniture,4,199.48,797.94,598.46,256.48,-57.0
US-2014-141215,2014-Q2,Central,Office Supplies,3,2.86,8.57,16.2,6.94,-14.57
CA-2016-165218,2016-Q1,Central,Office Supplies,3,49.78,149.35,69.26,29.68,50.41
CA-2016-165218,2016-Q1,Central,Office Supplies,1,12.99,12.99,9.66,4.14,-0.81
CA-2014-138296,2014-Q4,South,Office Supplies,2,12.28,24.56,12.38,5.3,6.88
CA-2015-111164,2015-Q2,East,Technology,3,28.38,85.14,35.16,15.07,34.91
CA-2015-111164,2015-Q2,East,Technology,1,21.99,21.99,8.0,3.43,10.56
CA-2015-111164,2015-Q2,East,Office Supplies,5,81.32,406.6,204.92,87.83,113.85
CA-2016-149797,2016-Q3,East,Office Supplies,2,420.78,841.57,382.91,164.11,294.55
CA-2014-132962,2014-Q3,East,Office Supplies,3,5.18,15.55,7.08,3.03,5.44
CA-2014-132962,2014-Q3,East,Technology,5,50.4,252.0,138.91,59.54,53.55
CA-2015-115091,2015-Q4,South,Office Supplies,4,11.55,46.2,23.28,9.98,12.94
CA-2015-115091,2015-Q4,South,Office Supplies,2,14.42,28.84,13.52,5.8,9.52
CA-2017-144932,2017-Q2,East,Office Supplies,3,4.86,14.59,8.43,3.61,2.55
CA-2017-144932,2017-Q2,East,Office Supplies,3,29.95,89.86,47.96,20.56,21.34
CA-2017-144932,2017-Q2,East,Office Supplies,3,4.62,13.87,6.19,2.65,5.03
CA-2017-114216,2017-Q3,East,Office Supplies,3,4.06,12.19,5.66,2.42,4.11
CA-2016-140081,2016-Q2,East,Office Supplies,8,5.63,45.06,20.89,8.96,15.21
CA-2016-140081,2016-Q2,East,Office Supplies,6,4.95,29.72,36.06,15.45,-21.79
CA-2016-140081,2016-Q2,East,Office Supplies,3,5.18,15.55,7.08,3.03,5.44
CA-2016-140081,2016-Q2,East,Office Supplies,2,223.85,447.7,289.88,124.24,33.58
US-2017-111745,2017-Q4,West,Technology,1,159.99,159.99,73.91,31.68,54.4
CA-2015-148250,2015-Q4,West,Office Supplies,2,6.48,12.96,4.72,2.02,6.22
CA-2015-148250,2015-Q4,West,Office Supplies,4,33.62,134.48,69.66,29.86,34.96
CA-2016-105760,2016-Q2,West,Office Supplies,2,8.56,17.12,6.35,2.72,8.05
CA-2016-142958,2016-Q4,West,Office Supplies,2,3.05,6.1,2.72,1.17,2.21
CA-2016-142958,2016-Q4,West,Furniture,4,278.57,1114.27,750.74,321.74,41.79
CA-2015-120880,2015-Q2,West,Office Supplies,5,6.48,32.4,11.79,5.06,15.55
CA-2015-120880,2015-Q2,West,Office Supplies,3,180.19,540.57,280.01,120.01,140.55
CA-2015-120880,2015-Q2,West,Office Supplies,5,33.55,167.76,73.39,31.46,62.91
US-2015-140200,2015-Q3,West,Furniture,3,131.05,393.16,418.33,179.28,-204.45
US-2017-110576,2017-Q4,East,Furniture,7,73.78,516.49,370.58,158.82,-12.91
US-2017-110576,2017-Q4,East,Furniture,6,167.87,1007.23,652.18,279.51,75.54
US-2017-110576,2017-Q4,East,Furniture,12,172.11,2065.32,1879.44,805.48,-619.6
US-2017-110576,2017-Q4,East,Office Supplies,3,5.18,15.55,7.08,3.03,5.44
US-2017-110576,2017-Q4,East,Office Supplies,6,4.22,25.34,12.19,5.23,7.92
CA-2017-131156,2017-Q2,East,Furniture,4,6.37,25.47,12.48,5.35,7.64
CA-2017-136539,2017-Q4,Central,Office Supplies,2,13.58,27.17,17.12,7.33,2.72
CA-2017-136539,2017-Q4,Central,Furniture,2,39.42,78.85,63.31,27.14,-11.6
CA-2017-119305,2017-Q4,South,Office Supplies,5,34.76,173.8,91.25,39.1,43.45
CA-2017-102414,2017-Q2,West,Technology,1,29.59,29.59,18.9,8.1,2.59
CA-2017-102414,2017-Q2,West,Office Supplies,2,2.38,4.75,5.54,2.38,-3.17
CA-2017-102414,2017-Q2,West,Office Supplies,3,5.18,15.55,6.94,2.97,5.64
CA-2015-112571,2015-Q3,West,Furniture,2,102.3,204.6,105.98,45.42,53.2
CA-2017-152142,2017-Q4,West,Furniture,2,160.78,321.57,205.4,88.03,28.14
CA-2015-160059,2015-Q4,South,Office Supplies,2,3.12,6.24,2.23,0.95,3.06
CA-2016-120859,2016-Q3,West,Office Supplies,2,10.94,21.88,7.66,3.28,10.94
CA-2014-127488,2014-Q3,South,Office Supplies,2,2.31,4.61,2.06,0.88,1.67
CA-2017-135279,2017-Q2,East,Office Supplies,2,4.91,9.82,3.51,1.5,4.81
CA-2017-135279,2017-Q2,East,Office Supplies,3,11.99,35.97,18.38,7.88,9.71
CA-2017-135279,2017-Q2,East,Office Supplies,2,6.48,12.96,4.72,2.02,6.22
CA-2017-135279,2017-Q2,East,Office Supplies,4,47.9,191.6,69.74,29.89,91.97
CA-2017-135279,2017-Q2,East,Office Supplies,3,2.88,8.64,3.09,1.32,4.23
CA-2017-135279,2017-Q2,East,Office Supplies,3,167.27,501.81,351.27,150.54,0.0
CA-2014-115791,2014-Q1,East,Furniture,6,21.18,127.1,68.95,29.55,28.6
CA-2014-115791,2014-Q1,East,Technology,3,41.4,124.2,108.67,46.58,-31.05
CA-2014-115791,2014-Q1,East,Office Supplies,2,9.3,18.59,22.55,9.67,-13.63
CA-2014-115791,2014-Q1,East,Office Supplies,3,10.02,30.07,13.94,5.98,10.15
US-2017-103247,2017-Q4,East,Technology,7,22.99,160.93,110.4,47.31,3.22
US-2017-103247,2017-Q4,East,Office Supplies,3,25.26,75.79,35.15,15.06,25.58
US-2017-100209,2017-Q3,West,Office Supplies,2,0.54,1.08,1.31,0.56,-0.79
CA-2017-159366,2017-Q1,Central,Technology,2,1529.99,3059.98,1665.99,713.99,680.0
CA-2016-145499,2016-Q2,South,Office Supplies,2,1.64,3.28,4.14,1.77,-2.63
CA-2015-157035,2015-Q4,Central,Office Supplies,3,11.34,34.02,12.14,5.21,16.67
CA-2016-144939,2016-Q4,East,Furniture,6,99.88,599.29,354.25,151.82,93.22
CA-2014-163419,2014-Q4,West,Office Supplies,1,3.39,3.39,1.81,0.77,0.81
CA-2014-163419,2014-Q4,West,Technology,2,279.99,559.98,352.79,151.19,56.0
CA-2014-163419,2014-Q4,West,Furniture,5,120.78,603.92,369.9,158.53,75.49
CA-2017-100314,2017-Q3,Central,Office Supplies,2,3.98,7.97,3.77,1.61,2.59
CA-2017-100314,2017-Q3,Central,Office Supplies,4,6.99,27.97,12.97,5.56,9.44
CA-2017-100314,2017-Q3,Central,Technology,3,112.17,336.51,204.15,87.49,44.87
CA-2015-146829,2015-Q1,Central,Office Supplies,2,0.56,1.11,2.1,0.9,-1.89
CA-2017-167899,2017-Q2,East,Furniture,5,104.01,520.05,313.07,134.17,72.81
CA-2017-167899,2017-Q2,East,Office Supplies,3,5.99,17.97,8.93,3.83,5.21
CA-2015-153549,2015-Q1,South,Furniture,5,233.38,1166.92,724.95,310.69,131.28
CA-2016-110023,2016-Q3,East,Office Supplies,2,7.31,14.62,6.4,2.74,5.48
CA-2016-105585,2016-Q3,West,Office Supplies,3,3.41,10.23,3.72,1.6,4.91
CA-2016-105585,2016-Q3,West,Office Supplies,5,30.98,154.9,59.64,25.56,69.7
CA-2014-117639,2014-Q2,South,Office Supplies,7,387.99,2715.93,1007.61,431.83,1276.49
CA-2014-117639,2014-Q2,South,Technology,3,205.99,617.97,311.46,133.48,173.03
CA-2015-162537,2015-Q4,South,Office Supplies,1,10.67,10.67,4.03,1.73,4.91
CA-2015-162537,2015-Q4,South,Office Supplies,3,12.21,36.63,18.72,8.02,9.89
CA-2015-162537,2015-Q4,South,Furniture,5,4.82,24.1,10.46,4.48,9.16
CA-2015-162537,2015-Q4,South,Furniture,7,4.73,33.11,14.14,6.06,12.91
CA-2016-155488,2016-Q4,West,Office Supplies,2,22.01,44.02,22.8,9.77,11.45
CA-2015-124891,2015-Q3,East,Technology,7,329.95,2309.65,1083.23,464.24,762.18
CA-2015-124891,2015-Q3,East,Furniture,7,155.83,1090.78,967.16,414.5,-290.88
CA-2015-124891,2015-Q3,East,Office Supplies,3,6.48,19.44,7.08,3.03,9.33
CA-2015-126445,2015-Q3,West,Office Supplies,3,161.55,484.65,274.8,117.77,92.08
CA-2015-111199,2015-Q4,South,Office Supplies,3,38.43,115.3,52.46,22.49,40.35
CA-2015-105312,2015-Q4,West,Office Supplies,3,2.36,7.08,3.22,1.38,2.48
CA-2015-105312,2015-Q4,West,Office Supplies,3,1.47,4.4,5.54,2.38,-3.52
US-2017-106705,2017-Q4,Central,Office Supplies,5,8.95,44.75,16.92,7.25,20.58
CA-2017-135034,2017-Q3,Central,Technology,2,47.99,95.98,62.99,26.99,6.0
CA-2014-158540,2014-Q4,West,Furniture,4,37.93,151.72,87.09,37.32,27.31
CA-2017-118437,2017-Q2,West,Furniture,3,51.75,155.25,76.07,32.6,46.58
CA-2017-118437,2017-Q2,West,Office Supplies,1,14.03,14.03,6.97,2.99,4.07
US-2015-126214,2015-Q4,West,Furniture,13,124.49,1618.37,883.63,378.7,356.04
US-2015-126214,2015-Q4,West,Technology,1,99.6,99.6,43.92,18.83,36.85
CA-2015-133025,2015-Q3,West,Office Supplies,5,6.48,32.4,11.79,5.06,15.55
CA-2015-108665,2015-Q3,East,Furniture,2,6.98,13.96,5.08,2.18,6.7
CA-2015-108665,2015-Q3,East,Furniture,3,51.94,155.82,64.35,27.58,63.89
CA-2015-108665,2015-Q3,East,Technology,5,24.99,124.95,85.72,36.73,2.5
CA-2015-108665,2015-Q3,East,Office Supplies,5,120.33,601.65,311.65,133.57,156.43
CA-2015-124450,2015-Q2,East,Office Supplies,3,7.58,22.74,9.71,4.16,8.87
CA-2015-124450,2015-Q2,East,Furniture,3,422.51,1267.53,665.45,285.2,316.88
CA-2015-124450,2015-Q2,East,Technology,8,172.49,1379.92,511.95,219.41,648.56
CA-2015-167269,2015-Q2,East,Office Supplies,2,3.1,6.21,2.83,1.21,2.17
CA-2017-106964,2017-Q4,West,Office Supplies,2,5.9,11.81,5.27,2.26,4.28
CA-2016-126529,2016-Q1,East,Office Supplies,3,5.18,15.55,7.08,3.03,5.44
CA-2016-126529,2016-Q1,East,Office Supplies,3,21.1,63.31,29.91,12.82,20.58
CA-2016-126529,2016-Q1,East,Technology,2,7.8,15.59,17.82,7.64,-9.87
CA-2014-163552,2014-Q3,East,Office Supplies,5,35.44,177.2,65.74,28.18,83.28
CA-2014-163552,2014-Q3,East,Technology,3,65.99,197.97,98.39,42.17,57.41
CA-2014-163552,2014-Q3,East,Furniture,3,284.98,854.94,448.84,192.36,213.74
CA-2014-163552,2014-Q3,East,Furniture,9,13.79,124.11,50.39,21.59,52.13
CA-2014-163552,2014-Q3,East,Office Supplies,5,2.88,14.4,5.14,2.2,7.06
CA-2016-109820,2016-Q4,East,Office Supplies,3,5.23,15.7,7.42,3.18,5.1
CA-2016-109820,2016-Q4,East,Office Supplies,2,1.32,2.63,3.19,1.37,-1.93
CA-2016-109820,2016-Q4,East,Office Supplies,3,4.81,14.43,17.51,7.5,-10.58
CA-2016-113061,2016-Q2,Central,Furniture,2,43.31,86.62,54.57,23.39,8.66
CA-2015-127418,2015-Q2,West,Office Supplies,3,12.21,36.62,16.02,6.87,13.73
CA-2017-121818,2017-Q4,South,Office Supplies,7,3.42,23.97,14.89,6.38,2.7
CA-2017-121818,2017-Q4,South,Office Supplies,3,9.58,28.73,18.85,8.08,1.8
CA-2016-127670,2016-Q1,Central,Furniture,4,174.29,697.16,385.53,165.23,146.4
CA-2016-102981,2016-Q3,East,Technology,2,15.93,31.86,14.5,6.21,11.15
CA-2016-102981,2016-Q3,East,Furniture,3,240.78,722.35,442.44,189.62,90.29
CA-2017-115651,2017-Q3,Central,Office Supplies,5,1.77,8.84,4.1,1.76,2.98
CA-2017-115651,2017-Q3,Central,Office Supplies,9,6.5,58.46,143.23,61.39,-146.16
CA-2017-152702,2017-Q4,Central,Furniture,14,18.19,254.6,190.95,81.84,-18.19
CA-2016-169103,2016-Q1,South,Technology,5,272.79,1363.96,895.1,383.61,85.25
CA-2016-169103,2016-Q1,South,Furniture,3,34.12,102.36,74.34,31.86,-3.84
CA-2014-139192,2014-Q2,West,Technology,12,92.79,1113.5,691.76,296.47,125.27
CA-2014-139192,2014-Q2,West,Technology,1,99.99,99.99,43.39,18.6,38.0
US-2015-153500,2015-Q3,East,Furniture,2,84.23,168.46,138.56,59.38,-29.48
US-2015-153500,2015-Q3,East,Office Supplies,2,3.36,6.72,3.0,1.28,2.44
US-2015-153500,2015-Q3,East,Furniture,9,31.43,282.89,158.42,67.89,56.58
CA-2015-110667,2015-Q2,East,Office Supplies,2,5.58,11.16,4.77,2.04,4.35
CA-2015-110667,2015-Q2,East,Furniture,2,54.2,108.4,59.95,25.69,22.76
CA-2015-110667,2015-Q2,East,Office Supplies,3,27.45,82.34,38.19,16.36,27.79
CA-2015-110667,2015-Q2,East,Office Supplies,4,2.27,9.09,4.06,1.74,3.29
CA-2017-167150,2017-Q4,West,Office Supplies,4,4.99,19.94,8.9,3.81,7.23
CA-2017-167150,2017-Q4,West,Office Supplies,2,32.78,65.57,29.83,12.79,22.95
CA-2016-105284,2016-Q4,East,Office Supplies,3,1.47,4.42,1.97,0.85,1.6
US-2015-125374,2015-Q1,Central,Furniture,2,53.88,107.77,95.91,41.11,-29.25
CA-2015-161263,2015-Q2,East,Office Supplies,3,15.07,45.22,28.49,12.21,4.52
CA-2015-161263,2015-Q2,East,Office Supplies,7,1.49,10.42,8.84,3.79,-2.21
CA-2015-161263,2015-Q2,East,Office Supplies,3,2.62,7.87,4.61,1.98,1.28
CA-2015-161263,2015-Q2,East,Technology,3,39.59,118.78,102.55,43.95,-27.72
CA-2015-161263,2015-Q2,East,Office Supplies,1,1.45,1.45,0.85,0.36,0.24
CA-2015-161263,2015-Q2,East,Office Supplies,5,11.09,55.47,71.18,30.51,-46.22
CA-2016-157686,2016-Q4,West,Furniture,4,48.71,194.85,127.87,54.8,12.18
US-2017-139955,2017-Q3,Central,Office Supplies,1,1.74,1.74,1.46,0.63,-0.35
US-2015-150161,2015-Q3,East,Office Supplies,4,6.3,25.18,30.55,13.09,-18.46
CA-2015-144652,2015-Q4,West,Office Supplies,7,2.78,19.46,10.08,4.32,5.06
CA-2016-152814,2016-Q2,West,Office Supplies,3,9.82,29.47,13.66,5.86,9.95
CA-2017-106943,2017-Q4,East,Office Supplies,2,4.32,8.64,3.93,1.69,3.02
CA-2016-134348,2016-Q4,West,Office Supplies,5,1.25,6.27,7.61,3.26,-4.6
CA-2016-134348,2016-Q4,West,Office Supplies,7,0.62,4.37,5.4,2.32,-3.35
CA-2016-134348,2016-Q4,West,Technology,2,15.99,31.98,20.99,8.99,2.0
CA-2016-161781,2016-Q3,Central,Office Supplies,7,5.84,40.88,21.17,9.08,10.63
CA-2017-132521,2017-Q3,West,Office Supplies,2,59.98,119.96,60.46,25.91,33.59
CA-2017-132521,2017-Q3,West,Office Supplies,3,10.48,31.44,16.07,6.88,8.49
CA-2017-132521,2017-Q3,West,Office Supplies,1,6.88,6.88,3.19,1.37,2.32
CA-2015-110016,2015-Q4,Central,Office Supplies,4,4.98,19.92,7.39,3.17,9.36
CA-2015-110016,2015-Q4,Central,Furniture,9,122.99,1106.91,689.61,295.54,121.76
US-2016-143819,2016-Q1,East,Furniture,8,104.57,836.59,771.06,330.45,-264.92
US-2016-143819,2016-Q1,East,Office Supplies,1,26.38,26.38,9.97,4.28,12.13
US-2016-143819,2016-Q1,East,Office Supplies,2,181.46,362.92,180.37,77.3,105.25
US-2016-143819,2016-Q1,East,Technology,7,699.99,4899.93,1749.27,749.69,2400.97
CA-2016-167584,2016-Q3,Central,Office Supplies,1,6.48,6.48,2.36,1.01,3.11
CA-2016-166163,2016-Q3,West,Technology,3,23.99,71.98,45.35,19.43,7.2
CA-2016-166163,2016-Q3,West,Office Supplies,1,3.15,3.15,1.15,0.49,1.51
CA-2017-158407,2017-Q2,South,Furniture,2,15.99,31.98,20.99,8.99,2.0
CA-2017-158407,2017-Q2,South,Technology,2,35.99,71.98,32.75,14.04,25.19
CA-2015-143490,2015-Q4,West,Office Supplies,9,13.35,120.15,60.56,25.95,33.64
CA-2015-143490,2015-Q4,West,Technology,2,109.59,219.18,140.0,60.0,19.18
CA-2015-165085,2015-Q4,East,Office Supplies,5,5.78,28.9,10.32,4.42,14.16
CA-2015-165085,2015-Q4,East,Office Supplies,2,177.98,355.96,176.91,75.82,103.23
CA-2017-160423,2017-Q1,South,Office Supplies,7,49.74,348.21,222.42,95.32,30.47
CA-2017-160423,2017-Q1,South,Office Supplies,7,5.11,35.78,45.09,19.32,-28.63
CA-2014-159338,2014-Q2,West,Furniture,5,89.57,447.84,305.65,130.99,11.2
CA-2016-107216,2016-Q2,West,Office Supplies,4,1.76,7.04,3.5,1.5,2.04
CA-2016-107216,2016-Q2,West,Furniture,3,2.91,8.73,3.24,1.39,4.1
CA-2016-107216,2016-Q2,West,Technology,1,29.29,29.29,13.73,5.89,9.67
CA-2016-107216,2016-Q2,West,Office Supplies,3,2.88,8.64,4.29,1.84,2.51
US-2017-145863,2017-Q2,Central,Office Supplies,3,0.9,2.69,5.18,2.22,-4.71
US-2017-145863,2017-Q2,Central,Office Supplies,3,0.98,2.93,5.54,2.38,-4.99
CA-2016-112340,2016-Q4,West,Office Supplies,3,7.64,22.92,8.18,3.51,11.23
US-2016-110156,2016-Q4,Central,Office Supplies,6,16.78,100.7,81.94,35.12,-16.36
US-2016-110156,2016-Q4,Central,Furniture,2,1.16,2.33,2.16,0.93,-0.76
US-2016-110156,2016-Q4,Central,Office Supplies,5,2.16,10.78,19.62,8.41,-17.25
US-2016-110156,2016-Q4,Central,Office Supplies,12,4.86,58.37,25.54,10.94,21.89
US-2016-110156,2016-Q4,Central,Office Supplies,3,13.66,40.97,19.0,8.14,13.83
US-2016-110156,2016-Q4,Central,Technology,5,14.39,71.96,32.74,14.03,25.19
US-2016-110156,2016-Q4,Central,Office Supplies,2,5.18,10.37,4.72,2.02,3.63
US-2016-110156,2016-Q4,Central,Office Supplies,2,0.6,1.19,2.25,0.97,-2.03
CA-2017-140585,2017-Q4,West,Office Supplies,2,23.34,46.67,21.23,9.1,16.34
CA-2017-140585,2017-Q4,West,Furniture,1,119.83,119.83,92.76,39.76,-12.69
CA-2017-140585,2017-Q4,West,Technology,2,59.99,119.98,43.67,18.72,57.59
CA-2016-144855,2016-Q3,West,Office Supplies,2,3.15,6.3,2.3,0.98,3.02
CA-2015-142755,2015-Q3,South,Office Supplies,5,55.98,279.9,99.92,42.83,137.15
CA-2015-142755,2015-Q3,South,Technology,5,123.99,619.95,355.85,152.51,111.59
CA-2015-142755,2015-Q3,South,Office Supplies,2,2.18,4.36,1.62,0.69,2.05
CA-2015-142755,2015-Q3,South,Office Supplies,2,7.64,15.28,5.45,2.34,7.49
US-2014-147627,2014-Q1,South,Technology,7,99.99,699.93,362.56,155.39,181.98
US-2014-147627,2014-Q1,South,Office Supplies,7,3.28,22.96,11.41,4.89,6.66
US-2014-147627,2014-Q1,South,Furniture,4,9.65,38.6,18.91,8.11,11.58
US-2014-147627,2014-Q1,South,Office Supplies,3,2.21,6.63,3.39,1.45,1.79
US-2014-147627,2014-Q1,South,Office Supplies,3,7.78,23.34,8.66,3.71,10.97
US-2014-147627,2014-Q1,South,Furniture,3,355.98,1067.94,590.57,253.1,224.27
CA-2015-105970,2015-Q1,Central,Office Supplies,1,10.16,10.16,5.26,2.26,2.64
CA-2015-105970,2015-Q1,Central,Office Supplies,6,16.98,101.88,35.66,15.28,50.94
CA-2016-112102,2016-Q2,South,Furniture,4,85.98,343.92,187.78,80.48,75.66
CA-2016-112102,2016-Q2,South,Office Supplies,1,40.99,40.99,14.63,6.27,20.09
CA-2016-112102,2016-Q2,South,Office Supplies,5,12.78,63.9,24.6,10.54,28.76
US-2016-114776,2016-Q4,West,Office Supplies,3,6.48,19.44,7.08,3.03,9.33
US-2016-134908,2016-Q2,East,Office Supplies,4,31.15,124.61,103.58,44.39,-23.36
US-2016-134908,2016-Q2,East,Office Supplies,3,2.52,7.56,3.44,1.47,2.65
US-2016-148803,2016-Q4,South,Office Supplies,3,28.41,85.22,54.43,23.33,7.46
CA-2016-152170,2016-Q4,Central,Office Supplies,8,35.94,287.52,110.7,47.44,129.38
CA-2016-152170,2016-Q4,Central,Office Supplies,2,18.84,37.68,18.99,8.14,10.55
CA-2016-152170,2016-Q4,Central,Office Supplies,2,9.99,19.98,7.69,3.3,8.99
CA-2016-152170,2016-Q4,Central,Office Supplies,7,2.94,20.58,10.51,4.51,5.56
CA-2016-152170,2016-Q4,Central,Office Supplies,2,8.69,17.38,6.08,2.61,8.69
CA-2014-146969,2014-Q3,West,Furniture,2,102.3,204.6,105.98,45.42,53.2
CA-2014-146969,2014-Q3,West,Office Supplies,4,2.18,8.72,4.09,1.75,2.88
CA-2014-146969,2014-Q3,West,Office Supplies,1,6.48,6.48,2.36,1.01,3.11
CA-2014-146969,2014-Q3,West,Technology,2,343.16,686.32,324.29,138.98,223.05
CA-2014-146969,2014-Q3,West,Office Supplies,1,62.18,62.18,31.77,13.62,16.79
CA-2015-112452,2015-Q2,Central,Office Supplies,2,322.04,644.08,375.71,161.02,107.35
CA-2015-112452,2015-Q2,Central,Office Supplies,2,2.92,5.84,2.25,0.96,2.63
CA-2015-112452,2015-Q2,Central,Office Supplies,2,6.38,12.76,4.82,2.07,5.87
CA-2015-112452,2015-Q2,Central,Technology,1,10.95,10.95,7.36,3.15,0.44
CA-2015-112452,2015-Q2,Central,Technology,2,299.99,599.98,272.99,117.0,209.99
CA-2015-113971,2015-Q2,East,Furniture,6,1.39,8.35,4.97,2.13,1.25
CA-2017-160395,2016-Q4,West,Office Supplies,2,1.82,3.64,1.4,0.6,1.64
CA-2017-160395,2016-Q4,West,Office Supplies,7,22.82,159.77,74.09,31.76,53.92
CA-2014-136567,2014-Q4,South,Office Supplies,2,61.24,122.48,85.74,36.74,0.0
CA-2014-136567,2014-Q4,South,Furniture,7,320.64,2244.48,1225.48,525.21,493.79
CA-2014-136567,2014-Q4,South,Office Supplies,3,20.77,62.31,23.11,9.91,29.29
CA-2014-136567,2014-Q4,South,Furniture,2,227.55,455.1,248.49,106.49,100.12
CA-2016-149314,2016-Q3,West,Furniture,1,195.18,195.18,122.96,52.7,19.52
CA-2017-147039,2017-Q2,Central,Office Supplies,3,120.98,362.94,190.54,81.66,90.74
CA-2017-147039,2017-Q2,Central,Office Supplies,2,5.77,11.54,4.04,1.73,5.77
CA-2014-126522,2014-Q3,West,Office Supplies,3,17.98,53.94,26.81,11.49,15.64
CA-2014-127964,2014-Q1,East,Technology,1,9.99,9.99,3.77,1.62,4.6
CA-2014-127964,2014-Q1,East,Office Supplies,3,41.92,125.76,59.42,25.47,40.87
CA-2014-127964,2014-Q1,East,Office Supplies,5,5.06,25.32,11.3,4.84,9.18
CA-2014-117709,2014-Q2,Central,Office Supplies,4,11.7,46.8,18.02,7.72,21.06
CA-2015-125416,2015-Q4,West,Technology,9,49.77,447.93,279.06,119.6,49.27
CA-2017-145226,2017-Q4,East,Furniture,2,54.74,109.48,52.88,22.66,33.94
CA-2017-145226,2017-Q4,East,Office Supplies,3,90.98,272.94,191.06,81.88,0.0
CA-2017-145226,2017-Q4,East,Office Supplies,3,6.48,19.44,7.08,3.03,9.33
CA-2017-145226,2017-Q4,East,Office Supplies,4,7.98,31.92,16.53,7.09,8.3
US-2014-100279,2014-Q1,Central,Office Supplies,2,11.19,22.38,8.15,3.49,10.74
CA-2014-158064,2014-Q2,West,Office Supplies,5,3.3,16.52,7.66,3.28,5.58
US-2015-104430,2015-Q4,Central,Office Supplies,4,1.3,5.18,9.06,3.88,-7.76
CA-2015-132080,2015-Q3,East,Office Supplies,6,8.35,50.11,23.67,10.15,16.29
CA-2016-161207,2016-Q3,East,Office Supplies,3,9.31,27.93,13.88,5.95,8.1
CA-2014-120243,2014-Q4,West,Office Supplies,4,2.89,11.56,4.29,1.84,5.43
CA-2016-113621,2016-Q4,East,Furniture,2,86.25,172.5,84.52,36.23,51.75
CA-2016-113621,2016-Q4,East,Technology,3,59.99,179.97,94.49,40.49,44.99
CA-2016-168081,2016-Q2,Central,Technology,3,86.23,258.7,135.82,58.21,64.67
CA-2014-128146,2014-Q2,East,Technology,7,188.99,1322.93,676.02,289.72,357.19
CA-2014-128146,2014-Q2,East,Office Supplies,2,1.88,3.76,1.87,0.8,1.09
CA-2017-138779,2017-Q1,South,Office Supplies,1,21.74,21.74,10.08,4.32,7.34
CA-2017-138779,2017-Q1,South,Technology,5,1.58,7.92,5.06,2.17,0.69
CA-2014-127131,2014-Q4,West,Office Supplies,7,1.73,12.1,5.51,2.36,4.23
CA-2014-127131,2014-Q4,West,Office Supplies,6,80.98,485.88,333.31,142.85,9.72
CA-2014-127131,2014-Q4,West,Office Supplies,4,6.48,25.92,9.44,4.04,12.44
CA-2014-127131,2014-Q4,West,Office Supplies,2,98.79,197.58,100.96,43.27,53.35
CA-2017-117212,2017-Q1,West,Office Supplies,4,20.48,81.92,41.86,17.94,22.12
CA-2017-117212,2017-Q1,West,Technology,8,111.19,889.54,575.97,246.85,66.72
CA-2017-117212,2017-Q1,West,Furniture,3,297.41,892.22,562.1,240.9,89.22
CA-2017-117212,2017-Q1,West,Office Supplies,4,55.98,223.92,79.94,34.26,109.72
CA-2017-117212,2017-Q1,West,Office Supplies,4,5.78,23.12,8.25,3.54,11.33
US-2015-130519,2015-Q3,South,Office Supplies,3,5.18,15.55,7.08,3.03,5.44
US-2015-130519,2015-Q3,South,Furniture,4,3.93,15.71,9.21,3.95,2.55
US-2015-130519,2015-Q3,South,Office Supplies,2,12.34,24.67,15.76,6.75,2.16
US-2015-130519,2015-Q3,South,Furniture,1,55.97,55.97,40.65,17.42,-2.1
CA-2016-130946,2016-Q2,Central,Technology,9,47.99,431.93,257.0,110.14,64.79
CA-2016-130946,2016-Q2,Central,Furniture,4,24.0,95.98,70.06,30.03,-4.11
CA-2016-130946,2016-Q2,Central,Office Supplies,4,272.2,1088.79,2057.82,881.92,-1850.95
CA-2016-114727,2016-Q3,West,Furniture,3,181.34,544.01,352.25,150.96,40.8
CA-2016-114727,2016-Q3,West,Office Supplies,3,0.62,1.87,2.32,0.99,-1.44
CA-2016-114727,2016-Q3,West,Furniture,3,284.78,854.35,590.57,253.1,10.68
CA-2016-114727,2016-Q3,West,Office Supplies,2,296.79,593.57,415.5,178.07,0.0
CA-2016-114727,2016-Q3,West,Office Supplies,3,112.68,338.04,260.29,111.55,-33.8
CA-2017-133235,2017-Q3,South,Technology,5,54.39,271.96,178.47,76.49,17.0
CA-2016-137050,2016-Q3,East,Office Supplies,1,11.21,11.21,5.5,2.35,3.36
CA-2016-137050,2016-Q3,East,Office Supplies,3,3.05,9.14,4.16,1.78,3.2
CA-2016-137050,2016-Q3,East,Office Supplies,7,2.01,14.07,5.03,2.15,6.89
CA-2016-137050,2016-Q3,East,Office Supplies,7,5.98,41.86,21.98,9.42,10.46
CA-2016-137050,2016-Q3,East,Office Supplies,2,4.27,8.54,3.96,1.7,2.88
CA-2016-137050,2016-Q3,East,Furniture,4,144.78,579.14,390.19,167.23,21.72
US-2017-118087,2017-Q3,East,Furniture,2,70.68,141.37,132.89,56.95,-48.47
US-2017-118087,2017-Q3,East,Office Supplies,2,1.52,3.04,3.76,1.61,-2.33
US-2017-118087,2017-Q3,East,Office Supplies,1,4.5,4.5,5.67,2.43,-3.6
US-2017-118087,2017-Q3,East,Office Supplies,1,4.67,4.67,2.16,0.93,1.58
US-2017-118087,2017-Q3,East,Technology,3,31.96,95.88,46.98,20.14,28.76
US-2017-118087,2017-Q3,East,Furniture,2,8.51,17.02,10.72,4.6,1.7
US-2017-118087,2017-Q3,East,Technology,3,86.23,258.7,135.82,58.21,64.67
US-2017-118087,2017-Q3,East,Technology,7,275.99,1931.96,1622.84,695.51,-386.39
CA-2014-110184,2014-Q3,West,Office Supplies,9,27.75,249.75,143.35,61.44,44.96
CA-2014-110184,2014-Q3,West,Technology,8,31.99,255.94,159.0,68.15,28.79
CA-2016-126004,2016-Q4,East,Furniture,3,37.93,113.79,65.32,27.99,20.48
CA-2016-126004,2016-Q4,East,Technology,1,78.15,78.15,30.63,13.13,34.39
CA-2016-126004,2016-Q4,East,Office Supplies,1,1.73,1.73,0.79,0.34,0.6
CA-2016-126004,2016-Q4,East,Office Supplies,4,10.14,40.56,14.48,6.21,19.87
CA-2016-126004,2016-Q4,East,Office Supplies,3,60.98,182.94,125.5,53.78,3.66
CA-2016-126004,2016-Q4,East,Office Supplies,2,96.93,193.86,127.56,54.67,11.63
CA-2017-100013,2017-Q4,West,Office Supplies,2,7.64,15.28,5.45,2.34,7.49
CA-2017-100013,2017-Q4,West,Furniture,1,8.73,8.73,4.03,1.73,2.97
CA-2017-100013,2017-Q4,West,Office Supplies,2,2.84,5.68,2.74,1.18,1.76
CA-2015-132570,2015-Q4,East,Office Supplies,2,1.39,2.78,1.44,0.62,0.72
CA-2015-132570,2015-Q4,East,Office Supplies,2,39.98,79.96,30.79,13.19,35.98
CA-2016-153682,2016-Q2,East,Technology,2,420.0,839.99,538.99,231.0,70.0
CA-2016-144344,2016-Q4,South,Furniture,3,15.98,47.95,23.91,10.25,13.79
CA-2016-144344,2016-Q4,South,Office Supplies,5,7.48,37.42,47.15,20.21,-29.94
CA-2016-144344,2016-Q4,South,Furniture,2,31.98,63.97,44.78,19.19,0.0
CA-2016-144344,2016-Q4,South,Furniture,3,55.02,165.05,86.65,37.14,41.26
CA-2014-127012,2014-Q3,West,Furniture,1,12.35,12.35,4.84,2.08,5.43
CA-2014-127012,2014-Q3,West,Office Supplies,1,40.97,40.97,21.22,9.1,10.65
CA-2014-127012,2014-Q3,West,Office Supplies,2,11.48,22.96,8.52,3.65,10.79
CA-2016-128727,2016-Q3,East,Technology,4,5.5,22.0,11.55,4.95,5.5
US-2016-162859,2016-Q1,East,Office Supplies,3,132.78,398.35,191.71,82.16,124.48
US-2016-162859,2016-Q1,East,Office Supplies,4,2.18,8.72,3.6,1.54,3.58
CA-2017-133641,2017-Q2,South,Office Supplies,9,5.41,48.69,17.38,7.45,23.86
CA-2014-168494,2014-Q4,West,Furniture,6,127.45,764.69,468.37,200.73,95.59
CA-2014-168494,2014-Q4,West,Furniture,12,300.9,3610.85,2432.81,1042.63,135.41
CA-2014-168494,2014-Q4,West,Furniture,3,84.99,254.97,170.08,72.89,12.0
CA-2017-115602,2017-Q4,East,Office Supplies,6,6.47,38.82,14.95,6.4,17.47
CA-2017-115602,2017-Q4,East,Furniture,9,126.88,1141.94,701.66,300.71,139.57
CA-2017-115602,2017-Q4,East,Office Supplies,13,131.12,1704.56,835.23,357.96,511.37
CA-2017-115602,2017-Q4,East,Office Supplies,2,1.6,3.2,1.27,0.55,1.38
CA-2015-154956,2015-Q3,Central,Technology,4,274.99,1099.96,569.78,244.19,285.99
CA-2017-144638,2017-Q1,East,Office Supplies,2,2.62,5.25,3.26,1.4,0.59
CA-2017-144638,2017-Q1,East,Technology,3,11.97,35.91,31.0,13.29,-8.38
CA-2017-144638,2017-Q1,East,Furniture,1,6.7,6.7,4.34,1.86,0.5
CA-2017-144638,2017-Q1,East,Furniture,2,21.94,43.87,22.64,9.71,11.52
US-2016-168620,2016-Q4,South,Office Supplies,3,9.29,27.88,33.83,14.5,-20.45
US-2016-168620,2016-Q4,South,Office Supplies,3,180.02,540.05,411.11,176.19,-47.25
US-2016-168620,2016-Q4,South,Technology,8,31.96,255.68,125.29,53.69,76.7
CA-2017-117079,2017-Q4,South,Technology,3,287.96,863.88,529.13,226.77,107.98
US-2016-144393,2016-Q4,South,Office Supplies,4,4.4,17.62,22.2,9.51,-14.09
CA-2017-105053,2017-Q3,East,Office Supplies,3,5.82,17.47,7.8,3.34,6.33
CA-2016-155992,2016-Q4,Central,Technology,2,34.95,69.9,35.72,15.31,18.87
CA-2016-155992,2016-Q4,Central,Furniture,5,8.37,41.85,21.68,9.29,10.88
CA-2017-110380,2017-Q3,West,Office Supplies,3,2.19,6.57,3.36,1.44,1.77
US-2014-167738,2014-Q4,West,Office Supplies,1,142.86,142.86,71.0,30.43,41.43
US-2014-167738,2014-Q4,West,Furniture,6,48.71,292.27,191.8,82.2,18.27
CA-2017-121412,2017-Q3,West,Furniture,3,9.78,29.33,17.96,7.7,3.67
CA-2017-100426,2017-Q2,South,Office Supplies,2,6.24,12.48,4.8,2.06,5.62
US-2016-103646,2016-Q2,Central,Office Supplies,4,25.58,102.34,80.59,34.54,-12.79
US-2016-103646,2016-Q2,Central,Office Supplies,3,16.26,48.79,122.95,52.7,-126.86
US-2016-103646,2016-Q2,Central,Office Supplies,8,5.61,44.85,78.48,33.64,-67.27
CA-2016-119186,2016-Q2,Central,Office Supplies,2,5.18,10.37,4.72,2.02,3.63
CA-2016-119186,2016-Q2,Central,Furniture,5,77.69,388.43,334.05,143.16,-88.78
CA-2016-119186,2016-Q2,Central,Office Supplies,3,4.78,14.35,6.4,2.75,5.2
CA-2016-119186,2016-Q2,Central,Technology,1,63.99,63.99,49.83,21.36,-7.2
CA-2016-148698,2016-Q2,Central,Office Supplies,3,28.78,86.35,56.66,24.29,5.4
CA-2014-163293,2014-Q3,South,Technology,3,10.99,32.97,14.08,6.03,12.86
CA-2014-163293,2014-Q3,South,Technology,4,20.97,83.88,37.58,16.1,30.2
CA-2016-160815,2016-Q3,Central,Technology,3,92.8,278.4,138.36,59.3,80.74
CA-2017-122154,2017-Q2,South,Office Supplies,3,5.04,15.12,7.15,3.06,4.91
CA-2017-122154,2017-Q2,South,Office Supplies,1,17.43,17.43,21.55,9.24,-13.36
CA-2017-122154,2017-Q2,South,Office Supplies,3,83.88,251.64,114.5,49.07,88.07
US-2015-149692,2015-Q4,Central,Office Supplies,7,0.4,2.77,5.33,2.29,-4.85
CA-2016-119445,2016-Q2,East,Office Supplies,5,2.98,14.9,9.7,4.16,1.04
CA-2015-124268,2015-Q3,East,Office Supplies,3,5.16,15.48,7.69,3.3,4.49
CA-2016-154711,2016-Q4,East,Furniture,2,19.94,39.88,20.1,8.61,11.17
CA-2016-154711,2016-Q4,East,Office Supplies,4,3.05,12.19,5.66,2.42,4.11
CA-2016-154711,2016-Q4,East,Office Supplies,3,6.94,20.82,9.32,4.0,7.5
CA-2016-163384,2016-Q4,West,Office Supplies,4,3.3,13.22,6.13,2.63,4.46
CA-2016-163384,2016-Q4,West,Office Supplies,5,6.48,32.4,11.79,5.06,15.55
CA-2015-101707,2015-Q3,West,Office Supplies,3,10.98,32.94,16.6,7.12,9.22
CA-2015-101707,2015-Q3,West,Office Supplies,5,22.84,114.2,43.17,18.5,52.53
CA-2015-101707,2015-Q3,West,Office Supplies,1,3.08,3.08,1.12,0.48,1.48
CA-2015-138898,2015-Q2,West,Office Supplies,13,65.06,845.73,532.81,228.35,84.57
CA-2017-115427,2017-Q4,West,Office Supplies,2,6.95,13.9,6.57,2.81,4.52
CA-2017-115427,2017-Q4,West,Office Supplies,2,10.36,20.72,9.97,4.27,6.48
CA-2016-134425,2016-Q4,Central,Technology,5,22.99,114.95,78.86,33.79,2.3
CA-2015-121391,2015-Q4,West,Office Supplies,2,13.48,26.96,13.97,5.98,7.01
CA-2016-137043,2016-Q4,South,Furniture,6,95.46,572.76,284.66,122.0,166.1
CA-2016-137043,2016-Q4,South,Furniture,3,95.46,286.38,142.33,61.0,83.05
CA-2015-115847,2015-Q3,South,Furniture,2,30.98,61.96,40.33,17.29,4.34
US-2017-126179,2017-Q3,South,Furniture,1,23.99,23.99,12.93,5.54,5.52
US-2017-126179,2017-Q3,South,Technology,3,95.99,287.97,147.15,63.07,77.75
CA-2016-101966,2016-Q3,Central,Technology,7,59.99,419.94,257.21,110.24,52.49
CA-2016-141397,2016-Q2,West,Office Supplies,7,6.68,46.76,17.02,7.3,22.44
CA-2016-141397,2016-Q2,West,Office Supplies,3,5.9,17.71,7.9,3.39,6.42
CA-2016-141397,2016-Q2,West,Office Supplies,2,10.89,21.78,11.28,4.84,5.66
CA-2016-141397,2016-Q2,West,Office Supplies,3,53.98,161.94,106.55,45.67,9.72
CA-2016-141397,2016-Q2,West,Furniture,2,80.78,161.57,118.75,50.9,-8.08
CA-2016-141082,2016-Q4,East,Office Supplies,1,3.69,3.69,1.37,0.59,1.73
CA-2016-141082,2016-Q4,East,Office Supplies,4,30.53,122.12,46.16,19.78,56.18
US-2016-134488,2016-Q3,East,Furniture,2,77.68,155.37,118.08,50.61,-13.32
CA-2016-145919,2016-Q4,West,Office Supplies,6,6.48,38.88,14.15,6.07,18.66
CA-2016-145919,2016-Q4,West,Furniture,8,22.98,183.84,84.93,36.4,62.51
CA-2016-145919,2016-Q4,West,Office Supplies,5,115.86,579.3,385.24,165.1,28.96
CA-2017-157651,2017-Q4,East,Technology,1,14.2,14.2,7.58,3.25,3.37
CA-2014-160773,2014-Q3,South,Technology,2,287.96,575.92,352.75,151.18,71.99
CA-2014-160773,2014-Q3,South,Office Supplies,6,0.86,5.18,6.17,2.64,-3.63
CA-2017-167703,2017-Q1,East,Office Supplies,3,1.74,5.23,6.59,2.82,-4.18
CA-2017-167703,2017-Q1,East,Office Supplies,2,142.78,285.55,174.9,74.96,35.69
CA-2017-121804,2017-Q1,South,Office Supplies,5,14.56,72.8,37.2,15.94,19.66
CA-2017-162635,2017-Q4,South,Office Supplies,4,2.7,10.82,5.11,2.19,3.52
CA-2014-107153,2014-Q3,East,Office Supplies,3,15.42,46.26,23.64,10.13,12.49
US-2014-117058,2014-Q2,Central,Office Supplies,6,2.91,17.46,33.61,14.41,-30.56
CA-2015-120439,2015-Q2,East,Furniture,6,8.51,51.07,32.17,13.79,5.11
CA-2016-128258,2016-Q1,East,Office Supplies,1,11.34,11.34,4.05,1.73,5.56
CA-2017-106033,2017-Q4,West,Office Supplies,4,21.98,87.92,43.08,18.46,26.38
CA-2016-142762,2016-Q2,West,Furniture,3,12.35,37.05,14.52,6.23,16.3
CA-2017-127705,2017-Q2,East,Technology,1,2.97,2.97,2.53,1.08,-0.64
CA-2017-127705,2017-Q2,East,Office Supplies,2,13.72,27.44,17.53,7.51,2.4
CA-2014-122567,2014-Q1,Central,Office Supplies,3,0.36,1.08,1.97,0.84,-1.73
CA-2014-122567,2014-Q1,Central,Office Supplies,2,3.98,7.96,15.32,6.57,-13.93
CA-2014-121664,2014-Q2,West,Office Supplies,8,17.59,140.74,61.57,26.39,52.78
CA-2016-122133,2016-Q2,East,Office Supplies,4,138.14,552.56,386.79,165.77,0.0
US-2017-123281,2017-Q2,West,Furniture,3,8.37,25.11,13.01,5.57,6.53
CA-2017-100524,2017-Q1,East,Furniture,2,14.89,29.78,15.22,6.52,8.04
CA-2017-100524,2017-Q1,East,Technology,3,225.86,677.58,350.99,150.42,176.17
CA-2017-100524,2017-Q1,East,Office Supplies,8,9.38,75.04,27.31,11.71,36.02
CA-2017-113481,2017-Q1,South,Technology,2,347.85,695.7,506.47,217.06,-27.83
CA-2017-113481,2017-Q1,South,Office Supplies,5,3.13,15.66,19.73,8.46,-12.53
CA-2017-113481,2017-Q1,South,Office Supplies,6,4.81,28.85,35.01,15.0,-21.16
CA-2015-131758,2015-Q2,East,Office Supplies,3,15.94,47.82,23.43,10.04,14.35
CA-2015-131758,2015-Q2,East,Office Supplies,5,2.61,13.05,4.94,2.11,6.0
CA-2014-118339,2014-Q1,Central,Office Supplies,2,46.89,93.78,40.05,17.16,36.57
CA-2014-118339,2014-Q1,Central,Office Supplies,7,6.74,47.18,16.51,7.08,23.59
CA-2014-118339,2014-Q1,Central,Office Supplies,6,3.28,19.68,9.78,4.19,5.71
CA-2014-118339,2014-Q1,Central,Office Supplies,10,5.34,53.4,19.81,8.49,25.1
CA-2014-118339,2014-Q1,Central,Office Supplies,6,5.98,35.88,13.06,5.6,17.22
CA-2014-153976,2014-Q4,Central,Furniture,3,86.09,258.28,229.87,98.51,-70.1
CA-2016-162901,2016-Q1,South,Office Supplies,2,15.7,31.4,16.48,7.07,7.85
CA-2017-162978,2017-Q2,West,Technology,5,36.79,183.96,114.28,48.98,20.7
CA-2017-162978,2017-Q2,West,Office Supplies,3,5.87,17.61,6.41,2.75,8.45
CA-2017-162978,2017-Q2,West,Furniture,1,300.9,300.9,202.73,86.89,11.28
US-2014-160444,2014-Q3,Central,Office Supplies,3,73.59,220.78,185.46,79.48,-44.16
US-2014-160444,2014-Q3,Central,Office Supplies,11,25.58,281.42,221.62,94.98,-35.18
CA-2016-145247,2016-Q2,South,Office Supplies,3,26.38,79.14,29.92,12.82,36.4
CA-2017-160045,2017-Q2,Central,Furniture,1,1.99,1.99,2.4,1.03,-1.44
US-2014-151925,2014-Q3,West,Furniture,2,72.78,145.57,101.9,43.67,0.0
CA-2017-125199,2017-Q4,East,Office Supplies,7,17.61,123.26,79.81,34.21,9.24
CA-2017-125199,2017-Q4,East,Office Supplies,4,5.92,23.68,11.4,4.88,7.4
CA-2017-125199,2017-Q4,East,Technology,4,77.4,309.58,256.44,109.9,-56.76
US-2017-155425,2017-Q4,West,Office Supplies,14,2.74,38.39,44.79,19.19,-25.59
US-2017-155425,2017-Q4,West,Technology,2,48.0,95.99,111.99,48.0,-64.0
US-2017-155425,2017-Q4,West,Technology,6,39.99,239.95,193.16,82.78,-35.99
US-2017-155425,2017-Q4,West,Technology,2,100.79,201.58,130.52,55.94,15.12
US-2017-155425,2017-Q4,West,Furniture,4,224.78,899.14,731.67,313.58,-146.11
CA-2017-133249,2017-Q3,West,Furniture,5,29.18,145.9,58.21,24.95,62.74
US-2015-103471,2015-Q4,West,Furniture,7,84.29,590.06,963.76,413.04,-786.74
US-2015-103471,2015-Q4,West,Office Supplies,3,4.68,14.04,8.72,3.74,1.58
CA-2017-136672,2017-Q1,East,Technology,3,16.36,49.08,30.92,13.25,4.91
US-2014-157021,2014-Q2,West,Office Supplies,2,14.8,29.6,10.36,4.44,14.8
US-2014-157021,2014-Q2,West,Office Supplies,4,4.27,17.09,8.08,3.46,5.55
CA-2015-120362,2015-Q3,West,Furniture,5,182.55,912.75,555.86,238.23,118.66
CA-2014-126361,2014-Q3,West,Office Supplies,3,363.25,1089.75,549.23,235.39,305.13
CA-2014-126361,2014-Q3,West,Office Supplies,8,55.98,447.84,159.88,68.52,219.44
CA-2014-126361,2014-Q3,West,Office Supplies,5,3.28,16.4,8.5,3.64,4.26
CA-2014-126361,2014-Q3,West,Technology,5,79.99,399.96,255.47,109.49,35.0
CA-2014-126361,2014-Q3,West,Office Supplies,5,31.78,158.9,105.67,45.29,7.94
CA-2014-126361,2014-Q3,West,Office Supplies,1,13.18,13.18,5.88,2.52,4.78
US-2016-100566,2016-Q3,Central,Furniture,3,27.98,83.95,121.94,52.26,-90.25
US-2016-108504,2016-Q1,South,Office Supplies,1,80.98,80.98,55.55,23.81,1.62
US-2016-108504,2016-Q1,South,Office Supplies,9,38.76,348.84,124.54,53.37,170.93
US-2016-108504,2016-Q1,South,Office Supplies,5,1.89,9.45,6.48,2.78,0.19
US-2016-108504,2016-Q1,South,Furniture,3,6.28,18.84,8.18,3.5,7.16
US-2016-108504,2016-Q1,South,Furniture,2,119.99,239.98,131.03,56.15,52.8
US-2016-108504,2016-Q1,South,Office Supplies,2,83.98,167.96,62.31,26.71,78.94
US-2016-108504,2016-Q1,South,Technology,3,34.95,104.85,53.58,22.96,28.31
US-2016-108504,2016-Q1,South,Technology,3,161.61,484.83,251.14,107.63,126.06
US-2016-108504,2016-Q1,South,Office Supplies,3,40.99,122.97,43.9,18.81,60.26
US-2016-108504,2016-Q1,South,Office Supplies,3,51.48,154.44,107.03,45.87,1.54
US-2016-108504,2016-Q1,South,Office Supplies,7,48.91,342.37,127.02,54.44,160.91
CA-2017-124828,2017-Q3,South,Office Supplies,3,3.18,9.55,5.6,2.4,1.55
US-2017-117247,2017-Q4,Central,Furniture,5,130.49,652.45,758.15,324.92,-430.62
US-2017-117247,2017-Q4,Central,Furniture,3,22.21,66.64,76.5,32.79,-42.65
CA-2016-124485,2016-Q4,East,Office Supplies,4,4.3,17.22,7.83,3.36,6.03
CA-2016-124485,2016-Q4,East,Office Supplies,2,5.78,11.56,4.13,1.77,5.66
CA-2016-124485,2016-Q4,East,Technology,4,22.1,88.4,53.84,23.07,11.49
CA-2016-124485,2016-Q4,East,Office Supplies,1,6.48,6.48,2.36,1.01,3.11
CA-2016-159212,2016-Q4,South,Technology,2,10.9,21.8,10.99,4.71,6.1
CA-2016-159212,2016-Q4,South,Office Supplies,3,83.93,251.79,93.41,40.04,118.34
US-2016-161396,2016-Q2,East,Furniture,2,102.59,205.18,184.32,78.99,-58.13
US-2016-161396,2016-Q2,East,Office Supplies,5,83.88,419.4,190.83,81.78,146.79
US-2014-118486,2014-Q2,East,Office Supplies,1,10.3,10.3,8.74,3.75,-2.19
US-2014-118486,2014-Q2,East,Furniture,3,51.59,154.76,133.61,57.26,-36.11
US-2014-118486,2014-Q2,East,Technology,2,58.39,116.78,66.42,28.46,21.9
CA-2016-130407,2016-Q3,East,Office Supplies,2,37.74,75.48,39.1,16.76,19.62
CA-2016-130407,2016-Q3,East,Furniture,2,19.99,39.98,20.99,9.0,9.99
US-2016-122245,2016-Q3,West,Furniture,3,131.05,393.16,418.33,179.28,-204.45
CA-2017-105144,2017-Q4,Central,Office Supplies,2,11.84,23.68,10.36,4.44,8.88
CA-2016-136329,2016-Q3,East,Furniture,2,204.0,408.01,234.84,100.64,72.53
CA-2016-136329,2016-Q3,East,Furniture,4,41.32,165.28,105.28,45.12,14.88
CA-2014-146640,2014-Q2,East,Office Supplies,7,47.82,334.77,158.18,67.79,108.8
CA-2017-115994,2017-Q1,West,Technology,3,79.99,239.97,149.5,64.07,26.4
CA-2017-115994,2017-Q1,West,Furniture,3,12.58,37.74,17.44,7.47,12.83
CA-2015-126697,2015-Q3,Central,Technology,7,135.19,946.34,579.63,248.42,118.29
CA-2015-126697,2015-Q3,Central,Technology,3,50.4,151.2,83.35,35.72,32.13
CA-2015-126697,2015-Q3,Central,Furniture,4,1.23,4.93,4.49,1.92,-1.48
CA-2015-124800,2015-Q3,West,Office Supplies,4,21.57,86.27,38.5,16.5,31.27
CA-2015-124800,2015-Q3,West,Office Supplies,2,36.3,72.59,84.69,36.29,-48.39
CA-2015-124800,2015-Q3,West,Office Supplies,2,30.34,60.67,32.38,13.88,14.41
CA-2015-124800,2015-Q3,West,Office Supplies,9,8.56,77.03,95.26,40.83,-59.06
CA-2015-124800,2015-Q3,West,Office Supplies,6,19.98,119.9,84.98,36.42,-1.5
CA-2015-124800,2015-Q3,West,Technology,5,52.79,263.96,168.6,72.26,23.1
CA-2015-124800,2015-Q3,West,Office Supplies,4,90.91,363.65,315.01,135.01,-86.37
US-2015-164448,2015-Q4,West,Office Supplies,2,4.86,9.73,4.52,1.93,3.28
US-2015-164448,2015-Q4,West,Office Supplies,5,2.95,14.75,5.37,2.3,7.08
US-2015-164448,2015-Q4,West,Office Supplies,5,5.96,29.8,14.34,6.15,9.31
US-2015-164448,2015-Q4,West,Office Supplies,14,30.53,427.42,161.57,69.24,196.61
CA-2017-122700,2017-Q4,East,Technology,8,27.59,220.75,182.85,78.37,-40.47
CA-2014-120768,2014-Q4,South,Office Supplies,6,25.46,152.76,54.54,23.37,74.85
CA-2014-120768,2014-Q4,South,Office Supplies,1,7.27,7.27,3.72,1.59,1.96
CA-2014-120768,2014-Q4,South,Furniture,14,129.99,1819.86,1159.25,496.82,163.79
US-2016-153129,2016-Q4,West,Office Supplies,5,6.78,33.9,12.82,5.49,15.59
CA-2017-106852,2017-Q2,East,Office Supplies,6,5.18,31.1,14.15,6.06,10.89
CA-2017-106852,2017-Q2,East,Office Supplies,2,2.62,5.25,3.26,1.4,0.59
CA-2015-139731,2015-Q4,Central,Technology,3,87.96,263.88,154.7,66.3,42.88
CA-2015-139731,2015-Q4,Central,Furniture,5,490.69,2453.43,1962.74,841.18,-350.49
CA-2017-122735,2017-Q2,East,Office Supplies,5,5.94,29.7,11.44,4.9,13.36
CA-2017-122735,2017-Q2,East,Office Supplies,4,9.99,39.96,15.39,6.59,17.98
CA-2017-128160,2017-Q4,West,Office Supplies,2,18.34,36.67,17.65,7.56,11.46
CA-2017-117695,2017-Q3,South,Office Supplies,2,6.88,13.76,5.2,2.23,6.33
CA-2015-166135,2015-Q4,West,Office Supplies,4,34.85,139.42,85.39,36.6,17.43
CA-2016-133725,2016-Q2,Central,Technology,9,219.99,1979.93,1282.01,549.43,148.49
CA-2017-102337,2017-Q2,Central,Office Supplies,4,41.18,164.74,142.7,61.16,-39.12
CA-2017-102337,2017-Q2,Central,Furniture,7,67.19,470.3,390.35,167.29,-87.34
CA-2017-102337,2017-Q2,Central,Technology,2,23.99,47.98,29.39,12.59,6.0
US-2014-112564,2014-Q2,East,Office Supplies,3,0.83,2.5,2.97,1.28,-1.75
CA-2015-145821,2015-Q2,West,Technology,3,29.58,88.75,54.36,23.3,11.09
US-2015-160150,2015-Q3,West,Office Supplies,1,2.02,2.02,2.36,1.01,-1.35
CA-2016-133711,2016-Q4,South,Office Supplies,7,10.14,70.98,25.34,10.86,34.78
CA-2016-133711,2016-Q4,South,Office Supplies,3,30.56,91.68,32.09,13.75,45.84
CA-2016-133711,2016-Q4,South,Office Supplies,5,6.75,33.75,11.81,5.06,16.88
CA-2016-133711,2016-Q4,South,Technology,8,380.0,3040.0,1106.56,474.24,1459.2
CA-2017-148474,2017-Q2,South,Office Supplies,3,30.4,91.2,34.47,14.78,41.95
CA-2017-148474,2017-Q2,South,Furniture,3,150.98,452.94,269.5,115.5,67.94
CA-2015-111297,2015-Q3,East,Office Supplies,9,5.8,52.2,20.1,8.61,23.49
CA-2016-123722,2016-Q3,Central,Office Supplies,4,3.98,15.94,7.53,3.23,5.18
CA-2014-155271,2014-Q2,East,Furniture,2,13.73,27.46,12.3,5.27,9.89
CA-2015-119907,2015-Q4,West,Office Supplies,2,27.71,55.42,25.21,10.81,19.4
US-2016-128902,2016-Q1,East,Furniture,2,122.0,244.01,192.77,82.61,-31.37
CA-2016-152289,2016-Q3,Central,Technology,2,79.99,159.98,81.19,34.79,44.0
CA-2016-152289,2016-Q3,Central,Furniture,6,170.79,1024.72,737.8,316.2,-29.28
US-2016-104794,2016-Q4,East,Office Supplies,2,1.84,3.68,1.32,0.56,1.8
CA-2014-151708,2014-Q3,West,Furniture,4,30.34,121.38,87.09,37.32,-3.03
CA-2014-151708,2014-Q3,West,Technology,3,31.99,95.98,74.75,32.03,-10.8
CA-2015-100769,2015-Q2,South,Technology,4,63.99,255.97,156.78,67.19,32.0
CA-2017-139199,2017-Q4,Central,Furniture,3,290.98,872.94,452.19,193.79,226.96
CA-2017-139199,2017-Q4,Central,Office Supplies,2,20.77,41.54,15.41,6.61,19.52
CA-2017-139199,2017-Q4,Central,Office Supplies,2,6.48,12.96,4.72,2.02,6.22
US-2015-161466,2015-Q3,East,Office Supplies,2,3.42,6.85,4.38,1.87,0.6
CA-2017-164959,2017-Q3,West,Office Supplies,3,2.89,8.67,3.22,1.38,4.07
US-2015-105676,2015-Q4,Central,Furniture,4,1.67,6.69,7.49,3.21,-4.01
CA-2016-113138,2016-Q4,East,Office Supplies,6,2.88,17.28,8.59,3.68,5.01
CA-2016-113138,2016-Q4,East,Office Supplies,3,5.9,17.71,7.9,3.39,6.42
US-2017-104955,2017-Q1,East,Office Supplies,7,4.13,28.91,10.93,4.68,13.3
CA-2016-121958,2016-Q4,South,Office Supplies,7,7.45,52.14,32.39,13.88,5.87
CA-2017-121468,2017-Q4,West,Technology,4,7.99,31.97,20.7,8.87,2.4
US-2016-108455,2016-Q4,West,Office Supplies,4,6.48,25.92,9.44,4.04,12.44
US-2016-108455,2016-Q4,West,Office Supplies,7,5.78,40.46,14.44,6.19,19.83
US-2016-108455,2016-Q4,West,Office Supplies,3,11.29,33.87,17.54,7.52,8.81
CA-2017-101210,2017-Q3,South,Office Supplies,2,4.86,9.73,5.62,2.41,1.7
CA-2017-101210,2017-Q3,South,Office Supplies,1,3.42,3.42,1.64,0.71,1.07
US-2016-108098,2016-Q4,West,Technology,3,59.0,177.0,102.84,44.07,30.09
CA-2014-119032,2014-Q4,East,Office Supplies,2,1.88,3.76,1.71,0.73,1.32
CA-2015-140410,2015-Q4,West,Technology,7,173.26,1212.85,774.71,332.02,106.12
CA-2015-140410,2015-Q4,West,Technology,3,29.99,89.97,36.53,15.65,37.79
CA-2015-140410,2015-Q4,West,Furniture,3,14.2,42.6,18.19,7.8,16.61
CA-2014-136280,2014-Q4,East,Office Supplies,2,2.52,5.04,2.3,0.98,1.76
CA-2017-151911,2017-Q2,East,Office Supplies,4,15.74,62.96,24.24,10.39,28.33
CA-2017-166436,2017-Q4,East,Office Supplies,1,5.88,5.88,2.1,0.9,2.88
CA-2017-166436,2017-Q4,East,Furniture,6,162.88,977.29,562.48,241.07,173.74
CA-2017-139661,2017-Q4,West,Furniture,2,4.82,9.64,4.19,1.79,3.66
CA-2014-123925,2014-Q4,South,Office Supplies,3,13.35,40.05,20.19,8.65,11.21
CA-2017-152485,2017-Q3,Central,Office Supplies,7,1.46,10.19,4.91,2.1,3.18
CA-2017-152485,2017-Q3,Central,Office Supplies,1,16.78,16.78,11.89,5.1,-0.21
CA-2017-152485,2017-Q3,Central,Office Supplies,5,2.62,13.12,6.54,2.81,3.77
CA-2016-141586,2016-Q4,West,Office Supplies,5,3.63,18.16,8.11,3.47,6.58
CA-2017-130386,2017-Q4,Central,Office Supplies,3,5.35,16.06,7.17,3.07,5.82
CA-2017-130386,2017-Q4,Central,Office Supplies,9,24.78,223.06,107.35,46.01,69.7
CA-2017-130386,2017-Q4,Central,Office Supplies,3,180.02,540.05,411.11,176.19,-47.25
CA-2016-100468,2016-Q4,West,Technology,2,16.76,33.52,21.12,9.05,3.35
CA-2016-100468,2016-Q4,West,Furniture,2,4.97,9.94,4.8,2.06,3.08
CA-2015-153388,2015-Q3,West,Office Supplies,4,1.68,6.72,2.35,1.01,3.36
CA-2015-153388,2015-Q3,West,Furniture,6,167.5,1004.98,826.59,354.26,-175.87
CA-2017-154935,2017-Q4,East,Office Supplies,3,5.96,17.88,8.6,3.69,5.59
CA-2016-134208,2016-Q3,South,Technology,4,99.0,396.0,144.14,61.78,190.08
CA-2017-108294,2017-Q4,Central,Office Supplies,3,11.5,34.5,13.29,5.69,15.52
CA-2017-103611,2017-Q3,West,Furniture,2,4.18,8.36,3.74,1.61,3.01
CA-2017-100384,2017-Q2,West,Office Supplies,8,48.2,385.6,191.65,82.13,111.82
CA-2017-100384,2017-Q2,West,Office Supplies,9,3.98,35.82,16.8,7.2,11.82
CA-2017-112809,2017-Q3,Central,Office Supplies,3,66.69,200.06,131.29,56.27,12.5
CA-2017-112809,2017-Q3,Central,Office Supplies,5,4.28,21.38,38.16,16.36,-33.14
CA-2017-112809,2017-Q3,Central,Office Supplies,4,1.68,6.74,12.74,5.46,-11.46
US-2017-160759,2017-Q4,East,Furniture,1,63.69,63.69,50.95,21.84,-9.1
CA-2017-148446,2017-Q4,West,Furniture,4,417.4,1669.6,1086.91,465.82,116.87
CA-2014-111059,2014-Q1,West,Office Supplies,2,41.92,83.84,39.61,16.98,27.25
CA-2014-111059,2014-Q1,West,Office Supplies,3,4.42,13.27,6.27,2.69,4.31
CA-2017-116204,2017-Q1,West,Office Supplies,7,3.05,21.34,9.53,4.08,7.73
CA-2017-109946,2017-Q2,Central,Office Supplies,5,3.3,16.52,10.12,4.34,2.06
CA-2015-144806,2015-Q4,West,Furniture,6,34.35,206.11,110.01,47.15,48.95
CA-2015-144806,2015-Q4,West,Office Supplies,5,3.98,19.92,9.24,3.96,6.72
CA-2015-144806,2015-Q4,West,Office Supplies,8,24.78,198.27,95.42,40.89,61.96
CA-2015-144806,2015-Q4,West,Office Supplies,6,41.18,247.1,214.05,91.74,-58.69
CA-2015-144806,2015-Q4,West,Office Supplies,6,14.38,86.3,53.61,22.98,9.71
CA-2016-122392,2016-Q3,East,Office Supplies,2,2.08,4.16,2.66,1.14,0.36
CA-2016-122392,2016-Q3,East,Furniture,2,5.82,11.65,5.81,2.49,3.35
CA-2015-148432,2015-Q4,East,Office Supplies,7,3.74,26.18,17.96,7.7,0.52
CA-2015-148432,2015-Q4,East,Office Supplies,2,3.65,7.3,2.71,1.16,3.43
CA-2015-103793,2015-Q1,South,Office Supplies,3,24.78,74.35,35.78,15.33,23.24
CA-2017-159884,2017-Q3,West,Office Supplies,1,10.74,10.74,6.95,2.98,0.81
CA-2017-159884,2017-Q3,West,Office Supplies,3,2.79,8.38,3.96,1.7,2.72
CA-2016-139885,2016-Q4,East,Office Supplies,6,35.48,212.88,149.02,63.86,0.0
CA-2017-124086,2017-Q1,West,Furniture,2,101.99,203.98,131.03,56.15,16.8
CA-2016-112389,2016-Q4,East,Office Supplies,3,13.58,40.74,28.23,12.1,0.41
CA-2016-112389,2016-Q4,East,Office Supplies,3,3.89,11.67,6.05,2.59,3.03
CA-2017-121888,2017-Q3,East,Technology,1,39.99,39.99,19.87,8.52,11.6
CA-2017-121888,2017-Q3,East,Office Supplies,2,8.14,16.28,6.84,2.93,6.51
CA-2017-121888,2017-Q3,East,Furniture,3,260.98,782.94,405.57,173.81,203.56
CA-2017-121888,2017-Q3,East,Office Supplies,7,34.64,242.48,88.26,37.83,116.39
CA-2014-166884,2014-Q1,East,Furniture,5,1.66,8.32,4.22,1.81,2.29
CA-2014-166884,2014-Q1,East,Office Supplies,6,1.74,10.46,6.13,2.63,1.7
CA-2014-107181,2014-Q1,West,Office Supplies,3,27.63,82.9,37.72,16.17,29.01
CA-2014-107181,2014-Q1,West,Office Supplies,4,8.56,34.24,12.71,5.44,16.09
CA-2014-150245,2014-Q4,East,Furniture,7,224.78,1573.49,963.76,413.04,196.69
CA-2015-111395,2015-Q4,Central,Office Supplies,4,83.88,335.52,152.66,65.43,117.43
CA-2015-111395,2015-Q4,Central,Office Supplies,2,11.96,23.91,45.19,19.37,-40.65
CA-2015-111395,2015-Q4,Central,Office Supplies,2,13.53,27.06,17.28,7.41,2.37
CA-2014-134278,2014-Q3,East,Technology,1,559.99,559.99,269.49,115.5,175.0
US-2017-124926,2017-Q4,Central,Office Supplies,6,1.55,9.32,23.82,10.21,-24.71
CA-2016-159345,2016-Q2,West,Office Supplies,2,55.98,111.96,39.97,17.13,54.86
CA-2014-130274,2014-Q2,Central,Office Supplies,7,3.08,21.56,7.85,3.36,10.35
CA-2017-158386,2017-Q4,South,Office Supplies,5,24.95,124.75,47.16,20.21,57.38
CA-2015-111507,2015-Q1,West,Office Supplies,3,1.76,5.28,2.62,1.13,1.53
CA-2017-120761,2017-Q3,East,Technology,4,22.99,91.96,36.69,15.73,39.54
CA-2016-109176,2016-Q2,East,Office Supplies,1,9.34,9.34,4.09,1.75,3.5
CA-2016-109176,2016-Q2,East,Office Supplies,5,15.87,79.36,48.61,20.83,9.92
CA-2015-112116,2015-Q1,West,Furniture,2,85.98,171.96,89.07,38.18,44.71
CA-2016-126809,2016-Q2,West,Office Supplies,9,3.93,35.35,15.77,6.76,12.82
CA-2014-105172,2014-Q2,West,Office Supplies,6,3.15,18.9,6.88,2.95,9.07
CA-2017-107293,2017-Q3,West,Office Supplies,1,2.78,2.78,1.44,0.62,0.72
US-2017-102890,2017-Q2,East,Furniture,5,208.93,1044.63,938.43,402.18,-295.98
CA-2015-158554,2015-Q4,East,Office Supplies,3,3.78,11.35,5.06,2.17,4.12
CA-2014-116239,2014-Q1,South,Office Supplies,5,70.98,354.9,236.01,101.15,17.74
CA-2015-132101,2015-Q1,West,Technology,3,151.19,453.58,289.72,124.17,39.69
CA-2015-129112,2015-Q4,Central,Technology,3,7.16,21.48,15.22,6.53,-0.27
CA-2015-129112,2015-Q4,Central,Office Supplies,4,2.19,8.78,15.68,6.72,-13.62
US-2017-152002,2017-Q2,West,Office Supplies,3,40.99,122.97,43.9,18.81,60.26
CA-2017-165029,2017-Q4,South,Office Supplies,3,4.28,12.84,6.38,2.74,3.72
US-2014-157385,2014-Q4,West,Furniture,5,120.78,603.92,470.3,201.56,-67.94
US-2014-157385,2014-Q4,West,Office Supplies,3,7.28,21.84,7.95,3.41,10.48
US-2014-157385,2014-Q4,West,Technology,1,29.99,29.99,16.58,7.11,6.3
US-2014-157385,2014-Q4,West,Furniture,2,190.72,381.44,250.32,107.28,23.84
CA-2014-101602,2014-Q4,Central,Technology,3,13.56,40.68,34.88,14.95,-9.15
CA-2014-101602,2014-Q4,Central,Furniture,5,152.66,763.28,549.56,235.53,-21.81
CA-2016-109057,2016-Q2,Central,Office Supplies,2,11.98,23.95,15.08,6.47,2.4
CA-2016-154403,2016-Q2,South,Office Supplies,1,4.98,4.98,1.78,0.76,2.44
CA-2016-102456,2016-Q1,East,Office Supplies,3,56.96,170.88,84.92,36.4,49.56
CA-2015-131338,2015-Q3,East,Technology,2,153.99,307.98,153.07,65.6,89.31
CA-2015-131338,2015-Q3,East,Furniture,9,42.53,382.81,375.15,160.78,-153.12
CA-2015-131338,2015-Q3,East,Office Supplies,2,20.98,41.96,27.31,11.71,2.94
CA-2015-131338,2015-Q3,East,Office Supplies,2,608.78,1217.57,532.69,228.29,456.59
CA-2015-131338,2015-Q3,East,Furniture,3,15.68,47.04,20.08,8.61,18.35
CA-2015-131338,2015-Q3,East,Furniture,2,3.08,6.16,2.24,0.96,2.96
CA-2015-131338,2015-Q3,East,Technology,5,195.99,979.95,493.89,211.67,274.39
CA-2015-131338,2015-Q3,East,Office Supplies,3,47.9,143.7,52.3,22.42,68.98
CA-2015-131338,2015-Q3,East,Office Supplies,3,3.55,10.65,3.95,1.69,5.01
CA-2015-131338,2015-Q3,East,Technology,4,61.95,247.8,149.18,63.93,34.69
CA-2016-109911,2016-Q2,South,Office Supplies,4,2.74,10.96,5.6,2.4,2.96
US-2016-132423,2016-Q2,Central,Office Supplies,7,4.78,33.49,19.34,8.29,5.86
US-2016-132423,2016-Q2,Central,Office Supplies,5,1.61,8.04,3.59,1.54,2.91
CA-2015-122826,2015-Q2,West,Technology,4,50.39,201.57,125.22,53.67,22.68
CA-2014-117317,2014-Q4,West,Office Supplies,3,4.48,13.44,4.79,2.06,6.59
CA-2015-118423,2015-Q1,Central,Furniture,3,119.69,359.06,276.48,118.49,-35.91
CA-2017-149181,2017-Q2,East,Furniture,2,24.0,47.99,35.04,15.01,-2.06
CA-2017-132234,2017-Q4,East,Furniture,13,42.1,547.3,260.51,111.65,175.14
CA-2017-158876,2017-Q4,Central,Office Supplies,4,4.22,16.9,8.13,3.49,5.28
CA-2017-158876,2017-Q4,Central,Office Supplies,1,6.67,6.67,4.32,1.85,0.5
CA-2017-158876,2017-Q4,Central,Office Supplies,4,24.78,99.14,63.33,27.14,8.67
CA-2017-158876,2017-Q4,Central,Furniture,2,8.0,15.99,20.99,8.99,-13.99
CA-2016-164672,2016-Q2,East,Furniture,2,105.98,211.96,118.7,50.87,42.39
US-2016-132857,2016-Q4,South,Office Supplies,3,2.22,6.67,3.5,1.5,1.67
CA-2017-116645,2017-Q4,East,Office Supplies,6,25.99,155.94,77.5,33.22,45.22
US-2016-115819,2016-Q2,West,Technology,5,7.99,39.96,18.88,8.09,12.99
US-2016-115819,2016-Q2,West,Office Supplies,3,1.82,5.46,2.75,1.18,1.53
US-2016-115819,2016-Q2,West,Office Supplies,5,14.64,73.2,36.38,15.59,21.23
US-2016-115819,2016-Q2,West,Office Supplies,1,5.84,5.84,2.71,1.16,1.97
US-2016-115819,2016-Q2,West,Office Supplies,4,5.68,22.72,8.75,3.75,10.22
US-2016-115819,2016-Q2,West,Office Supplies,3,3.11,9.34,4.25,1.82,3.27
CA-2014-156349,2014-Q2,West,Furniture,2,145.34,290.67,184.32,78.99,27.36
CA-2014-156349,2014-Q2,West,Technology,2,100.79,201.58,126.99,54.43,20.16
CA-2014-156349,2014-Q2,West,Technology,2,41.99,83.98,36.74,15.75,31.49
CA-2017-138380,2017-Q4,West,Office Supplies,7,142.86,1000.02,497.01,213.0,290.01
US-2016-113509,2016-Q1,East,Technology,3,27.99,83.98,68.34,29.29,-13.65
CA-2015-130022,2015-Q3,Central,Office Supplies,1,3.75,3.75,1.36,0.59,1.8
CA-2015-130022,2015-Q3,Central,Office Supplies,4,10.35,41.4,15.07,6.46,19.87
CA-2015-130022,2015-Q3,Central,Office Supplies,3,9.93,29.79,12.1,5.18,12.51
US-2016-118780,2016-Q3,East,Office Supplies,2,29.74,59.48,35.39,15.17,8.92
US-2016-118780,2016-Q3,East,Office Supplies,1,6.69,6.69,2.53,1.08,3.08
CA-2017-108560,2017-Q3,West,Furniture,2,99.23,198.46,69.46,29.77,99.23
CA-2017-108560,2017-Q3,West,Office Supplies,8,98.31,786.48,280.77,120.33,385.38
CA-2017-108560,2017-Q3,West,Office Supplies,2,11.58,23.17,10.75,4.6,7.82
CA-2017-108560,2017-Q3,West,Technology,2,25.0,50.0,27.65,11.85,10.5
CA-2015-157084,2015-Q4,West,Technology,5,135.19,675.96,414.02,177.44,84.5
CA-2015-157084,2015-Q4,West,Technology,3,421.95,1265.85,496.22,212.66,556.97
CA-2015-164539,2015-Q4,East,Office Supplies,5,104.65,523.25,267.38,114.59,141.28
CA-2015-143119,2015-Q3,South,Furniture,6,86.25,517.5,253.57,108.68,155.25
CA-2017-101049,2017-Q2,East,Furniture,5,3.58,17.92,10.82,4.64,2.46
CA-2017-101049,2017-Q2,East,Office Supplies,6,6.88,41.26,52.95,22.69,-34.38
CA-2016-106530,2016-Q2,East,Office Supplies,3,335.35,1006.06,642.62,275.41,88.03
CA-2016-106530,2016-Q2,East,Office Supplies,2,5.34,10.69,4.86,2.09,3.74
CA-2016-106530,2016-Q2,East,Office Supplies,2,5.18,10.37,4.72,2.02,3.63
CA-2016-106530,2016-Q2,East,Office Supplies,2,12.56,25.12,16.48,7.07,1.57
CA-2016-106530,2016-Q2,East,Technology,2,29.06,58.11,35.59,15.26,7.26
CA-2014-168984,2014-Q4,West,Office Supplies,3,5.18,15.55,7.08,3.03,5.44
CA-2014-168984,2014-Q4,West,Office Supplies,5,133.82,669.08,585.44,250.91,-167.27
CA-2014-168984,2014-Q4,West,Technology,4,109.58,438.34,368.21,157.8,-87.67
CA-2016-157266,2016-Q2,East,Office Supplies,3,6.48,19.44,7.08,3.03,9.33
CA-2016-157266,2016-Q2,East,Office Supplies,2,4.82,9.64,3.65,1.56,4.43
CA-2016-157266,2016-Q2,East,Office Supplies,2,6.35,12.7,4.8,2.06,5.84
CA-2016-157266,2016-Q2,East,Furniture,3,13.79,41.37,16.79,7.2,17.38
US-2014-134712,2014-Q4,Central,Office Supplies,2,6.31,12.62,6.08,2.6,3.94
CA-2015-111829,2015-Q1,West,Office Supplies,3,415.88,1247.64,628.81,269.49,349.34
CA-2015-111829,2015-Q1,West,Technology,7,449.99,3149.93,1168.62,500.84,1480.47
CA-2015-111829,2015-Q1,West,Office Supplies,2,104.85,209.7,76.33,32.71,100.66
CA-2015-105221,2015-Q4,East,Technology,2,17.68,35.36,26.91,11.54,-3.09
CA-2015-105221,2015-Q4,East,Office Supplies,2,1.58,3.17,2.72,1.16,-0.71
CA-2015-120341,2015-Q3,East,Office Supplies,6,20.18,121.1,155.41,66.61,-100.92
CA-2015-120341,2015-Q3,East,Technology,1,45.89,45.89,38.55,16.52,-9.18
CA-2014-135699,2014-Q3,West,Office Supplies,2,54.96,109.92,39.24,16.82,53.86
CA-2014-135699,2014-Q3,West,Office Supplies,2,6.68,13.36,4.86,2.09,6.41
US-2017-132444,2017-Q4,West,Office Supplies,6,28.28,169.68,86.71,37.16,45.81
US-2017-132444,2017-Q4,West,Technology,4,33.13,132.52,54.73,23.46,54.33
US-2017-132444,2017-Q4,West,Office Supplies,2,1.48,2.96,1.08,0.46,1.42
US-2017-132444,2017-Q4,West,Office Supplies,2,4.22,8.45,3.84,1.65,2.96
US-2017-132444,2017-Q4,West,Office Supplies,3,31.98,95.94,60.44,25.91,9.59
CA-2014-127159,2014-Q2,Central,Furniture,7,4.97,34.79,16.81,7.2,10.78
CA-2017-161809,2017-Q1,West,Technology,3,53.59,160.78,105.51,45.22,10.05
CA-2017-127285,2017-Q4,West,Office Supplies,3,29.58,88.75,42.71,18.3,27.74
CA-2017-127285,2017-Q4,West,Office Supplies,2,6.95,13.9,6.08,2.61,5.21
CA-2017-144526,2017-Q2,East,Technology,5,135.52,677.58,584.98,250.7,-158.1
CA-2017-144526,2017-Q2,East,Office Supplies,3,4.63,13.9,16.21,6.95,-9.26
CA-2016-128531,2016-Q4,Central,Office Supplies,5,8.38,41.92,26.77,11.48,3.67
CA-2016-128531,2016-Q4,Central,Technology,3,99.19,297.58,213.51,91.51,-7.44
CA-2016-128531,2016-Q4,Central,Office Supplies,3,1.45,4.34,2.43,1.04,0.87
CA-2016-128531,2016-Q4,Central,Technology,2,47.5,94.99,68.15,29.21,-2.37
CA-2016-128531,2016-Q4,Central,Office Supplies,3,24.78,74.35,35.78,15.33,23.24
CA-2016-128531,2016-Q4,Central,Office Supplies,3,4.68,14.04,8.72,3.74,1.58
US-2015-157154,2015-Q1,East,Furniture,4,254.52,1018.1,973.98,417.42,-373.3
CA-2017-159457,2017-Q4,Central,Technology,3,5.56,16.68,8.03,3.44,5.21
CA-2016-107615,2016-Q1,West,Technology,2,29.29,58.58,27.47,11.78,19.33
CA-2017-111647,2017-Q3,Central,Technology,4,41.99,167.97,73.49,31.49,62.99
CA-2015-150560,2015-Q4,South,Office Supplies,2,98.31,196.62,70.2,30.08,96.34
CA-2015-143077,2015-Q3,Central,Furniture,2,10.97,21.94,22.65,9.71,-10.42
CA-2015-143077,2015-Q3,Central,Office Supplies,3,2.2,6.59,11.76,5.04,-10.21
CA-2016-122728,2016-Q2,West,Office Supplies,3,34.76,104.28,54.75,23.46,26.07
CA-2016-122728,2016-Q2,West,Office Supplies,3,5.98,17.94,6.41,2.74,8.79
CA-2014-122882,2014-Q3,East,Office Supplies,1,64.78,64.78,55.55,23.81,-14.58
CA-2014-122882,2014-Q3,East,Technology,3,10.79,32.38,19.64,8.42,4.32
CA-2014-122882,2014-Q3,East,Furniture,2,21.18,42.37,23.73,10.17,8.47
CA-2014-122882,2014-Q3,East,Technology,4,99.88,399.54,671.23,287.67,-559.36
US-2016-101497,2016-Q3,West,Office Supplies,1,18.97,18.97,6.9,2.96,9.11
CA-2016-147585,2016-Q4,West,Furniture,3,4.94,14.82,6.02,2.58,6.22
CA-2017-149489,2017-Q2,East,Office Supplies,2,49.64,99.28,60.81,26.06,12.41
CA-2017-149489,2017-Q2,East,Office Supplies,2,0.6,1.19,1.53,0.65,-0.99
CA-2017-149489,2017-Q2,East,Office Supplies,2,3.76,7.52,9.3,3.98,-5.76
CA-2017-143798,2017-Q4,East,Office Supplies,2,5.18,10.37,4.72,2.02,3.63
CA-2017-143798,2017-Q4,East,Furniture,2,155.44,310.88,201.29,86.27,23.32
CA-2014-142839,2014-Q3,East,Furniture,6,142.18,853.09,756.41,324.17,-227.49
CA-2017-129833,2017-Q4,Central,Office Supplies,5,6.69,33.45,12.64,5.42,15.39
CA-2017-129833,2017-Q4,Central,Office Supplies,5,2.08,10.4,3.71,1.59,5.1
US-2016-154361,2016-Q1,East,Furniture,5,4.38,21.88,10.91,4.68,6.29
US-2016-158708,2016-Q2,Central,Technology,2,6.81,13.62,7.03,3.02,3.57
CA-2015-156335,2015-Q3,East,Technology,4,15.99,63.96,30.89,13.24,19.83
CA-2015-156335,2015-Q3,East,Office Supplies,3,4.82,14.46,5.16,2.21,7.09
CA-2015-156335,2015-Q3,East,Technology,2,52.49,104.98,36.74,15.75,52.49
CA-2015-148376,2015-Q4,West,Office Supplies,2,53.48,106.96,53.16,22.78,31.02
CA-2015-148376,2015-Q4,West,Office Supplies,7,3.08,21.56,7.85,3.36,10.35
CA-2014-135657,2014-Q2,West,Furniture,6,85.98,515.88,281.67,120.72,113.49
CA-2015-114069,2015-Q3,East,Office Supplies,2,5.9,11.81,5.27,2.26,4.28
CA-2015-114069,2015-Q3,East,Furniture,9,214.56,1931.04,1126.44,482.76,321.84
CA-2015-114069,2015-Q3,East,Office Supplies,2,4.98,9.96,3.7,1.58,4.68
CA-2014-139857,2014-Q1,West,Office Supplies,5,2.47,12.35,4.58,1.97,5.8
CA-2016-106306,2016-Q1,West,Office Supplies,3,3.23,9.7,11.77,5.04,-7.11
CA-2015-100545,2015-Q4,East,Office Supplies,2,5.8,11.61,14.63,6.27,-9.29
CA-2017-123491,2017-Q4,West,Office Supplies,6,7.31,43.86,16.27,6.98,20.61
CA-2017-123491,2017-Q4,West,Technology,2,74.24,148.48,92.25,39.53,16.7
CA-2017-123491,2017-Q4,West,Office Supplies,2,3.71,7.42,2.6,1.11,3.71
CA-2017-123491,2017-Q4,West,Furniture,1,71.99,71.99,51.02,21.87,-0.9
CA-2017-123491,2017-Q4,West,Office Supplies,5,3.98,19.9,9.33,4.0,6.57
CA-2017-123491,2017-Q4,West,Office Supplies,14,121.58,1702.12,834.04,357.44,510.64
CA-2015-145401,2015-Q1,Central,Office Supplies,6,2.38,14.3,6.5,2.79,5.01
US-2017-124968,2017-Q3,Central,Furniture,7,109.37,765.62,932.53,399.65,-566.56
CA-2017-104003,2017-Q4,West,Furniture,2,153.84,307.67,225.5,96.65,-14.48
CA-2016-154788,2016-Q2,East,Office Supplies,2,3.86,7.71,3.44,1.47,2.8
CA-2016-169943,2016-Q2,East,Office Supplies,5,48.58,242.9,120.72,51.74,70.44
CA-2016-169943,2016-Q2,East,Office Supplies,5,90.98,454.9,318.43,136.47,0.0
CA-2016-169943,2016-Q2,East,Furniture,4,8.98,35.92,14.58,6.25,15.09
CA-2016-169943,2016-Q2,East,Furniture,8,4.97,39.76,19.2,8.23,12.33
CA-2016-169943,2016-Q2,East,Office Supplies,4,11.94,47.74,22.97,9.85,14.92
US-2015-123218,2015-Q4,Central,Technology,2,79.99,159.98,103.59,44.39,12.0
US-2015-123218,2015-Q4,Central,Technology,4,63.99,255.97,143.35,61.43,51.19
US-2015-123218,2015-Q4,Central,Furniture,3,119.69,359.06,301.61,129.26,-71.81
CA-2015-127453,2015-Q4,East,Office Supplies,3,144.78,434.35,273.64,117.27,43.44
CA-2015-127453,2015-Q4,East,Office Supplies,2,1.78,3.55,2.18,0.93,0.44
CA-2015-127453,2015-Q4,East,Office Supplies,4,22.21,88.83,56.74,24.32,7.77
US-2017-164056,2017-Q2,East,Furniture,5,209.67,1048.35,782.77,335.47,-69.89
CA-2016-106894,2016-Q1,South,Technology,4,25.0,100.0,55.3,23.7,21.0
CA-2016-106894,2016-Q1,South,Office Supplies,3,2.61,7.83,2.96,1.27,3.6
CA-2014-125136,2014-Q3,South,Office Supplies,8,12.03,96.26,45.49,19.49,31.28
CA-2014-125136,2014-Q3,South,Office Supplies,2,5.34,10.69,4.86,2.09,3.74
US-2016-131149,2016-Q3,Central,Office Supplies,3,112.68,338.04,260.29,111.55,-33.8
US-2016-131149,2016-Q3,Central,Office Supplies,4,38.56,154.24,95.82,41.07,17.35
CA-2017-101483,2017-Q3,South,Office Supplies,2,17.42,34.85,19.82,8.5,6.53
CA-2017-101483,2017-Q3,South,Technology,5,4.4,22.0,14.43,6.19,1.38
CA-2017-101483,2017-Q3,South,Office Supplies,3,1.46,4.37,2.79,1.2,0.38
CA-2015-130204,2015-Q3,West,Office Supplies,3,10.48,31.44,16.07,6.88,8.49
CA-2015-130204,2015-Q3,West,Technology,2,8.95,17.9,10.15,4.35,3.4
CA-2015-130204,2015-Q3,West,Technology,5,25.89,129.45,57.99,24.86,46.6
CA-2014-110527,2014-Q3,West,Office Supplies,8,2.61,20.88,7.9,3.38,9.6
CA-2017-152807,2017-Q4,East,Office Supplies,4,5.18,20.74,9.44,4.04,7.26
CA-2017-152807,2017-Q4,East,Furniture,2,3.58,7.17,4.33,1.85,0.99
CA-2017-152807,2017-Q4,East,Office Supplies,2,5.58,11.17,9.58,4.1,-2.51
CA-2017-152807,2017-Q4,East,Technology,7,63.2,442.4,348.39,149.31,-55.3
CA-2014-133270,2014-Q2,East,Office Supplies,2,6.68,13.36,5.89,2.53,4.94
CA-2016-155670,2016-Q3,South,Office Supplies,8,1.4,11.23,13.63,5.84,-8.24
CA-2016-155670,2016-Q3,South,Office Supplies,3,3.42,10.27,4.94,2.12,3.21
US-2014-157406,2014-Q2,Central,Office Supplies,2,5.18,10.37,4.72,2.02,3.63
US-2014-157406,2014-Q2,Central,Office Supplies,3,2.08,6.24,3.98,1.71,0.55
CA-2015-139094,2015-Q4,Central,Furniture,2,103.48,206.96,167.64,71.84,-32.52
CA-2017-168837,2017-Q4,West,Furniture,2,4.73,9.46,4.04,1.73,3.69
CA-2017-116715,2017-Q4,West,Office Supplies,9,62.18,559.62,285.96,122.56,151.1
CA-2017-116715,2017-Q4,West,Office Supplies,2,54.96,109.92,39.24,16.82,53.86
CA-2017-116715,2017-Q4,West,Office Supplies,2,4.28,8.56,3.3,1.41,3.85
CA-2015-135622,2015-Q4,Central,Office Supplies,11,32.79,360.71,160.96,68.99,130.76
CA-2015-135622,2015-Q4,Central,Technology,6,286.4,1718.4,1097.63,470.41,150.36
US-2015-107349,2015-Q3,Central,Office Supplies,6,6.93,41.57,75.66,32.42,-66.51
CA-2014-139017,2014-Q2,Central,Technology,2,23.43,46.86,27.47,11.77,7.62
CA-2014-141817,2014-Q1,East,Office Supplies,3,6.51,19.54,10.26,4.4,4.88
CA-2015-130785,2015-Q3,West,Furniture,4,102.83,411.33,291.32,124.85,-4.84
CA-2015-130785,2015-Q3,West,Office Supplies,6,4.79,28.75,13.33,5.72,9.7
CA-2015-130785,2015-Q3,West,Furniture,3,97.73,293.2,219.73,94.17,-20.7
CA-2016-110254,2016-Q3,South,Office Supplies,2,17.53,35.06,17.18,7.36,10.52
CA-2016-110254,2016-Q3,South,Office Supplies,1,4.13,4.13,1.56,0.67,1.9
CA-2016-110254,2016-Q3,South,Furniture,9,12.2,109.8,44.58,19.1,46.12
CA-2016-110254,2016-Q3,South,Office Supplies,2,4.91,9.82,3.51,1.5,4.81
US-2014-158057,2014-Q1,South,Office Supplies,4,1.91,7.64,9.45,4.05,-5.86
US-2014-158057,2014-Q1,South,Office Supplies,5,10.29,51.46,63.64,27.28,-39.46
CA-2017-146024,2017-Q1,Central,Office Supplies,4,1.74,6.98,5.87,2.51,-1.4
CA-2017-146024,2017-Q1,Central,Office Supplies,7,1.75,12.22,22.67,9.72,-20.17
CA-2016-129686,2016-Q4,Central,Office Supplies,2,48.99,97.98,85.74,36.74,-24.5
CA-2016-129686,2016-Q4,Central,Technology,6,10.4,62.4,30.03,12.87,19.5
CA-2014-118976,2014-Q2,East,Office Supplies,2,10.43,20.86,8.03,3.44,9.39
CA-2014-118976,2014-Q2,East,Office Supplies,9,55.29,497.61,257.76,110.47,129.38
CA-2014-118976,2014-Q2,East,Office Supplies,2,2.67,5.34,2.69,1.15,1.5
CA-2014-118976,2014-Q2,East,Office Supplies,1,3.15,3.15,1.15,0.49,1.51
CA-2015-105347,2015-Q4,West,Office Supplies,9,40.99,368.91,131.7,56.44,180.77
CA-2015-105347,2015-Q4,West,Office Supplies,5,2.94,14.7,5.66,2.42,6.62
CA-2016-124667,2016-Q4,East,Technology,3,19.99,59.97,31.49,13.49,14.99
CA-2016-124667,2016-Q4,East,Office Supplies,1,83.36,83.36,43.76,18.76,20.84
CA-2015-111094,2015-Q3,East,Office Supplies,2,3.29,6.58,2.48,1.07,3.03
CA-2015-111094,2015-Q3,East,Office Supplies,3,40.98,122.94,44.75,19.18,59.01
CA-2017-166317,2017-Q3,Central,Office Supplies,4,54.96,219.84,78.48,33.64,107.72
CA-2017-166317,2017-Q3,Central,Technology,6,16.36,98.16,61.84,26.5,9.82
CA-2017-166317,2017-Q3,Central,Office Supplies,8,4.13,33.04,12.26,5.25,15.53
CA-2017-166317,2017-Q3,Central,Technology,3,28.99,86.97,43.22,18.53,25.22
CA-2015-154326,2015-Q1,Central,Technology,3,44.99,134.97,49.13,21.05,64.79
CA-2015-154326,2015-Q1,Central,Technology,2,349.99,699.98,352.79,151.2,195.99
CA-2015-154326,2015-Q1,Central,Technology,5,27.99,139.95,79.35,34.01,26.59
CA-2014-102008,2014-Q3,East,Office Supplies,1,48.94,48.94,17.13,7.34,24.47
CA-2014-120474,2014-Q4,Central,Furniture,8,350.98,2807.84,1493.77,640.19,673.88
CA-2014-120474,2014-Q4,Central,Office Supplies,4,11.66,46.64,23.83,10.22,12.59
CA-2014-104773,2014-Q4,Central,Office Supplies,2,30.21,60.42,38.07,16.31,6.04
CA-2016-140774,2016-Q3,Central,Office Supplies,3,35.98,107.94,56.67,24.29,26.98
US-2017-139465,2017-Q3,East,Office Supplies,8,7.98,63.84,33.07,14.17,16.6
US-2017-139465,2017-Q3,East,Technology,3,115.99,347.97,172.94,74.12,100.91
US-2017-139465,2017-Q3,East,Office Supplies,6,6.17,37.01,17.81,7.64,11.56
CA-2016-100965,2016-Q3,West,Furniture,5,43.13,215.65,99.63,42.7,73.32
CA-2016-121034,2016-Q3,Central,Office Supplies,4,2.79,11.17,5.28,2.26,3.63
CA-2016-121034,2016-Q3,Central,Office Supplies,3,17.98,53.95,25.49,10.93,17.53
CA-2016-149461,2016-Q4,West,Furniture,1,4.18,4.18,1.88,0.8,1.5
CA-2017-158379,2017-Q3,East,Office Supplies,1,5.61,5.61,6.94,2.97,-4.3
CA-2017-158379,2017-Q3,East,Office Supplies,7,666.25,4663.74,3999.16,1713.92,-1049.34
CA-2017-158379,2017-Q3,East,Technology,2,39.99,79.98,39.89,17.09,23.0
US-2016-116729,2016-Q4,West,Technology,7,367.99,2575.94,1622.84,695.51,257.59
US-2016-116729,2016-Q4,West,Office Supplies,7,6.48,45.36,16.51,7.08,21.77
US-2016-116729,2016-Q4,West,Technology,7,36.32,254.24,124.58,53.39,76.27
CA-2016-164938,2016-Q1,Central,Technology,7,9.99,69.93,48.46,20.77,0.7
CA-2016-165484,2016-Q4,Central,Furniture,7,2.31,16.16,19.8,8.48,-12.12
CA-2016-165484,2016-Q4,Central,Office Supplies,3,18.27,54.82,25.9,11.1,17.82
CA-2014-132612,2014-Q2,South,Furniture,7,205.9,1441.3,837.4,358.88,245.02
US-2017-161193,2017-Q4,East,Furniture,5,15.52,77.6,34.63,14.84,28.13
US-2017-161193,2017-Q4,East,Furniture,2,2.33,4.66,2.16,0.93,1.57
CA-2015-131597,2015-Q3,West,Furniture,3,56.71,170.14,125.05,53.6,-8.51
CA-2015-164833,2015-Q2,West,Office Supplies,2,3.69,7.38,2.74,1.17,3.47
CA-2015-164833,2015-Q2,West,Office Supplies,2,4.63,9.26,4.34,1.86,3.06
CA-2015-125423,2015-Q4,West,Office Supplies,2,4.98,9.96,3.77,1.61,4.58
US-2014-130379,2014-Q2,Central,Office Supplies,2,37.8,75.6,169.34,72.58,-166.32
US-2014-130379,2014-Q2,Central,Furniture,2,14.66,29.32,37.46,16.05,-24.19
CA-2016-168956,2016-Q1,Central,Office Supplies,6,15.34,92.06,222.33,95.29,-225.56
CA-2016-168956,2016-Q1,Central,Office Supplies,4,1.74,6.98,3.6,1.55,1.83
CA-2016-168956,2016-Q1,Central,Furniture,3,20.99,62.96,45.96,19.7,-2.7
CA-2016-168956,2016-Q1,Central,Office Supplies,1,5.18,5.18,2.36,1.01,1.81
CA-2016-167507,2016-Q4,West,Office Supplies,10,3.13,31.32,39.47,16.91,-25.06
CA-2016-167507,2016-Q4,West,Furniture,4,2.96,11.84,6.11,2.62,3.11
CA-2016-167507,2016-Q4,West,Furniture,1,22.78,22.78,12.56,5.38,4.84
CA-2016-109344,2016-Q1,South,Technology,3,375.99,1127.98,700.76,300.32,126.9
US-2015-140851,2015-Q3,South,Office Supplies,6,6.48,38.88,14.15,6.07,18.66
CA-2014-103373,2014-Q2,East,Technology,2,389.9,779.8,664.13,284.63,-168.96
CA-2017-145884,2017-Q4,Central,Technology,8,179.99,1439.92,745.88,319.66,374.38
CA-2017-145884,2017-Q4,Central,Furniture,1,262.11,262.11,139.44,59.76,62.91
CA-2015-131422,2015-Q4,South,Furniture,3,69.0,207.0,126.78,54.34,25.88
CA-2017-162691,2017-Q3,Central,Technology,3,479.99,1439.98,1192.79,511.19,-264.0
CA-2017-162691,2017-Q3,Central,Office Supplies,7,5.18,36.29,16.51,7.08,12.7
CA-2014-141278,2014-Q2,East,Office Supplies,5,4.28,21.4,10.63,4.56,6.21
CA-2017-122693,2017-Q1,South,Office Supplies,7,177.98,1245.86,619.19,265.37,361.3
CA-2014-117345,2014-Q3,South,Office Supplies,3,5.85,17.54,8.13,3.49,5.92
CA-2014-117345,2014-Q3,South,Furniture,4,11.03,44.13,22.39,9.6,12.14
CA-2014-117345,2014-Q3,South,Office Supplies,1,62.92,62.92,36.89,15.81,10.22
CA-2014-117345,2014-Q3,South,Office Supplies,2,39.15,78.3,34.26,14.68,29.36
CA-2016-157763,2016-Q3,South,Furniture,1,140.81,140.81,70.97,30.41,39.43
CA-2015-135391,2015-Q1,Central,Office Supplies,4,10.02,40.1,18.6,7.97,13.53
CA-2015-135391,2015-Q1,Central,Furniture,2,20.39,40.78,49.96,21.41,-30.59
US-2017-113852,2017-Q3,West,Technology,3,30.19,90.57,55.16,23.64,11.77
US-2017-158512,2017-Q1,East,Office Supplies,6,6.68,40.08,14.59,6.25,19.24
US-2017-158512,2017-Q1,East,Furniture,2,18.84,37.68,15.29,6.56,15.83
CA-2017-128370,2017-Q3,West,Furniture,3,120.78,362.35,234.62,100.55,27.18
CA-2017-128370,2017-Q3,West,Office Supplies,2,3.59,7.18,3.46,1.48,2.24
CA-2015-160472,2015-Q3,Central,Office Supplies,1,34.76,34.76,17.52,7.51,9.73
CA-2015-160472,2015-Q3,Central,Technology,5,166.24,831.2,494.56,211.96,124.68
CA-2015-160472,2015-Q3,Central,Office Supplies,5,5.28,26.4,10.16,4.36,11.88
CA-2015-160472,2015-Q3,Central,Office Supplies,7,15.25,106.75,40.35,17.3,49.1
CA-2015-160472,2015-Q3,Central,Office Supplies,2,48.91,97.82,36.29,15.55,45.98
CA-2015-160472,2015-Q3,Central,Office Supplies,5,28.28,141.4,72.25,30.97,38.18
CA-2014-114643,2014-Q2,West,Office Supplies,3,4.84,14.52,6.81,2.92,4.79
US-2017-158218,2017-Q2,Central,Office Supplies,5,25.58,127.92,100.74,43.17,-15.99
US-2017-158218,2017-Q2,Central,Office Supplies,4,8.56,34.24,61.12,26.19,-53.07
CA-2015-121608,2015-Q3,East,Office Supplies,2,68.81,137.62,53.95,23.12,60.55
CA-2015-121608,2015-Q3,East,Technology,1,100.49,100.49,52.76,22.61,25.12
US-2017-121251,2017-Q1,East,Furniture,2,128.78,257.57,200.59,85.96,-28.98
US-2017-121251,2017-Q1,East,Technology,4,29.99,119.96,60.46,25.91,33.59
CA-2014-151078,2014-Q4,Central,Office Supplies,4,12.41,49.63,31.27,13.4,4.96
US-2016-100839,2016-Q4,West,Furniture,5,145.49,727.45,835.11,357.91,-465.57
US-2016-100839,2016-Q4,West,Furniture,3,8.32,24.96,14.41,6.18,4.37
US-2017-116659,2017-Q4,East,Technology,3,123.59,370.78,324.44,139.04,-92.7
CA-2017-118857,2017-Q2,West,Furniture,5,39.29,196.45,88.01,37.72,70.72
CA-2015-127110,2015-Q2,East,Office Supplies,6,5.18,31.1,14.15,6.06,10.89
CA-2015-127110,2015-Q2,East,Office Supplies,2,39.13,78.26,67.11,28.76,-17.61
CA-2016-148201,2016-Q3,West,Office Supplies,1,6.48,6.48,2.36,1.01,3.11
CA-2014-116932,2014-Q3,West,Office Supplies,5,19.84,99.2,51.39,22.02,25.79
CA-2014-116932,2014-Q3,West,Furniture,2,400.78,801.57,526.03,225.44,50.1
CA-2014-116932,2014-Q3,West,Furniture,1,272.85,272.85,171.9,73.67,27.28
CA-2017-142888,2017-Q4,West,Furniture,1,70.98,70.98,35.28,15.12,20.58
CA-2014-147914,2014-Q2,East,Office Supplies,2,8.11,16.22,7.24,3.1,5.88
US-2016-112977,2016-Q1,East,Furniture,1,176.78,176.78,139.22,59.66,-22.1
CA-2017-112039,2017-Q1,Central,Technology,3,156.79,470.38,296.34,127.0,47.04
CA-2017-118885,2017-Q4,West,Furniture,4,98.39,393.57,306.5,131.35,-44.28
CA-2017-118885,2017-Q4,West,Technology,3,100.79,302.38,195.79,83.91,22.68
US-2017-166611,2017-Q1,South,Office Supplies,9,7.64,68.74,81.8,35.06,-48.12
CA-2015-109512,2015-Q1,East,Office Supplies,3,9.78,29.34,10.27,4.4,14.67
CA-2015-109512,2015-Q1,East,Furniture,7,54.8,383.61,223.78,95.9,63.93
CA-2015-109512,2015-Q1,East,Office Supplies,4,140.85,563.4,347.05,148.74,67.61
CA-2016-118570,2016-Q4,East,Office Supplies,7,31.01,217.06,96.87,41.51,78.68
CA-2017-154718,2017-Q1,Central,Office Supplies,2,3.0,6.0,2.73,1.17,2.1
CA-2016-147578,2016-Q2,West,Furniture,3,10.52,31.56,14.8,6.35,10.41
CA-2014-140165,2014-Q2,South,Office Supplies,2,3.55,7.1,3.29,1.41,2.4
CA-2014-140165,2014-Q2,South,Office Supplies,8,49.79,398.35,511.22,219.09,-331.96
CA-2014-142587,2014-Q4,East,Office Supplies,4,30.45,121.79,75.66,32.43,13.7
CA-2014-142587,2014-Q4,East,Furniture,3,136.53,409.59,372.73,159.74,-122.88
CA-2014-157623,2014-Q1,West,Office Supplies,2,5.28,10.56,4.07,1.74,4.75
CA-2014-157623,2014-Q1,West,Office Supplies,1,3.38,3.38,1.49,0.64,1.25
CA-2017-145310,2017-Q4,South,Office Supplies,1,7.82,7.82,3.42,1.47,2.93
CA-2016-100083,2016-Q4,West,Office Supplies,1,24.78,24.78,11.93,5.11,7.74
US-2017-108063,2017-Q4,South,Office Supplies,3,11.55,34.65,16.97,7.28,10.4
CA-2015-109197,2015-Q4,West,Office Supplies,2,243.99,487.98,234.84,100.64,152.5
CA-2017-141789,2017-Q4,Central,Office Supplies,2,896.99,1793.98,665.57,285.24,843.17
CA-2014-169775,2014-Q3,South,Office Supplies,2,14.9,29.81,13.3,5.7,10.81
CA-2014-169775,2014-Q3,South,Office Supplies,4,126.3,505.18,589.37,252.59,-336.78
CA-2014-169775,2014-Q3,South,Furniture,3,58.02,174.06,199.37,85.45,-110.76
CA-2016-140543,2016-Q2,South,Office Supplies,6,31.98,191.88,120.88,51.81,19.19
CA-2016-151141,2016-Q3,Central,Technology,2,7.39,14.78,7.55,3.24,3.99
CA-2017-167094,2017-Q4,West,Office Supplies,1,5.18,5.18,2.36,1.01,1.81
CA-2017-167094,2017-Q4,West,Furniture,2,239.24,478.48,301.44,129.19,47.85
CA-2017-167094,2017-Q4,West,Technology,2,14.2,28.4,15.16,6.5,6.74
CA-2017-154410,2017-Q4,Central,Office Supplies,8,113.64,909.12,630.02,270.01,9.09
US-2016-150567,2016-Q2,South,Office Supplies,2,1.48,2.95,3.58,1.53,-2.16
US-2016-150567,2016-Q2,South,Office Supplies,6,4.5,27.02,34.04,14.59,-21.61
CA-2015-157959,2015-Q1,West,Furniture,4,34.23,136.92,67.09,28.75,41.08
CA-2017-105886,2017-Q4,East,Furniture,2,9.48,18.96,7.3,3.13,8.53
CA-2016-105963,2016-Q4,West,Technology,3,33.13,99.39,41.05,17.59,40.75
CA-2017-121503,2017-Q3,Central,Office Supplies,7,39.13,273.9,127.02,54.44,92.44
CA-2017-121503,2017-Q3,Central,Technology,3,199.04,597.13,383.16,164.21,49.76
CA-2014-103366,2014-Q1,South,Technology,5,29.99,149.95,58.78,25.19,65.98
CA-2017-124597,2017-Q2,South,Office Supplies,2,2.31,4.61,2.06,0.88,1.67
CA-2017-124597,2017-Q2,South,Office Supplies,3,5.18,15.53,7.48,3.2,4.85
CA-2017-124597,2017-Q2,South,Office Supplies,3,3.98,11.95,5.65,2.42,3.88
CA-2015-105634,2015-Q4,East,Office Supplies,5,2.33,11.65,5.79,2.48,3.38
CA-2015-123673,2015-Q4,Central,Technology,2,149.95,299.9,157.45,67.48,74.97
US-2017-111423,2017-Q3,East,Office Supplies,5,179.18,895.92,415.48,178.07,302.37
US-2017-111423,2017-Q3,East,Furniture,2,231.28,462.56,255.44,109.47,97.65
CA-2015-125178,2015-Q4,East,Office Supplies,2,7.5,15.01,9.46,4.05,1.5
CA-2016-156685,2016-Q3,Central,Technology,9,95.96,863.64,528.98,226.7,107.96
CA-2016-156685,2016-Q3,Central,Office Supplies,3,15.87,47.62,30.83,13.22,3.57
CA-2017-126865,2017-Q4,West,Office Supplies,3,30.98,92.94,35.78,15.34,41.82
CA-2017-102834,2017-Q1,West,Technology,2,99.99,199.98,90.99,39.0,69.99
US-2016-139710,2016-Q2,West,Technology,3,59.16,177.48,110.26,47.25,19.97
CA-2017-121538,2017-Q4,West,Office Supplies,2,44.38,88.77,40.39,17.31,31.07
US-2017-101539,2017-Q1,West,Office Supplies,1,6.48,6.48,2.36,1.01,3.11
US-2017-101539,2017-Q1,West,Office Supplies,1,46.51,46.51,31.25,13.4,1.86
US-2017-101539,2017-Q1,West,Technology,3,219.99,659.98,427.34,183.14,49.5
CA-2016-152121,2016-Q4,West,Technology,1,271.99,271.99,173.73,74.46,23.8
CA-2017-161200,2017-Q3,South,Furniture,3,48.58,145.74,85.69,36.73,23.32
CA-2017-161200,2017-Q3,South,Furniture,5,3.08,15.4,5.61,2.4,7.39
CA-2017-101245,2017-Q4,West,Office Supplies,5,48.91,244.55,90.73,38.88,114.94
CA-2017-101245,2017-Q4,West,Technology,8,20.77,166.16,74.44,31.9,59.82
CA-2015-141768,2015-Q2,West,Furniture,3,4.91,14.73,6.91,2.96,4.86
CA-2016-112109,2016-Q3,West,Office Supplies,2,9.98,19.97,23.3,9.98,-13.31
CA-2016-112109,2016-Q3,West,Office Supplies,7,4.78,33.49,24.32,10.43,-1.26
CA-2016-112109,2016-Q3,West,Office Supplies,4,2.18,8.74,10.4,4.46,-6.12
CA-2016-112109,2016-Q3,West,Furniture,3,220.96,662.88,411.82,176.49,74.57
CA-2017-144064,2017-Q3,Central,Office Supplies,4,11.84,47.36,20.72,8.88,17.76
CA-2017-144064,2017-Q3,Central,Office Supplies,2,13.72,27.44,17.53,7.51,2.4
CA-2017-144064,2017-Q3,Central,Office Supplies,9,0.36,3.24,5.89,2.53,-5.18
CA-2016-108581,2016-Q2,Central,Technology,4,23.99,95.97,48.71,20.87,26.39
CA-2016-108581,2016-Q2,Central,Office Supplies,2,5.18,10.37,4.72,2.02,3.63
CA-2017-157987,2017-Q3,East,Office Supplies,2,11.55,23.1,11.64,4.99,6.47
CA-2017-157987,2017-Q3,East,Furniture,2,5.77,11.54,5.66,2.42,3.46
CA-2017-157987,2017-Q3,East,Furniture,1,254.53,254.53,243.5,104.36,-93.33
CA-2017-157987,2017-Q3,East,Office Supplies,1,12.98,12.98,6.45,2.77,3.76
CA-2017-157987,2017-Q3,East,Office Supplies,8,3.3,26.43,12.26,5.25,8.92
CA-2017-157987,2017-Q3,East,Technology,3,65.99,197.97,98.39,42.17,57.41
CA-2017-157987,2017-Q3,East,Office Supplies,6,3.15,18.9,6.88,2.95,9.07
CA-2017-157987,2017-Q3,East,Furniture,5,256.48,1282.41,748.07,320.6,213.74
CA-2017-157987,2017-Q3,East,Office Supplies,3,1.64,4.92,1.9,0.81,2.21
CA-2017-157987,2017-Q3,East,Technology,2,119.0,238.0,139.94,59.98,38.08
CA-2017-157987,2017-Q3,East,Technology,3,55.99,167.97,89.36,38.3,40.31
CA-2017-157987,2017-Q3,East,Office Supplies,4,4.28,17.12,6.59,2.83,7.7
CA-2017-110905,2017-Q3,Central,Office Supplies,3,5.4,16.2,5.89,2.53,7.78
CA-2017-110905,2017-Q3,Central,Office Supplies,3,11.33,33.99,13.56,5.81,14.62
CA-2017-110905,2017-Q3,Central,Technology,5,59.37,296.85,170.39,73.03,53.43
CA-2017-110905,2017-Q3,Central,Technology,6,18.8,112.8,74.22,31.81,6.77
CA-2017-110905,2017-Q3,Central,Office Supplies,3,4.57,13.71,4.99,2.14,6.58
CA-2017-110905,2017-Q3,Central,Office Supplies,5,4.98,24.9,9.24,3.96,11.7
CA-2017-110905,2017-Q3,Central,Office Supplies,3,95.43,286.29,188.38,80.73,17.18
CA-2017-110905,2017-Q3,Central,Office Supplies,2,12.09,24.18,11.85,5.08,7.25
CA-2017-165841,2017-Q4,East,Technology,3,93.99,281.97,142.11,60.91,78.95
CA-2017-165841,2017-Q4,East,Office Supplies,5,13.9,69.5,34.54,14.8,20.16
CA-2017-165841,2017-Q4,East,Office Supplies,3,55.48,166.44,60.58,25.97,79.89
CA-2017-117485,2017-Q3,Central,Technology,4,72.99,291.96,132.84,56.93,102.19
CA-2017-140242,2017-Q2,Central,Office Supplies,3,2.14,6.41,4.04,1.73,0.64
CA-2017-140242,2017-Q2,Central,Technology,7,58.39,408.74,232.47,99.63,76.64
CA-2014-148950,2014-Q4,Central,Office Supplies,4,1.27,5.1,9.65,4.13,-8.68
CA-2014-148950,2014-Q4,Central,Office Supplies,2,1.45,2.9,1.7,0.73,0.47
CA-2014-148950,2014-Q4,Central,Technology,3,11.67,35.02,26.05,11.16,-2.19
CA-2014-110408,2014-Q4,South,Office Supplies,3,91.99,275.97,185.45,79.48,11.04
CA-2014-110408,2014-Q4,South,Technology,5,278.99,1394.95,722.58,309.68,362.69
CA-2014-110408,2014-Q4,South,Furniture,6,90.98,545.88,332.44,142.48,70.96
CA-2015-109939,2015-Q2,West,Office Supplies,2,2.62,5.25,3.26,1.4,0.59
CA-2016-112669,2016-Q2,West,Furniture,4,233.38,933.54,579.96,248.56,105.02
CA-2016-112669,2016-Q2,West,Office Supplies,4,10.74,42.98,27.08,11.6,4.3
CA-2015-119592,2015-Q4,South,Office Supplies,2,1.88,3.76,1.37,0.59,1.8
CA-2014-122749,2014-Q4,Central,Technology,4,119.99,479.96,241.9,103.67,134.39
CA-2014-164721,2014-Q4,West,Office Supplies,6,53.48,320.88,159.47,68.35,93.06
CA-2014-164721,2014-Q4,West,Furniture,3,7.96,23.88,9.36,4.01,10.51
CA-2014-164721,2014-Q4,West,Office Supplies,4,6.69,26.76,10.12,4.33,12.31
CA-2016-147417,2016-Q3,East,Technology,4,360.0,1439.98,873.59,374.39,192.0
CA-2015-127509,2015-Q4,Central,Office Supplies,3,5.74,17.22,6.51,2.79,7.92
CA-2015-127509,2015-Q4,Central,Furniture,7,146.34,1024.38,566.48,242.78,215.12
CA-2015-127509,2015-Q4,Central,Office Supplies,3,8.74,26.22,9.73,4.17,12.32
CA-2015-127509,2015-Q4,Central,Office Supplies,3,5.78,17.34,6.19,2.65,8.5
CA-2017-111374,2017-Q1,East,Office Supplies,4,1.24,4.96,6.13,2.63,-3.8
CA-2017-133648,2017-Q2,West,Office Supplies,6,11.84,71.04,31.08,13.32,26.64
CA-2017-133648,2017-Q2,West,Office Supplies,2,2.67,5.34,3.23,1.38,0.73
CA-2017-133648,2017-Q2,West,Office Supplies,3,3.77,11.3,9.39,4.03,-2.12
US-2017-147221,2017-Q4,Central,Office Supplies,5,58.92,294.62,742.44,318.19,-766.01
US-2017-147221,2017-Q4,Central,Furniture,4,2.19,8.75,8.73,3.74,-3.72
CA-2014-131905,2014-Q1,South,Office Supplies,4,3.75,15.0,5.46,2.34,7.2
CA-2014-131905,2014-Q1,South,Technology,1,161.61,161.61,83.71,35.88,42.02
CA-2014-131905,2014-Q1,South,Technology,5,28.99,144.95,72.04,30.87,42.04
CA-2017-166128,2017-Q2,West,Technology,5,39.99,199.95,124.57,53.39,21.99
CA-2017-166128,2017-Q2,West,Office Supplies,7,5.98,41.86,19.34,8.29,14.23
CA-2017-163510,2017-Q4,South,Office Supplies,3,31.98,95.94,60.44,25.91,9.59
CA-2017-163510,2017-Q4,South,Furniture,5,60.89,304.45,159.84,68.5,76.11
US-2017-143028,2017-Q2,Central,Office Supplies,3,3.79,11.36,19.89,8.52,-17.05
CA-2014-111150,2014-Q4,Central,Office Supplies,7,4.24,29.68,12.67,5.43,11.58
CA-2014-111150,2014-Q4,Central,Technology,7,6.79,47.53,21.96,9.41,16.16
CA-2017-165386,2017-Q3,Central,Furniture,2,91.68,183.37,154.03,66.01,-36.67
CA-2014-116407,2014-Q4,South,Office Supplies,3,1.41,4.22,2.62,1.12,0.48
CA-2014-116407,2014-Q4,South,Office Supplies,2,166.53,333.06,212.74,91.18,29.14
CA-2014-116407,2014-Q4,South,Office Supplies,4,6.22,24.9,11.98,5.14,7.78
CA-2015-155761,2015-Q4,Central,Technology,2,79.99,159.98,86.79,37.19,36.0
CA-2015-155761,2015-Q4,Central,Office Supplies,3,15.45,46.34,29.2,12.51,4.63
CA-2016-145905,2016-Q3,South,Furniture,1,350.98,350.98,186.72,80.02,84.24
CA-2016-145905,2016-Q3,South,Office Supplies,2,6.54,13.08,4.94,2.12,6.02
CA-2016-145905,2016-Q3,South,Office Supplies,4,225.02,900.08,548.15,234.92,117.01
CA-2015-113110,2015-Q1,West,Office Supplies,2,8.78,17.57,7.84,3.36,6.37
CA-2015-113110,2015-Q1,West,Office Supplies,2,7.31,14.62,5.42,2.33,6.87
CA-2015-113110,2015-Q1,West,Office Supplies,4,8.34,33.36,17.28,7.41,8.67
CA-2015-113110,2015-Q1,West,Office Supplies,6,6.69,40.14,14.33,6.14,19.67
CA-2016-168354,2016-Q3,East,Office Supplies,9,178.47,1606.23,787.05,337.31,481.87
CA-2016-168354,2016-Q3,East,Office Supplies,3,5.68,17.04,6.56,2.81,7.67
CA-2016-168354,2016-Q3,East,Office Supplies,3,16.51,49.53,18.03,7.73,23.77
CA-2016-168354,2016-Q3,East,Furniture,4,218.08,872.32,439.65,188.42,244.25
US-2017-111241,2017-Q3,West,Office Supplies,5,47.82,239.12,112.99,48.42,77.71
CA-2015-114237,2015-Q1,West,Furniture,2,70.98,141.96,71.55,30.66,39.75
CA-2016-113516,2016-Q3,West,Office Supplies,2,16.51,33.02,15.02,6.44,11.56
CA-2016-113516,2016-Q3,West,Office Supplies,4,16.78,67.14,30.55,13.09,23.5
CA-2015-117961,2015-Q4,East,Office Supplies,3,4.91,14.73,5.47,2.34,6.92
CA-2015-117961,2015-Q4,East,Office Supplies,5,20.98,104.9,55.8,23.92,25.18
CA-2015-117961,2015-Q4,East,Office Supplies,4,15.26,61.04,21.36,9.16,30.52
CA-2015-117961,2015-Q4,East,Office Supplies,3,3.65,10.95,4.06,1.74,5.15
CA-2016-128923,2016-Q4,Central,Office Supplies,2,4.7,9.39,4.27,1.83,3.29
CA-2016-128923,2016-Q4,Central,Office Supplies,1,9.33,9.33,5.96,2.55,0.82
CA-2017-162481,2017-Q3,Central,Office Supplies,2,4.13,8.26,3.07,1.31,3.88
CA-2017-162481,2017-Q3,Central,Furniture,3,89.99,269.97,153.08,65.6,51.29
CA-2015-119214,2015-Q1,West,Office Supplies,3,9.68,29.04,10.57,4.53,13.94
CA-2015-119214,2015-Q1,West,Office Supplies,2,7.31,14.62,5.42,2.33,6.87
CA-2015-122287,2015-Q2,West,Office Supplies,3,3.98,11.95,5.33,2.29,4.33
CA-2015-122287,2015-Q2,West,Office Supplies,7,0.65,4.54,5.51,2.36,-3.33
CA-2015-122287,2015-Q2,West,Office Supplies,2,4.58,9.16,10.68,4.58,-6.1
CA-2015-122287,2015-Q2,West,Furniture,5,15.07,75.36,38.25,16.39,20.72
CA-2015-104493,2015-Q4,West,Office Supplies,6,9.58,57.5,26.16,11.21,20.13
US-2017-158946,2017-Q4,East,Office Supplies,7,5.55,38.86,21.76,9.33,7.77
CA-2014-129168,2014-Q3,Central,Office Supplies,3,5.18,15.55,7.08,3.03,5.44
CA-2016-131835,2016-Q3,East,Office Supplies,2,81.32,162.64,81.97,35.13,45.54
CA-2016-131835,2016-Q3,East,Technology,3,199.0,597.0,221.49,94.92,280.59
CA-2016-131835,2016-Q3,East,Office Supplies,1,55.48,55.48,20.19,8.66,26.63
CA-2015-142237,2015-Q3,East,Furniture,7,41.4,289.8,177.51,76.07,36.22
CA-2015-142237,2015-Q3,East,Office Supplies,3,0.83,2.5,3.15,1.35,-2.0
CA-2015-142237,2015-Q3,East,Office Supplies,4,1.62,6.48,7.86,3.37,-4.75
CA-2015-142237,2015-Q3,East,Furniture,8,42.69,341.49,290.27,124.4,-73.18
CA-2015-142237,2015-Q3,East,Office Supplies,5,2.22,11.12,7.2,3.09,0.83
CA-2015-142237,2015-Q3,East,Furniture,6,4.22,25.34,15.3,6.56,3.48
CA-2016-136434,2016-Q4,Central,Furniture,3,5.77,17.31,8.48,3.64,5.19
CA-2017-120376,2017-Q4,Central,Technology,5,39.99,199.95,95.18,40.79,63.98
CA-2017-120376,2017-Q4,Central,Furniture,7,226.67,1586.69,821.9,352.25,412.54
CA-2017-120376,2017-Q4,Central,Technology,1,84.99,84.99,38.07,16.32,30.6
CA-2017-120376,2017-Q4,Central,Furniture,2,205.9,411.8,239.25,102.54,70.01
CA-2014-106439,2014-Q4,West,Office Supplies,3,3.78,11.34,4.28,1.84,5.22
CA-2014-106439,2014-Q4,West,Office Supplies,5,16.06,80.3,41.59,17.83,20.88
CA-2014-106439,2014-Q4,West,Office Supplies,2,7.98,15.97,7.41,3.17,5.39
CA-2014-106439,2014-Q4,West,Office Supplies,13,4.98,64.74,24.02,10.29,30.43
CA-2014-106439,2014-Q4,West,Office Supplies,3,6.43,19.3,9.29,3.98,6.03
CA-2014-106439,2014-Q4,West,Office Supplies,4,101.41,405.64,275.43,118.04,12.17
CA-2014-106439,2014-Q4,West,Furniture,3,48.78,146.35,108.85,46.65,-9.15
CA-2014-106439,2014-Q4,West,Technology,9,27.99,251.91,142.84,61.21,47.86
CA-2014-106439,2014-Q4,West,Office Supplies,3,4.13,12.39,6.07,2.6,3.72
CA-2015-133452,2015-Q2,West,Technology,4,49.99,199.96,90.98,38.99,69.99
CA-2015-133452,2015-Q2,West,Furniture,3,236.94,710.83,566.0,242.57,-97.74
CA-2016-146521,2016-Q3,East,Office Supplies,1,1.94,1.94,2.26,0.97,-1.29
US-2017-110996,2017-Q4,West,Furniture,5,56.78,283.92,231.04,99.02,-46.14
CA-2016-129693,2016-Q4,West,Office Supplies,2,3.66,7.31,3.32,1.43,2.56
CA-2017-122504,2017-Q4,West,Technology,3,19.99,59.97,32.33,13.85,13.79
CA-2017-122504,2017-Q4,West,Technology,7,108.79,761.54,486.43,208.47,66.64
CA-2014-131051,2014-Q4,West,Furniture,3,19.4,58.2,20.78,8.9,28.52
CA-2017-140676,2017-Q3,East,Office Supplies,5,7.98,39.9,13.96,5.99,19.95
CA-2017-140676,2017-Q3,East,Office Supplies,7,12.98,90.86,45.16,19.35,26.35
CA-2017-140676,2017-Q3,East,Office Supplies,5,18.97,94.85,34.52,14.8,45.53
CA-2015-120103,2015-Q4,West,Office Supplies,7,15.18,106.23,48.34,20.71,37.18
CA-2015-120103,2015-Q4,West,Technology,2,55.99,111.98,70.55,30.23,11.2
CA-2015-120103,2015-Q4,West,Furniture,2,3.86,7.71,4.18,1.79,1.74
CA-2017-104647,2017-Q1,West,Office Supplies,6,6.24,37.44,14.41,6.18,16.85
CA-2014-110352,2014-Q4,Central,Office Supplies,2,11.84,23.68,10.36,4.44,8.88
CA-2016-140501,2016-Q2,East,Office Supplies,4,30.53,122.12,46.16,19.78,56.18
CA-2016-140501,2016-Q2,East,Office Supplies,5,3.69,18.45,6.85,2.93,8.67
CA-2016-140501,2016-Q2,East,Office Supplies,5,64.98,324.9,200.14,85.77,38.99
CA-2016-140501,2016-Q2,East,Office Supplies,3,48.91,146.73,54.44,23.33,68.96
CA-2016-140501,2016-Q2,East,Office Supplies,2,1.98,3.96,1.74,0.75,1.47
CA-2015-139290,2015-Q4,West,Office Supplies,2,2.88,5.76,2.18,0.93,2.65
CA-2017-166142,2017-Q3,East,Office Supplies,3,8.85,26.55,9.48,4.06,13.01
CA-2017-166142,2017-Q3,East,Furniture,3,103.48,310.44,251.45,107.77,-48.78
CA-2014-145926,2014-Q4,Central,Furniture,5,95.98,479.9,278.82,119.5,81.58
CA-2015-149678,2015-Q2,West,Office Supplies,1,12.88,12.88,8.74,3.75,0.39
US-2015-164357,2015-Q4,South,Office Supplies,5,2.62,13.12,8.15,3.49,1.48
US-2016-146570,2016-Q2,South,Office Supplies,8,63.98,511.84,189.9,81.38,240.56
US-2016-146570,2016-Q2,South,Office Supplies,4,22.99,91.96,46.35,19.86,25.75
US-2016-146570,2016-Q2,South,Office Supplies,3,2.78,8.34,4.32,1.85,2.17
CA-2017-124401,2017-Q3,West,Office Supplies,3,12.56,37.68,24.72,10.6,2.36
CA-2017-124401,2017-Q3,West,Technology,7,39.99,279.94,139.62,59.84,80.48
US-2014-140116,2014-Q1,West,Office Supplies,3,212.14,636.41,456.62,195.7,-15.91
US-2014-140116,2014-Q1,West,Office Supplies,4,20.79,83.17,51.67,22.14,9.36
CA-2014-123295,2014-Q3,West,Furniture,4,64.78,259.14,199.53,85.52,-25.91
CA-2017-167101,2017-Q1,East,Office Supplies,4,55.48,221.92,80.78,34.62,106.52
CA-2017-167101,2017-Q1,East,Technology,2,13.0,26.0,10.01,4.29,11.7
US-2014-167633,2014-Q3,South,Office Supplies,3,5.18,15.55,7.08,3.03,5.44
US-2014-152723,2014-Q3,Central,Office Supplies,1,0.88,0.88,1.6,0.68,-1.4
CA-2015-164882,2015-Q4,West,Office Supplies,1,19.98,19.98,7.41,3.18,9.39
CA-2015-164882,2015-Q4,West,Office Supplies,3,132.78,398.35,191.71,82.16,124.48
CA-2015-164882,2015-Q4,West,Office Supplies,3,1.68,5.04,2.65,1.13,1.26
CA-2015-164882,2015-Q4,West,Office Supplies,5,3.49,17.45,6.59,2.83,8.03
CA-2015-164882,2015-Q4,West,Furniture,4,80.78,323.14,212.06,90.88,20.2
CA-2015-164882,2015-Q4,West,Office Supplies,3,9.9,29.7,15.18,6.5,8.02
CA-2015-164882,2015-Q4,West,Technology,4,323.96,1295.84,805.04,345.02,145.78
CA-2015-164882,2015-Q4,West,Office Supplies,2,23.42,46.84,23.93,10.26,12.65
CA-2015-164882,2015-Q4,West,Furniture,1,425.83,425.83,284.05,121.74,20.04
CA-2015-159786,2015-Q4,East,Furniture,1,209.67,209.67,156.55,67.1,-13.98
CA-2016-130267,2016-Q3,West,Office Supplies,7,22.84,159.88,60.44,25.9,73.54
CA-2017-155460,2017-Q2,West,Office Supplies,1,5.28,5.28,2.03,0.87,2.38
CA-2017-155460,2017-Q2,West,Office Supplies,5,179.18,895.92,415.48,178.07,302.37
US-2017-168690,2017-Q1,South,Office Supplies,3,0.94,2.81,3.35,1.43,-1.97
CA-2017-158246,2017-Q4,West,Furniture,3,71.99,215.98,153.08,65.6,-2.7
CA-2017-167381,2017-Q3,Central,Furniture,2,120.98,241.96,140.58,60.25,41.13
CA-2017-167381,2017-Q3,Central,Office Supplies,9,3.08,27.72,10.09,4.32,13.31
CA-2017-144862,2017-Q4,East,Office Supplies,5,20.94,104.68,48.55,20.8,35.33
CA-2017-144862,2017-Q4,East,Technology,7,8.99,62.96,37.46,16.06,9.44
CA-2014-126032,2014-Q2,East,Technology,3,28.79,86.38,59.71,25.59,1.08
CA-2015-134859,2015-Q4,East,Furniture,3,21.65,64.94,40.91,17.54,6.49
CA-2015-134859,2015-Q4,East,Office Supplies,4,5.18,20.74,9.44,4.04,7.26
US-2014-114188,2014-Q2,East,Office Supplies,4,8.32,33.28,16.77,7.19,9.32
US-2014-114188,2014-Q2,East,Office Supplies,9,4.28,38.52,18.61,7.97,11.94
US-2014-114188,2014-Q2,East,Furniture,7,19.98,139.86,55.8,23.92,60.14
CA-2015-156524,2015-Q4,East,Office Supplies,3,6.55,19.65,7.43,3.18,9.04
CA-2015-122210,2015-Q4,East,Office Supplies,3,51.0,152.99,192.77,82.61,-122.39
CA-2015-122210,2015-Q4,East,Office Supplies,7,1.51,10.58,9.07,3.89,-2.38
CA-2015-122210,2015-Q4,East,Technology,4,23.73,94.92,55.37,23.73,15.82
CA-2015-156377,2015-Q4,Central,Furniture,5,2.95,14.76,18.34,7.86,-11.44
CA-2015-156377,2015-Q4,Central,Office Supplies,4,0.92,3.66,6.66,2.85,-5.85
US-2017-157896,2017-Q4,East,Office Supplies,3,48.94,146.82,51.39,22.02,73.41
CA-2014-159520,2014-Q2,East,Office Supplies,9,16.62,149.54,69.35,29.72,50.47
CA-2014-159520,2014-Q2,East,Office Supplies,2,8.57,17.14,8.88,3.8,4.46
CA-2014-159520,2014-Q2,East,Furniture,3,330.59,991.76,937.22,401.66,-347.12
CA-2016-155481,2016-Q3,East,Office Supplies,6,5.08,30.48,14.4,6.17,9.91
CA-2016-155481,2016-Q3,East,Technology,2,12.0,23.99,20.15,8.64,-4.8
CA-2016-155481,2016-Q3,East,Office Supplies,7,2.38,16.69,7.89,3.38,5.42
US-2016-152051,2016-Q2,East,Furniture,3,140.69,422.06,308.1,132.05,-18.09
US-2016-152051,2016-Q2,East,Office Supplies,4,9.52,38.09,46.21,19.81,-27.93
US-2016-152051,2016-Q2,East,Office Supplies,6,42.39,254.35,213.65,91.57,-50.87
CA-2014-141607,2014-Q4,West,Furniture,1,43.31,43.31,27.29,11.69,4.33
CA-2017-102771,2017-Q1,East,Technology,5,16.99,84.95,44.0,18.86,22.09
US-2017-139969,2017-Q4,Central,Furniture,3,77.69,233.06,200.43,85.9,-53.27
CA-2014-167360,2014-Q4,Central,Technology,7,15.97,111.79,47.73,20.46,43.6
CA-2015-123505,2015-Q4,East,Office Supplies,3,4.98,14.94,5.54,2.38,7.02
CA-2016-117282,2016-Q3,East,Office Supplies,2,7.08,14.16,6.32,2.71,5.13
US-2016-120460,2016-Q2,Central,Furniture,3,7.54,22.61,22.95,9.83,-10.17
CA-2016-111115,2016-Q3,West,Office Supplies,6,3.58,21.48,7.52,3.22,10.74
CA-2014-124646,2014-Q2,Central,Office Supplies,3,167.27,501.81,351.27,150.54,0.0
CA-2014-124646,2014-Q2,Central,Office Supplies,3,53.98,161.94,106.55,45.67,9.72
CA-2017-148166,2017-Q4,South,Office Supplies,4,4.46,17.86,11.09,4.76,2.01
CA-2016-159737,2016-Q3,Central,Office Supplies,3,2.94,8.81,16.65,7.13,-14.97
CA-2016-141019,2016-Q2,East,Furniture,1,79.38,79.38,34.73,14.88,29.77
CA-2016-101938,2016-Q1,West,Office Supplies,1,34.58,34.58,17.18,7.37,10.03
CA-2017-166296,2017-Q1,West,Office Supplies,3,104.85,314.55,114.5,49.07,150.98
CA-2016-154018,2016-Q4,Central,Technology,3,63.99,191.98,117.59,50.39,24.0
CA-2016-154018,2016-Q4,Central,Office Supplies,2,4.14,8.29,3.7,1.59,3.0
CA-2016-154018,2016-Q4,Central,Furniture,5,27.98,139.92,203.23,87.1,-150.41
CA-2016-154018,2016-Q4,Central,Office Supplies,1,15.87,15.87,10.28,4.4,1.19
CA-2016-154018,2016-Q4,Central,Office Supplies,7,0.9,6.29,12.1,5.19,-11.0
CA-2017-117870,2017-Q1,East,Office Supplies,3,4.67,14.02,8.59,3.68,1.75
CA-2017-117870,2017-Q1,East,Technology,3,23.99,71.98,56.69,24.29,-9.0
CA-2017-117870,2017-Q1,East,Technology,3,35.99,107.98,94.49,40.49,-27.0
US-2017-137491,2017-Q4,Central,Furniture,2,152.66,305.31,219.82,94.21,-8.72
CA-2014-152296,2014-Q3,West,Office Supplies,3,6.58,19.75,8.99,3.85,6.91
CA-2016-112025,2016-Q3,Central,Office Supplies,3,3.09,9.26,16.21,6.95,-13.9
CA-2015-132507,2015-Q3,Central,Office Supplies,4,15.45,61.79,38.93,16.68,6.18
CA-2016-125738,2016-Q4,West,Office Supplies,2,22.84,45.68,17.27,7.4,21.01
CA-2016-125738,2016-Q4,West,Office Supplies,9,6.68,60.12,21.88,9.38,28.86
CA-2016-125738,2016-Q4,West,Office Supplies,5,8.34,41.72,20.08,8.6,13.04
CA-2016-125738,2016-Q4,West,Office Supplies,8,8.95,71.6,27.06,11.6,32.94
CA-2016-128818,2016-Q2,East,Office Supplies,7,12.18,85.23,38.03,16.3,30.9
CA-2016-128818,2016-Q2,East,Office Supplies,3,14.8,44.4,15.54,6.66,22.2
CA-2016-128818,2016-Q2,East,Furniture,4,110.69,442.76,268.6,115.12,59.04
CA-2016-128818,2016-Q2,East,Technology,5,799.99,3999.95,1987.97,851.99,1159.99
CA-2016-128818,2016-Q2,East,Technology,5,39.99,199.95,124.57,53.39,21.99
CA-2016-128818,2016-Q2,East,Furniture,8,7.96,63.68,24.96,10.7,28.02
CA-2017-124576,2017-Q3,West,Office Supplies,2,27.45,54.9,25.46,10.91,18.53
CA-2016-101378,2016-Q3,South,Technology,2,14.5,29.0,15.22,6.53,7.25
CA-2017-143063,2017-Q3,Central,Office Supplies,6,11.68,70.08,24.53,10.51,35.04
CA-2017-143063,2017-Q3,Central,Furniture,2,60.65,121.3,67.08,28.75,25.47
CA-2017-143063,2017-Q3,Central,Technology,9,161.61,1454.49,753.42,322.9,378.17
CA-2016-118913,2016-Q2,West,Office Supplies,3,20.27,60.81,30.65,13.13,17.03
CA-2016-128412,2016-Q4,West,Office Supplies,3,51.18,153.55,71.21,30.52,51.82
CA-2016-128412,2016-Q4,West,Office Supplies,3,21.78,65.34,29.73,12.74,22.87
CA-2016-128412,2016-Q4,West,Office Supplies,4,30.98,123.92,47.71,20.45,55.76
CA-2016-128412,2016-Q4,West,Office Supplies,3,11.7,35.1,15.97,6.85,12.28
CA-2016-128412,2016-Q4,West,Technology,5,8.95,44.75,25.38,10.87,8.5
CA-2016-136483,2016-Q4,South,Office Supplies,2,2.35,4.7,3.0,1.29,0.41
CA-2014-163013,2014-Q4,South,Office Supplies,3,4.89,14.67,7.5,3.21,3.96
CA-2015-135363,2015-Q1,East,Office Supplies,3,5.18,15.55,7.08,3.03,5.44
CA-2015-135363,2015-Q1,East,Office Supplies,1,5.23,5.23,2.47,1.06,1.7
US-2014-165659,2014-Q2,South,Furniture,6,3.7,22.2,9.17,3.93,9.1
US-2014-165659,2014-Q2,South,Technology,7,125.99,881.93,456.84,195.79,229.3
CA-2015-138002,2015-Q3,West,Office Supplies,2,3.05,6.1,2.78,1.19,2.13
CA-2015-138002,2015-Q3,West,Furniture,3,63.94,191.82,81.91,35.1,74.81
CA-2015-128860,2015-Q2,East,Furniture,1,20.1,20.1,12.84,5.5,1.76
CA-2016-164350,2016-Q3,South,Office Supplies,3,22.52,67.56,41.38,17.74,8.44
US-2014-103905,2014-Q3,Central,Office Supplies,7,4.28,29.93,53.42,22.9,-46.39
US-2014-103905,2014-Q3,Central,Technology,4,9.57,38.27,24.11,10.33,3.83
CA-2015-129854,2015-Q3,East,Office Supplies,4,4.13,16.52,6.24,2.68,7.6
CA-2014-125556,2014-Q4,East,Technology,7,118.99,832.93,419.8,179.91,233.22
CA-2014-125556,2014-Q4,East,Office Supplies,10,4.38,43.8,15.95,6.83,21.02
CA-2016-162313,2016-Q4,Central,Office Supplies,6,27.88,167.29,96.28,41.27,29.74
CA-2017-107874,2017-Q4,East,Furniture,1,27.42,27.42,11.33,4.85,11.24
CA-2017-129378,2017-Q4,West,Office Supplies,1,1.44,1.44,0.66,0.28,0.5
CA-2017-129378,2017-Q4,West,Office Supplies,13,4.75,61.78,28.65,12.28,20.85
CA-2017-129378,2017-Q4,West,Office Supplies,2,120.98,241.96,127.03,54.44,60.49
CA-2017-129378,2017-Q4,West,Furniture,4,27.15,108.61,69.38,29.73,9.5
CA-2014-151953,2014-Q3,South,Office Supplies,2,1.41,2.82,1.28,0.55,0.99
CA-2017-130841,2017-Q3,West,Office Supplies,4,2.5,9.98,4.45,1.91,3.62
CA-2017-130841,2017-Q3,West,Office Supplies,1,14.98,14.98,7.55,3.24,4.19
CA-2017-130841,2017-Q3,West,Technology,4,286.4,1145.6,731.75,313.61,100.24
CA-2015-131884,2015-Q4,East,Technology,2,242.97,485.94,402.52,172.51,-89.09
CA-2015-131884,2015-Q4,East,Office Supplies,8,4.67,37.38,22.9,9.81,4.67
CA-2015-131884,2015-Q4,East,Furniture,1,70.69,70.69,66.45,28.48,-24.24
CA-2017-121909,2017-Q3,East,Office Supplies,3,18.27,54.82,25.9,11.1,17.82
CA-2016-106383,2016-Q1,West,Furniture,1,72.29,72.29,119.76,51.33,-98.8
CA-2017-130771,2017-Q3,Central,Office Supplies,2,1.45,2.9,1.7,0.73,0.47
CA-2017-130771,2017-Q3,Central,Technology,1,124.79,124.79,76.43,32.76,15.6
CA-2016-139157,2016-Q4,East,Furniture,1,330.59,330.59,312.41,133.89,-115.71
CA-2014-128055,2014-Q1,West,Office Supplies,2,336.78,673.57,294.69,126.29,252.59
CA-2014-128055,2014-Q1,West,Office Supplies,2,26.49,52.98,26.7,11.45,14.83
CA-2017-157091,2017-Q2,Central,Furniture,5,105.29,526.45,346.4,148.46,31.59
CA-2017-132122,2017-Q3,Central,Office Supplies,5,45.78,228.92,150.23,64.38,14.31
CA-2015-123232,2015-Q4,West,Technology,4,79.99,319.97,198.78,85.19,36.0
CA-2017-104066,2017-Q4,East,Technology,7,29.29,205.03,96.16,41.21,67.66
CA-2015-145849,2015-Q3,Central,Office Supplies,2,95.43,190.86,125.59,53.82,11.45
CA-2015-145849,2015-Q3,Central,Office Supplies,8,3.04,24.32,11.23,4.82,8.27
CA-2016-122322,2016-Q3,West,Office Supplies,5,8.88,44.4,22.38,9.59,12.43
CA-2017-166849,2017-Q2,Central,Furniture,2,22.2,44.4,67.6,28.97,-52.17
CA-2016-146633,2016-Q4,West,Office Supplies,1,1016.79,1016.79,444.84,190.65,381.3
CA-2016-146633,2016-Q4,West,Office Supplies,7,5.45,38.14,17.35,7.44,13.35
US-2016-126893,2016-Q4,East,Technology,3,164.99,494.98,427.34,183.14,-115.5
CA-2017-103380,2017-Q4,West,Office Supplies,2,28.28,56.56,28.9,12.39,15.27
CA-2017-103380,2017-Q4,West,Office Supplies,2,2.78,5.56,2.88,1.23,1.45
CA-2017-103380,2017-Q4,West,Office Supplies,2,4.51,9.02,3.85,1.65,3.52
CA-2017-103380,2017-Q4,West,Office Supplies,1,8.62,8.62,4.47,1.91,2.24
CA-2017-103380,2017-Q4,West,Technology,3,219.99,659.98,427.34,183.14,49.5
CA-2015-116092,2015-Q1,West,Office Supplies,2,6.68,13.36,4.86,2.09,6.41
CA-2015-116092,2015-Q1,West,Office Supplies,5,8.34,41.72,20.08,8.6,13.04
CA-2015-116092,2015-Q1,West,Office Supplies,5,2.3,11.52,5.14,2.2,4.18
CA-2015-116092,2015-Q1,West,Office Supplies,6,90.24,541.44,269.09,115.33,157.02
CA-2015-116092,2015-Q1,West,Office Supplies,3,6.48,19.44,7.08,3.03,9.33
CA-2016-117849,2016-Q2,West,Office Supplies,3,47.9,143.7,52.3,22.42,68.98
CA-2015-169201,2015-Q3,West,Office Supplies,3,14.42,43.26,20.29,8.69,14.28
CA-2015-169201,2015-Q3,West,Office Supplies,2,21.78,43.56,19.82,8.49,15.25
CA-2016-164091,2016-Q3,East,Technology,3,145.95,437.85,214.55,91.95,131.35
CA-2016-164091,2016-Q3,East,Furniture,2,54.74,109.48,52.88,22.66,33.94
CA-2017-105214,2017-Q2,West,Furniture,7,173.28,1212.96,785.39,336.6,90.97
CA-2017-105214,2017-Q2,West,Office Supplies,2,9.27,18.54,6.88,2.95,8.71
CA-2015-117611,2015-Q4,West,Office Supplies,1,5.0,5.0,1.82,0.78,2.4
CA-2015-117611,2015-Q4,West,Technology,3,123.99,371.97,213.51,91.51,66.95
US-2015-137960,2015-Q4,East,Technology,1,166.24,166.24,98.91,42.39,24.94
CA-2017-122994,2017-Q1,South,Furniture,3,119.99,359.97,196.55,84.23,79.19
CA-2016-131065,2016-Q4,South,Technology,2,249.99,499.98,269.49,115.49,115.0
CA-2016-131065,2016-Q4,South,Office Supplies,1,5.28,5.28,2.03,0.87,2.38
CA-2016-131065,2016-Q4,South,Office Supplies,2,4.13,8.26,3.07,1.31,3.88
CA-2017-149146,2017-Q4,South,Office Supplies,2,3.98,7.97,3.7,1.58,2.69
CA-2017-137470,2017-Q3,West,Office Supplies,2,6.48,12.96,4.63,1.98,6.35
CA-2017-105480,2017-Q4,East,Office Supplies,1,6.48,6.48,2.36,1.01,3.11
CA-2017-105480,2017-Q4,East,Office Supplies,1,6.98,6.98,3.23,1.39,2.36
CA-2017-164917,2017-Q4,South,Office Supplies,5,9.59,47.96,30.63,13.13,4.2
CA-2015-102036,2015-Q3,West,Office Supplies,6,33.29,199.74,106.26,45.54,47.94
CA-2015-142944,2015-Q1,West,Furniture,7,62.18,435.26,237.65,101.85,95.76
CA-2015-142944,2015-Q1,West,Technology,2,559.99,1119.98,519.39,222.6,377.99
CA-2014-157882,2014-Q4,West,Furniture,1,143.43,143.43,97.89,41.95,3.59
CA-2014-157882,2014-Q4,West,Furniture,3,40.78,122.35,76.01,32.58,13.76
CA-2014-104283,2014-Q2,South,Office Supplies,5,61.24,306.2,214.34,91.86,0.0
CA-2014-104283,2014-Q2,South,Furniture,1,85.98,85.98,44.54,19.09,22.35
CA-2014-104283,2014-Q2,South,Technology,4,55.99,223.96,119.15,51.06,53.75
CA-2017-142622,2017-Q4,West,Furniture,2,48.78,97.57,72.57,31.1,-6.1
CA-2017-142622,2017-Q4,West,Furniture,8,76.78,614.27,446.12,191.19,-23.04
CA-2017-142622,2017-Q4,West,Furniture,2,99.99,199.98,113.39,48.59,38.0
CA-2016-132143,2016-Q3,East,Office Supplies,7,6.88,48.16,18.21,7.8,22.15
CA-2015-153108,2015-Q1,Central,Technology,2,11.96,23.92,12.05,5.17,6.7
CA-2015-153108,2015-Q1,Central,Office Supplies,7,8.67,60.69,31.01,13.29,16.39
CA-2016-112676,2016-Q2,South,Office Supplies,3,4.78,14.35,6.4,2.75,5.2
CA-2017-165687,2017-Q4,South,Office Supplies,2,17.52,35.04,15.95,6.83,12.26
US-2017-112928,2017-Q2,East,Office Supplies,5,3.5,17.48,11.32,4.85,1.31
CA-2017-143343,2017-Q2,West,Office Supplies,5,3.28,16.4,8.15,3.49,4.76
CA-2017-115154,2017-Q1,West,Furniture,2,446.49,892.98,568.83,243.78,80.37
CA-2015-149342,2015-Q2,South,Technology,3,95.99,287.97,147.15,63.07,77.75
CA-2015-149342,2015-Q2,South,Furniture,6,99.23,595.38,208.38,89.31,297.69
CA-2015-149342,2015-Q2,South,Office Supplies,2,6.48,12.96,4.72,2.02,6.22
CA-2015-130995,2015-Q4,East,Technology,1,4.95,4.95,2.53,1.08,1.34
CA-2017-127929,2017-Q4,East,Furniture,3,60.65,181.95,100.62,43.12,38.21
CA-2015-113145,2015-Q4,East,Office Supplies,4,3.38,13.52,5.11,2.19,6.22
CA-2015-113145,2015-Q4,East,Furniture,5,51.94,259.7,107.25,45.97,106.48
CA-2015-113145,2015-Q4,East,Technology,1,42.95,42.95,29.16,12.5,1.29
CA-2015-113145,2015-Q4,East,Technology,7,199.99,1399.93,558.57,239.39,601.97
CA-2015-113145,2015-Q4,East,Technology,4,125.99,503.96,264.58,113.39,125.99
CA-2014-162362,2014-Q4,Central,Office Supplies,3,4.24,12.72,4.45,1.91,6.36
CA-2014-162362,2014-Q4,Central,Office Supplies,4,2.88,11.52,4.12,1.76,5.64
CA-2016-106558,2016-Q1,South,Technology,4,79.0,316.0,199.08,85.32,31.6
CA-2017-157931,2017-Q3,South,Furniture,4,180.98,723.92,374.99,160.71,188.22
CA-2017-157931,2017-Q3,South,Office Supplies,3,35.44,106.32,39.44,16.91,49.97
CA-2016-115574,2016-Q4,Central,Furniture,2,70.68,141.37,108.86,46.65,-14.14
CA-2015-160794,2015-Q3,Central,Office Supplies,3,9.07,27.22,12.14,5.21,9.87
CA-2017-116225,2017-Q4,East,Technology,5,78.15,390.75,153.17,65.65,171.93
US-2017-120418,2017-Q2,West,Furniture,1,280.79,280.79,171.98,73.71,35.1
US-2017-120418,2017-Q2,West,Office Supplies,4,17.11,68.45,42.52,18.23,7.7
US-2017-120418,2017-Q2,West,Office Supplies,5,17.61,88.04,57.01,24.43,6.6
US-2017-120418,2017-Q2,West,Office Supplies,1,15.87,15.87,9.72,4.17,1.98
US-2017-120418,2017-Q2,West,Office Supplies,3,71.86,215.59,184.87,79.23,-48.51
CA-2017-122035,2017-Q3,Central,Office Supplies,2,7.31,14.62,5.42,2.33,6.87
CA-2017-122035,2017-Q3,Central,Office Supplies,2,208.16,416.32,212.74,91.17,112.41
CA-2017-122035,2017-Q3,Central,Office Supplies,5,8.6,43.0,15.95,6.84,20.21
CA-2017-122035,2017-Q3,Central,Furniture,3,60.98,182.94,108.85,46.65,27.44
CA-2017-122035,2017-Q3,Central,Office Supplies,7,8.69,60.83,21.29,9.12,30.42
CA-2017-122035,2017-Q3,Central,Technology,3,129.99,389.97,180.17,77.21,132.59
CA-2015-117828,2015-Q4,South,Office Supplies,4,48.58,194.32,96.58,41.39,56.35
CA-2017-165491,2017-Q1,West,Technology,7,37.99,265.93,141.48,60.63,63.82
CA-2015-109470,2015-Q4,South,Office Supplies,3,31.58,94.74,35.15,15.06,44.53
CA-2015-109470,2015-Q4,South,Office Supplies,4,15.16,60.64,22.92,9.83,27.89
CA-2015-109470,2015-Q4,South,Office Supplies,5,15.26,76.3,26.7,11.45,38.15
CA-2015-109470,2015-Q4,South,Office Supplies,12,30.4,364.8,137.89,59.1,167.81
CA-2015-105102,2015-Q3,East,Office Supplies,3,26.62,79.87,34.94,14.98,29.95
CA-2015-105102,2015-Q3,East,Furniture,1,46.38,46.38,31.65,13.57,1.16
CA-2015-105102,2015-Q3,East,Office Supplies,2,6.48,12.96,4.72,2.02,6.22
CA-2017-138422,2017-Q3,West,Office Supplies,3,4.78,14.35,6.4,2.75,5.2
US-2015-147739,2015-Q4,East,Furniture,4,136.78,547.14,430.87,184.66,-68.39
CA-2016-155187,2016-Q3,West,Office Supplies,2,20.98,41.96,27.31,11.71,2.94
CA-2016-155187,2016-Q3,West,Office Supplies,5,8.34,41.7,14.6,6.25,20.85
CA-2017-169285,2017-Q1,Central,Office Supplies,5,55.48,277.4,100.97,43.28,133.15
CA-2017-169285,2017-Q1,Central,Office Supplies,1,5.78,5.78,2.06,0.89,2.83
CA-2014-140886,2014-Q3,South,Office Supplies,6,11.54,69.22,40.58,17.39,11.25
CA-2017-152695,2017-Q4,East,Office Supplies,3,3.62,10.86,4.03,1.73,5.1
CA-2017-152695,2017-Q4,East,Office Supplies,7,60.97,426.79,212.11,90.91,123.77
CA-2014-110639,2014-Q3,East,Office Supplies,4,6.48,25.92,9.44,4.04,12.44
CA-2014-110639,2014-Q3,East,Office Supplies,4,11.48,45.92,16.39,7.03,22.5
CA-2014-121727,2014-Q3,East,Office Supplies,2,5.36,10.72,6.29,2.69,1.74
CA-2016-137736,2016-Q4,South,Office Supplies,7,5.98,41.86,21.98,9.42,10.46
US-2014-143231,2014-Q4,East,Furniture,5,12.64,63.2,27.87,11.95,23.38
US-2014-143231,2014-Q4,East,Technology,3,37.99,113.97,60.63,25.99,27.35
US-2014-155894,2014-Q3,Central,Office Supplies,3,41.18,123.55,107.02,45.87,-29.34
CA-2016-119025,2016-Q1,Central,Office Supplies,9,54.48,490.32,247.12,105.91,137.29
CA-2016-159373,2016-Q1,Central,Office Supplies,5,14.02,70.08,31.88,13.67,24.53
CA-2016-159373,2016-Q1,Central,Office Supplies,2,0.64,1.27,2.4,1.03,-2.16
CA-2016-159373,2016-Q1,Central,Furniture,5,111.52,557.58,390.31,167.27,0.0
CA-2017-109701,2017-Q4,West,Office Supplies,6,1.5,9.02,4.1,1.76,3.16
CA-2017-109701,2017-Q4,West,Office Supplies,2,34.73,69.46,32.82,14.07,22.57
CA-2017-109701,2017-Q4,West,Office Supplies,2,5.43,10.86,3.88,1.66,5.32
CA-2017-109701,2017-Q4,West,Office Supplies,3,26.49,79.47,40.05,17.17,22.25
CA-2017-109701,2017-Q4,West,Office Supplies,6,1.68,10.08,3.53,1.51,5.04
CA-2015-111514,2015-Q3,West,Furniture,7,221.83,1552.83,946.32,405.56,200.95
CA-2015-111514,2015-Q3,West,Office Supplies,5,27.45,137.24,63.64,27.28,46.32
CA-2015-111514,2015-Q3,West,Technology,1,36.51,36.51,14.57,6.24,15.7
CA-2015-111514,2015-Q3,West,Technology,3,79.99,239.98,111.29,47.7,80.99
US-2014-148838,2014-Q1,East,Furniture,7,225.68,1579.75,1419.14,608.2,-447.59
US-2014-148838,2014-Q1,East,Furniture,4,267.9,1071.58,1137.66,487.57,-553.65
US-2014-148838,2014-Q1,East,Furniture,3,204.64,613.91,515.68,221.01,-122.78
US-2014-148838,2014-Q1,East,Office Supplies,7,4.98,34.86,12.94,5.54,16.38
US-2014-148838,2014-Q1,East,Office Supplies,4,38.76,155.04,55.35,23.72,75.97
CA-2017-136497,2017-Q2,East,Office Supplies,5,2.74,13.71,16.63,7.13,-10.05
US-2016-108637,2016-Q1,South,Furniture,2,63.94,127.88,60.87,26.09,40.92
US-2016-108637,2016-Q1,South,Office Supplies,2,80.16,160.32,80.8,34.63,44.89
US-2016-108637,2016-Q1,South,Office Supplies,4,11.5,46.0,17.71,7.59,20.7
CA-2014-102295,2014-Q4,West,Furniture,1,120.71,120.71,97.17,41.65,-18.11
CA-2017-123659,2017-Q1,East,Office Supplies,4,5.78,23.12,8.25,3.54,11.33
US-2016-129469,2016-Q3,East,Furniture,6,88.78,532.7,391.54,167.8,-26.64
US-2016-129469,2016-Q3,East,Office Supplies,2,2.46,4.91,3.22,1.38,0.31
CA-2017-155152,2017-Q3,East,Technology,4,63.0,252.0,111.13,47.63,93.24
CA-2016-159940,2016-Q3,Central,Furniture,8,7.54,60.29,61.19,26.23,-27.13
CA-2016-159940,2016-Q3,Central,Office Supplies,1,2.63,2.63,1.27,0.54,0.82
CA-2016-159940,2016-Q3,Central,Office Supplies,9,2.63,23.69,11.19,4.8,7.7
CA-2016-159940,2016-Q3,Central,Furniture,2,126.68,253.37,187.5,80.35,-14.48
CA-2017-119669,2017-Q1,South,Office Supplies,3,1.89,5.67,3.89,1.67,0.11
US-2014-164616,2014-Q3,East,Office Supplies,4,19.2,76.78,94.95,40.69,-58.86
US-2014-164616,2014-Q3,East,Office Supplies,2,4.59,9.18,5.62,2.41,1.15
CA-2015-148628,2015-Q4,West,Office Supplies,5,6.55,32.75,12.38,5.31,15.06
CA-2016-118052,2016-Q2,East,Office Supplies,2,3.61,7.22,3.86,1.65,1.71
CA-2016-118052,2016-Q2,East,Office Supplies,2,24.78,49.57,23.86,10.22,15.49
CA-2016-118052,2016-Q2,East,Furniture,7,7.82,54.71,30.16,12.92,11.63
US-2017-117534,2017-Q1,West,Office Supplies,4,44.01,176.04,91.19,39.08,45.77
US-2017-117534,2017-Q1,West,Office Supplies,9,1.78,16.02,8.07,3.46,4.49
US-2017-117534,2017-Q1,West,Office Supplies,4,46.48,185.92,86.22,36.95,62.75
US-2017-117534,2017-Q1,West,Technology,4,52.79,211.17,136.73,58.6,15.84
US-2017-117534,2017-Q1,West,Technology,2,239.99,479.98,293.99,125.99,60.0
CA-2015-145065,2015-Q4,West,Office Supplies,2,3.93,7.86,2.97,1.27,3.62
CA-2015-145065,2015-Q4,West,Office Supplies,2,12.22,24.45,10.91,4.68,8.86
US-2015-127040,2015-Q4,East,Office Supplies,1,6.48,6.48,2.36,1.01,3.11
US-2015-127040,2015-Q4,East,Office Supplies,7,5.98,41.86,14.94,6.41,20.51
US-2015-127040,2015-Q4,East,Technology,9,179.99,1619.91,1065.9,456.82,97.19
US-2015-127040,2015-Q4,East,Furniture,4,28.48,113.92,50.24,21.53,42.15
CA-2016-128111,2016-Q1,East,Office Supplies,2,19.84,39.68,20.55,8.81,10.32
CA-2015-137897,2015-Q4,East,Technology,2,18.8,37.6,24.74,10.6,2.26
CA-2015-137897,2015-Q4,East,Technology,2,29.95,59.9,25.16,10.78,23.96
CA-2015-137897,2015-Q4,East,Office Supplies,5,7.4,37.0,14.24,6.11,16.65
CA-2017-169264,2017-Q3,West,Office Supplies,2,2.88,5.76,2.06,0.88,2.82
CA-2017-169264,2017-Q3,West,Office Supplies,6,2.78,16.68,8.64,3.7,4.34
CA-2017-147361,2017-Q3,South,Office Supplies,7,89.83,628.81,431.36,184.87,12.58
CA-2017-147361,2017-Q3,South,Office Supplies,5,11.29,56.45,29.24,12.53,14.68
CA-2017-145877,2017-Q2,Central,Office Supplies,6,15.7,94.2,49.45,21.2,23.55
CA-2017-145877,2017-Q2,Central,Office Supplies,5,5.68,28.4,10.53,4.52,13.35
US-2016-110170,2016-Q3,Central,Furniture,7,136.67,956.66,827.23,354.53,-225.1
CA-2017-108574,2017-Q4,West,Technology,9,123.99,1115.91,640.53,274.52,200.86
CA-2017-108574,2017-Q4,West,Technology,7,18.39,128.74,110.4,47.31,-28.97
CA-2017-108574,2017-Q4,West,Technology,10,7.99,79.92,37.06,15.89,26.97
CA-2017-144589,2017-Q1,West,Office Supplies,5,4.84,24.2,11.35,4.86,7.99
CA-2017-144589,2017-Q1,West,Technology,3,119.99,359.98,160.64,68.85,130.49
CA-2017-155985,2017-Q1,West,Furniture,8,26.48,211.84,94.91,40.67,76.26
CA-2014-162684,2014-Q3,East,Office Supplies,2,2.84,5.68,2.63,1.13,1.92
CA-2015-142041,2015-Q2,West,Office Supplies,5,1.5,7.52,3.42,1.47,2.63
CA-2014-151295,2014-Q4,West,Office Supplies,2,5.98,11.96,4.27,1.83,5.86
CA-2014-151295,2014-Q4,West,Furniture,3,209.69,629.06,418.33,179.28,31.45
CA-2016-156300,2016-Q4,Central,Furniture,5,150.89,754.45,485.86,208.23,60.36
CA-2015-146087,2015-Q3,East,Furniture,2,150.98,301.96,169.1,72.47,60.39
CA-2017-168655,2017-Q4,West,Technology,5,119.0,595.0,349.86,149.94,95.2
CA-2017-168655,2017-Q4,West,Office Supplies,3,26.62,79.87,34.94,14.98,29.95
CA-2016-107202,2016-Q2,West,Technology,10,239.64,2396.4,1551.67,665.0,179.73
CA-2017-159597,2017-Q4,West,Office Supplies,2,31.78,63.56,42.27,18.11,3.18
CA-2017-159597,2017-Q4,West,Technology,1,99.99,99.99,39.19,16.8,44.0
CA-2016-155551,2016-Q2,Central,Office Supplies,3,76.79,230.38,195.53,83.8,-48.95
CA-2016-155551,2016-Q2,Central,Office Supplies,2,4.83,9.66,4.48,1.92,3.26
US-2017-147669,2017-Q4,East,Technology,7,22.7,158.93,82.05,35.16,41.72
US-2017-147669,2017-Q4,East,Office Supplies,1,13.02,13.02,16.41,7.03,-10.42
US-2017-147669,2017-Q4,East,Furniture,2,136.53,273.06,264.41,113.32,-104.67
US-2017-147669,2017-Q4,East,Office Supplies,13,3.02,39.31,18.57,7.96,12.78
CA-2016-169922,2016-Q2,Central,Office Supplies,4,0.34,1.34,2.44,1.05,-2.15
CA-2016-169922,2016-Q2,Central,Office Supplies,4,2.07,8.27,15.34,6.58,-13.65
CA-2016-169922,2016-Q2,Central,Furniture,7,1.79,12.54,15.14,6.49,-9.09
CA-2017-100748,2017-Q2,West,Office Supplies,8,7.31,58.48,21.69,9.3,27.49
CA-2017-129805,2017-Q4,West,Furniture,2,3.7,7.4,3.06,1.31,3.03
CA-2014-148586,2014-Q1,East,Furniture,7,52.4,366.79,211.11,90.47,65.21
US-2017-112613,2017-Q2,Central,Technology,4,13.59,54.37,35.2,15.09,4.08
CA-2015-154746,2015-Q4,South,Office Supplies,2,16.98,33.96,11.89,5.09,16.98
CA-2015-154746,2015-Q4,South,Office Supplies,3,275.37,826.11,352.75,151.18,322.18
CA-2017-140053,2017-Q3,West,Furniture,9,60.65,545.85,301.85,129.37,114.63
CA-2014-164210,2014-Q4,West,Furniture,2,72.99,145.98,171.67,73.58,-99.27
CA-2014-164210,2014-Q4,West,Office Supplies,4,8.95,35.81,16.3,6.98,12.53
CA-2017-139948,2017-Q3,South,Furniture,2,3.95,7.9,4.01,1.72,2.17
CA-2016-146934,2016-Q2,East,Technology,5,69.0,345.0,181.12,77.63,86.25
CA-2016-146934,2016-Q2,East,Furniture,2,87.14,174.29,135.95,58.26,-19.92
CA-2016-146934,2016-Q2,East,Office Supplies,4,165.71,662.84,343.35,147.15,172.34
CA-2016-146934,2016-Q2,East,Technology,5,19.02,95.1,45.27,19.4,30.43
CA-2016-146934,2016-Q2,East,Office Supplies,6,4.48,26.88,9.79,4.19,12.9
CA-2016-146934,2016-Q2,East,Technology,2,128.99,257.98,128.22,54.95,74.81
CA-2015-100573,2015-Q3,West,Office Supplies,2,8.74,17.48,6.48,2.78,8.22
CA-2016-119165,2016-Q4,East,Furniture,5,98.57,492.84,354.84,152.08,-14.08
CA-2015-128027,2015-Q3,South,Office Supplies,3,89.83,269.49,184.87,79.23,5.39
CA-2016-140207,2016-Q4,West,Office Supplies,5,5.82,29.12,13.5,5.79,9.83
CA-2017-140949,2017-Q1,East,Office Supplies,5,3.75,18.75,6.82,2.93,9.0
CA-2017-140949,2017-Q1,East,Technology,6,19.95,119.7,62.01,26.57,31.12
CA-2017-140949,2017-Q1,East,Office Supplies,3,3.05,9.14,4.24,1.81,3.09
CA-2017-140949,2017-Q1,East,Technology,3,19.02,57.06,27.16,11.64,18.26
CA-2017-140949,2017-Q1,East,Technology,8,8.95,71.6,40.6,17.4,13.6
CA-2017-140949,2017-Q1,East,Office Supplies,8,13.43,107.44,55.66,23.85,27.93
CA-2017-140949,2017-Q1,East,Office Supplies,1,7.31,7.31,2.71,1.16,3.44
CA-2017-140949,2017-Q1,East,Office Supplies,6,9.85,59.1,25.65,10.99,22.46
CA-2017-140949,2017-Q1,East,Office Supplies,3,15.51,46.53,24.1,10.33,12.1
CA-2017-138548,2017-Q3,East,Office Supplies,2,48.92,97.84,50.68,21.72,25.44
CA-2015-142419,2015-Q3,West,Office Supplies,3,9.99,29.97,11.54,4.94,13.49
CA-2015-142419,2015-Q3,West,Office Supplies,3,32.78,98.35,44.75,19.18,34.42
CA-2017-148691,2017-Q4,East,Office Supplies,5,16.78,83.92,38.18,16.37,29.37
CA-2017-148691,2017-Q4,East,Office Supplies,2,7.31,14.62,6.65,2.85,5.12
CA-2017-148691,2017-Q4,East,Technology,1,136.99,136.99,70.0,30.0,36.99
CA-2017-148691,2017-Q4,East,Office Supplies,1,3.15,3.15,1.15,0.49,1.51
CA-2017-128755,2017-Q2,South,Office Supplies,1,9.11,9.11,3.51,1.5,4.1
CA-2017-128755,2017-Q2,South,Office Supplies,4,142.86,571.44,284.0,121.72,165.72
CA-2017-128755,2017-Q2,South,Office Supplies,5,6.48,32.4,11.79,5.06,15.55
CA-2017-128755,2017-Q2,South,Office Supplies,1,16.91,16.91,8.64,3.7,4.57
US-2016-135923,2016-Q1,South,Furniture,8,1.78,14.27,6.99,3.0,4.28
US-2016-135923,2016-Q1,South,Furniture,4,112.78,451.14,363.17,155.64,-67.67
US-2016-135923,2016-Q1,South,Office Supplies,4,16.22,64.86,40.86,17.51,6.49
CA-2016-114972,2016-Q4,West,Furniture,2,108.79,217.58,173.25,74.25,-29.92
CA-2016-114972,2016-Q4,West,Technology,5,16.59,82.95,37.74,16.18,29.03
CA-2016-114972,2016-Q4,West,Office Supplies,7,12.53,87.71,32.54,13.95,41.22
CA-2016-114972,2016-Q4,West,Office Supplies,4,275.37,1101.48,470.33,201.57,429.58
CA-2017-102750,2017-Q3,West,Furniture,3,440.78,1322.35,995.07,426.46,-99.18
CA-2014-145212,2014-Q3,East,Office Supplies,3,1.82,5.46,2.79,1.2,1.47
CA-2017-141992,2017-Q2,Central,Office Supplies,1,11.18,11.18,7.24,3.1,0.84
CA-2017-141992,2017-Q2,Central,Office Supplies,2,76.79,153.58,130.35,55.87,-32.64
CA-2017-147956,2017-Q4,West,Office Supplies,6,167.27,1003.62,702.53,301.09,0.0
CA-2017-126067,2017-Q3,West,Technology,4,8.79,35.17,16.62,7.12,11.43
CA-2017-126067,2017-Q3,West,Furniture,5,227.55,1137.75,621.22,266.23,250.3
CA-2017-126067,2017-Q3,West,Office Supplies,5,19.94,99.68,47.1,20.18,32.4
CA-2017-126067,2017-Q3,West,Office Supplies,2,2.78,5.56,2.88,1.23,1.45
CA-2015-104514,2015-Q1,East,Office Supplies,2,42.76,85.52,44.3,18.98,22.24
CA-2015-104514,2015-Q1,East,Office Supplies,3,3.28,9.84,5.03,2.15,2.66
CA-2015-104514,2015-Q1,East,Office Supplies,3,6.68,20.04,7.29,3.13,9.62
CA-2015-141040,2015-Q4,East,Technology,4,157.99,631.96,230.03,98.59,303.34
CA-2015-141040,2015-Q4,East,Office Supplies,4,5.98,23.92,9.21,3.95,10.76
CA-2014-113579,2014-Q4,West,Office Supplies,6,15.04,90.24,34.11,14.62,41.51
CA-2014-144624,2014-Q4,East,Technology,7,649.83,4548.81,2324.44,996.19,1228.18
CA-2016-146206,2016-Q3,Central,Furniture,5,60.19,300.93,234.72,100.6,-34.39
CA-2016-146206,2016-Q3,Central,Technology,5,143.99,719.96,466.17,199.79,54.0
CA-2014-136644,2014-Q2,Central,Furniture,8,80.98,647.84,430.81,184.64,32.39
CA-2015-122371,2015-Q3,West,Office Supplies,3,21.39,64.17,31.89,13.67,18.61
CA-2015-122371,2015-Q3,West,Office Supplies,2,62.23,124.46,46.17,19.79,58.5
CA-2016-126935,2016-Q2,West,Office Supplies,1,9.58,9.58,4.36,1.87,3.35
US-2017-133781,2017-Q2,South,Office Supplies,3,12.54,37.61,17.44,7.48,12.69
CA-2017-131618,2017-Q2,Central,Office Supplies,2,6.11,12.22,5.45,2.34,4.43
CA-2017-131618,2017-Q2,Central,Office Supplies,4,0.57,2.3,4.11,1.76,-3.57
CA-2017-131618,2017-Q2,Central,Office Supplies,4,2.34,9.36,18.02,7.72,-16.38
CA-2016-149482,2016-Q4,West,Office Supplies,2,3.69,7.38,2.74,1.17,3.47
CA-2014-143917,2014-Q3,West,Office Supplies,4,13.43,53.72,27.08,11.6,15.04
CA-2014-143917,2014-Q3,West,Office Supplies,5,1637.53,8187.65,5502.1,2358.04,327.51
CA-2014-143917,2014-Q3,West,Furniture,8,9.74,77.92,30.55,13.09,34.28
CA-2015-120397,2015-Q3,Central,Office Supplies,4,8.2,32.78,82.61,35.41,-85.24
CA-2017-163902,2017-Q1,West,Technology,3,65.59,196.78,127.41,54.61,14.76
CA-2017-163902,2017-Q1,West,Technology,6,79.99,479.94,299.0,128.15,52.79
CA-2016-136812,2016-Q4,Central,Office Supplies,4,279.48,1117.92,743.41,318.61,55.9
CA-2015-102722,2015-Q2,South,Technology,6,17.75,106.5,45.47,19.49,41.54
CA-2017-155089,2017-Q4,South,Office Supplies,5,9.13,45.66,55.4,23.74,-33.48
CA-2016-124506,2016-Q4,Central,Technology,4,23.99,95.97,66.34,28.43,1.2
CA-2016-124506,2016-Q4,Central,Furniture,2,24.0,47.99,35.04,15.01,-2.06
CA-2014-106572,2014-Q3,East,Office Supplies,2,132.16,264.32,171.15,73.35,19.82
CA-2014-128888,2014-Q4,Central,Office Supplies,9,67.18,604.66,280.41,120.18,204.07
CA-2017-123134,2017-Q2,East,Furniture,3,43.31,129.93,81.86,35.08,12.99
CA-2016-124352,2016-Q4,Central,Office Supplies,7,2.88,20.16,7.2,3.08,9.88
CA-2016-124352,2016-Q4,Central,Office Supplies,6,4.91,29.46,10.51,4.51,14.44
CA-2016-124352,2016-Q4,Central,Office Supplies,3,289.53,868.59,431.69,185.01,251.89
CA-2016-124352,2016-Q4,Central,Office Supplies,2,6.48,12.96,4.72,2.02,6.22
CA-2016-124352,2016-Q4,Central,Technology,1,5.5,5.5,2.88,1.24,1.38
CA-2016-124352,2016-Q4,Central,Office Supplies,4,30.4,121.6,45.96,19.7,55.94
CA-2015-124541,2015-Q2,Central,Office Supplies,9,4.67,42.05,25.75,11.04,5.26
CA-2015-124541,2015-Q2,Central,Technology,2,12.74,25.49,14.72,6.31,4.46
CA-2015-124541,2015-Q2,Central,Office Supplies,3,2.3,6.9,13.29,5.69,-12.08
CA-2015-124541,2015-Q2,Central,Office Supplies,6,1.61,9.65,18.57,7.96,-16.88
CA-2015-124541,2015-Q2,Central,Office Supplies,2,3.98,7.97,3.56,1.52,2.89
CA-2014-108707,2014-Q4,South,Office Supplies,2,5.18,10.37,4.72,2.02,3.63
CA-2014-111500,2014-Q3,South,Office Supplies,5,22.84,114.2,43.17,18.5,52.53
CA-2014-111500,2014-Q3,South,Office Supplies,4,4.49,17.96,6.79,2.91,8.26
CA-2014-111500,2014-Q3,South,Office Supplies,7,1.81,12.67,5.68,2.43,4.56
CA-2014-111500,2014-Q3,South,Technology,4,84.99,339.96,152.3,65.27,122.39
US-2017-117723,2017-Q3,East,Office Supplies,6,300.27,1801.63,1497.61,641.83,-337.81
CA-2015-143238,2015-Q3,West,Technology,4,11.58,46.32,19.78,8.48,18.06
CA-2015-168746,2015-Q1,East,Furniture,2,91.0,181.99,165.61,70.98,-54.6
CA-2015-168746,2015-Q1,East,Technology,4,108.0,431.98,372.94,159.83,-100.79
CA-2015-168746,2015-Q1,East,Technology,1,155.37,155.37,134.13,57.49,-36.25
CA-2015-113404,2015-Q3,West,Furniture,6,224.78,1348.7,1097.5,470.36,-219.16
CA-2015-113404,2015-Q3,West,Furniture,3,233.38,700.15,434.97,186.41,78.77
CA-2016-144792,2016-Q2,West,Furniture,7,15.98,111.89,62.66,26.85,22.38
CA-2014-164385,2014-Q3,East,Office Supplies,3,47.98,143.95,90.68,38.87,14.4
US-2016-114174,2016-Q3,East,Furniture,3,57.98,173.94,112.01,48.01,13.92
US-2016-114174,2016-Q3,East,Office Supplies,4,3.69,14.76,5.47,2.35,6.94
CA-2017-108070,2017-Q2,West,Office Supplies,4,51.48,205.92,142.7,61.16,2.06
CA-2017-108070,2017-Q2,West,Furniture,1,102.83,102.83,76.22,32.66,-6.05
US-2015-128090,2015-Q3,West,Office Supplies,1,2.3,2.3,1.43,0.61,0.26
US-2015-128090,2015-Q3,West,Technology,5,375.99,1879.96,1167.92,500.54,211.5
US-2015-128090,2015-Q3,West,Office Supplies,8,39.13,313.02,145.16,62.21,105.65
US-2015-128090,2015-Q3,West,Office Supplies,2,2.52,5.04,2.3,0.98,1.76
CA-2017-101042,2017-Q4,South,Furniture,6,136.98,821.88,425.73,182.46,213.69
CA-2017-101042,2017-Q4,South,Office Supplies,2,10.98,21.96,7.84,3.36,10.76
CA-2016-155439,2016-Q3,South,Office Supplies,4,6.48,25.92,9.44,4.04,12.44
CA-2016-118626,2016-Q3,South,Technology,7,100.79,705.54,444.49,190.5,70.55
CA-2015-111458,2015-Q3,East,Technology,2,25.0,50.0,26.6,11.4,12.0
US-2016-126844,2016-Q4,Central,Furniture,8,6.46,51.71,58.82,25.21,-32.32
US-2015-112508,2015-Q1,South,Office Supplies,2,3.5,6.99,4.53,1.94,0.52
CA-2015-147788,2015-Q2,West,Furniture,7,200.98,1406.86,886.32,379.85,140.69
CA-2015-147788,2015-Q2,West,Office Supplies,5,3.15,15.75,5.73,2.46,7.56
CA-2015-147788,2015-Q2,West,Office Supplies,2,161.55,323.1,183.2,78.51,61.39
CA-2015-144288,2015-Q4,South,Office Supplies,4,2.31,9.22,4.12,1.76,3.34
CA-2015-144288,2015-Q4,South,Office Supplies,2,5.18,10.37,4.72,2.02,3.63
CA-2015-110632,2015-Q1,East,Technology,1,15.02,15.02,8.62,3.7,2.7
CA-2015-110632,2015-Q1,East,Office Supplies,2,16.91,33.82,17.28,7.41,9.13
CA-2017-109589,2017-Q4,South,Technology,4,17.75,71.0,30.32,12.99,27.69
CA-2017-123967,2017-Q4,West,Office Supplies,5,5.02,25.12,12.09,5.18,7.85
CA-2017-123967,2017-Q4,West,Furniture,9,296.18,2665.62,1698.0,727.71,239.91
CA-2017-148929,2017-Q3,East,Office Supplies,8,59.76,478.08,240.95,103.27,133.86
CA-2017-134404,2017-Q4,East,Technology,2,82.2,164.39,140.01,60.0,-35.62
CA-2017-134404,2017-Q4,East,Office Supplies,4,3.31,13.25,6.73,2.88,3.64
CA-2017-109778,2017-Q3,Central,Office Supplies,2,1.46,2.91,1.4,0.6,0.91
CA-2016-155845,2016-Q3,Central,Technology,7,199.99,1399.94,943.21,404.23,52.5
CA-2017-145128,2017-Q3,Central,Furniture,5,105.29,526.45,346.4,148.46,31.59
CA-2014-129091,2014-Q4,South,Office Supplies,3,5.41,16.23,5.8,2.48,7.95
CA-2014-129091,2014-Q4,South,Office Supplies,5,63.98,319.9,114.2,48.95,156.75
CA-2014-129091,2014-Q4,South,Office Supplies,2,5.68,11.36,4.21,1.81,5.34
CA-2014-129091,2014-Q4,South,Office Supplies,3,225.04,675.12,269.37,115.45,290.3
US-2014-155502,2014-Q1,South,Furniture,3,20.94,62.82,22.43,9.61,30.78
US-2014-155502,2014-Q1,South,Office Supplies,8,61.24,489.92,342.94,146.98,0.0
US-2014-155502,2014-Q1,South,Office Supplies,3,6.48,19.44,7.08,3.03,9.33
US-2014-155502,2014-Q1,South,Office Supplies,2,8.34,16.68,5.84,2.5,8.34
US-2014-155502,2014-Q1,South,Technology,13,11.95,155.35,108.74,46.61,0.0
US-2014-155502,2014-Q1,South,Furniture,3,4.14,12.42,5.56,2.39,4.47
US-2014-155502,2014-Q1,South,Technology,2,93.99,187.98,94.74,40.61,52.63
CA-2015-121041,2015-Q4,Central,Office Supplies,2,3.3,6.61,3.12,1.34,2.15
CA-2017-131695,2017-Q2,East,Office Supplies,7,35.51,248.57,127.02,54.44,67.11
CA-2017-131695,2017-Q2,East,Furniture,1,22.23,22.23,8.71,3.74,9.78
CA-2016-137729,2016-Q2,West,Office Supplies,1,5.98,5.98,3.47,1.49,1.02
CA-2016-137729,2016-Q2,West,Technology,3,82.06,246.17,157.24,67.39,21.54
US-2016-115455,2016-Q3,Central,Furniture,2,7.07,14.14,15.34,6.57,-7.77
US-2016-115455,2016-Q3,Central,Furniture,3,200.49,601.47,631.55,270.66,-300.74
CA-2017-128300,2017-Q4,South,Technology,2,39.55,79.1,27.68,11.87,39.55
CA-2017-128300,2017-Q4,South,Office Supplies,8,40.98,327.84,119.34,51.14,157.36
CA-2017-149048,2017-Q2,Central,Office Supplies,2,90.48,180.96,69.67,29.86,81.43
CA-2017-149048,2017-Q2,Central,Office Supplies,3,304.99,914.97,352.26,150.97,411.74
CA-2017-149048,2017-Q2,Central,Technology,3,195.99,587.97,300.45,128.77,158.75
CA-2017-149048,2017-Q2,Central,Office Supplies,2,265.17,530.34,304.42,130.46,95.46
CA-2017-149048,2017-Q2,Central,Office Supplies,3,4.98,14.94,5.33,2.29,7.32
CA-2017-108553,2017-Q2,East,Office Supplies,2,60.97,121.94,60.61,25.97,35.36
CA-2017-108553,2017-Q2,East,Office Supplies,7,17.53,122.71,60.13,25.77,36.81
CA-2016-165848,2016-Q2,East,Office Supplies,3,4.98,14.94,5.54,2.38,7.02
CA-2016-165848,2016-Q2,East,Technology,3,449.95,1349.85,689.77,295.62,364.46
CA-2016-165848,2016-Q2,East,Furniture,1,136.78,136.78,92.16,39.49,5.13
CA-2016-165848,2016-Q2,East,Furniture,4,15.28,61.12,28.24,12.1,20.78
CA-2014-112718,2014-Q4,South,Office Supplies,1,1.17,1.17,1.42,0.61,-0.86
CA-2016-154053,2016-Q1,West,Office Supplies,1,16.99,16.99,8.44,3.62,4.93
CA-2014-127446,2014-Q4,Central,Technology,3,8.22,24.67,17.27,7.4,0.0
CA-2014-127446,2014-Q4,Central,Office Supplies,1,2.52,2.52,1.15,0.49,0.88
CA-2014-127446,2014-Q4,Central,Furniture,5,243.75,1218.73,938.42,402.18,-121.87
CA-2014-127446,2014-Q4,Central,Office Supplies,2,2.95,5.9,2.74,1.17,1.99
CA-2014-127446,2014-Q4,Central,Office Supplies,3,5.23,15.7,7.42,3.18,5.1
CA-2014-127446,2014-Q4,Central,Furniture,3,2.03,6.1,7.04,3.02,-3.96
CA-2016-137204,2016-Q2,West,Furniture,2,20.78,41.57,27.28,11.69,2.6
CA-2014-147298,2014-Q2,West,Furniture,3,76.76,230.28,145.07,62.18,23.03
CA-2014-147298,2014-Q2,West,Office Supplies,6,3.05,18.29,8.8,3.77,5.72
CA-2017-147942,2017-Q2,West,Office Supplies,2,2.89,5.78,2.14,0.92,2.72
CA-2017-147942,2017-Q2,West,Office Supplies,13,9.36,121.68,58.56,25.1,38.02
CA-2017-115931,2017-Q4,West,Office Supplies,3,1.39,4.17,2.16,0.93,1.08
CA-2017-115931,2017-Q4,West,Technology,4,16.76,67.04,42.24,18.1,6.7
CA-2017-115931,2017-Q4,West,Office Supplies,3,12.44,37.32,18.81,8.06,10.45
CA-2017-115931,2017-Q4,West,Office Supplies,5,3.69,18.45,6.85,2.93,8.67
CA-2014-164861,2014-Q4,Central,Office Supplies,4,6.48,25.92,9.44,4.04,12.44
CA-2017-127180,2017-Q4,East,Technology,4,2799.99,11199.97,5095.99,2183.99,3919.99
CA-2017-127180,2017-Q4,East,Technology,8,299.95,2399.6,1226.2,525.51,647.89
CA-2017-127180,2017-Q4,East,Office Supplies,5,12.78,63.9,24.6,10.54,28.76
CA-2017-127180,2017-Q4,East,Technology,1,52.99,52.99,36.72,15.74,0.53
US-2017-165344,2017-Q4,East,Technology,4,15.22,60.86,36.21,15.52,9.13
US-2017-165344,2017-Q4,East,Technology,7,93.29,653.0,1112.27,476.69,-935.96
US-2017-165344,2017-Q4,East,Office Supplies,10,1.12,11.22,13.09,5.61,-7.48
CA-2015-168186,2015-Q3,Central,Office Supplies,3,4.98,14.94,5.54,2.38,7.02
US-2017-110604,2017-Q2,West,Furniture,2,19.98,39.96,15.95,6.83,17.18
US-2017-110604,2017-Q2,West,Furniture,2,21.31,42.62,26.85,11.51,4.26
US-2017-110604,2017-Q2,West,Furniture,1,220.96,220.96,137.27,58.83,24.86
CA-2015-116750,2015-Q3,South,Furniture,2,2.46,4.93,2.93,1.26,0.74
CA-2015-116750,2015-Q3,South,Office Supplies,5,1.45,7.23,9.11,3.9,-5.78
CA-2015-162369,2015-Q3,West,Office Supplies,2,161.55,323.1,183.2,78.51,61.39
CA-2017-108441,2017-Q2,East,Office Supplies,4,4.76,19.04,6.8,2.91,9.33
CA-2017-108441,2017-Q2,East,Office Supplies,3,4.38,13.13,6.2,2.66,4.27
CA-2017-108441,2017-Q2,East,Office Supplies,3,21.38,64.14,33.22,14.24,16.68
CA-2017-108441,2017-Q2,East,Furniture,4,214.56,858.24,500.64,214.56,143.04
CA-2015-169740,2015-Q1,South,Technology,1,29.99,29.99,18.89,8.1,3.0
CA-2016-124051,2016-Q4,Central,Office Supplies,6,31.01,186.05,83.03,35.58,67.44
CA-2016-149111,2016-Q2,South,Technology,1,36.79,36.79,22.85,9.8,4.14
CA-2016-149111,2016-Q2,South,Furniture,8,2.33,18.62,8.63,3.7,6.29
CA-2014-131002,2014-Q3,Central,Furniture,3,19.23,57.69,23.83,10.21,23.65
CA-2014-131002,2014-Q3,Central,Office Supplies,3,14.27,42.81,15.88,6.81,20.12
CA-2014-131002,2014-Q3,Central,Office Supplies,2,6.48,12.96,4.72,2.02,6.22
CA-2014-131002,2014-Q3,Central,Furniture,6,136.98,821.88,425.73,182.46,213.69
CA-2014-131002,2014-Q3,Central,Technology,3,34.95,104.85,53.58,22.96,28.31
US-2016-146794,2016-Q3,West,Furniture,5,84.99,424.96,283.47,121.49,20.0
CA-2017-112515,2017-Q3,West,Office Supplies,3,3.59,10.78,5.1,2.18,3.5
CA-2017-112515,2017-Q3,West,Office Supplies,3,3.93,11.78,5.26,2.25,4.27
CA-2017-112515,2017-Q3,West,Office Supplies,3,54.96,164.88,58.86,25.23,80.79
CA-2017-112515,2017-Q3,West,Furniture,3,430.98,1292.94,850.75,364.61,77.58
CA-2017-112515,2017-Q3,West,Office Supplies,2,12.79,25.58,11.64,4.99,8.95
CA-2017-112515,2017-Q3,West,Office Supplies,2,130.87,261.74,137.41,58.89,65.44
CA-2017-112515,2017-Q3,West,Office Supplies,5,2.88,14.4,5.14,2.2,7.06
CA-2016-150343,2016-Q3,West,Office Supplies,3,3.62,10.86,4.03,1.73,5.1
CA-2015-135538,2015-Q4,West,Furniture,4,220.96,883.84,549.09,235.32,99.43
CA-2017-123372,2017-Q4,East,Technology,11,179.99,1979.89,1039.44,445.48,494.97
CA-2017-123372,2017-Q4,East,Office Supplies,2,39.98,79.96,30.79,13.19,35.98
CA-2017-159604,2017-Q2,Central,Office Supplies,2,4.38,8.76,3.19,1.37,4.2
CA-2016-164784,2016-Q2,South,Office Supplies,1,3.98,3.98,1.88,0.81,1.29
CA-2016-164784,2016-Q2,South,Furniture,3,123.54,370.62,358.88,153.81,-142.07
CA-2016-164784,2016-Q2,South,Office Supplies,2,1.37,2.74,3.32,1.43,-2.01
CA-2016-111794,2016-Q4,Central,Technology,3,26.5,79.51,41.05,17.59,20.87
CA-2016-111794,2016-Q4,Central,Office Supplies,1,28.35,28.35,13.15,5.63,9.57
US-2015-139759,2015-Q3,West,Furniture,1,40.78,40.78,25.33,10.86,4.59
US-2015-139759,2015-Q3,West,Office Supplies,4,26.49,105.96,53.4,22.89,29.67
CA-2014-126403,2014-Q3,East,Office Supplies,3,55.48,166.44,60.58,25.97,79.89
CA-2014-126403,2014-Q3,East,Furniture,6,130.98,785.88,401.58,172.11,212.19
CA-2014-126403,2014-Q3,East,Office Supplies,2,13.1,26.2,9.35,4.01,12.84
CA-2014-126403,2014-Q3,East,Office Supplies,5,265.17,1325.85,761.04,326.16,238.65
CA-2017-136875,2017-Q4,West,Office Supplies,3,55.48,166.44,60.58,25.97,79.89
CA-2017-132185,2017-Q4,South,Office Supplies,5,1.75,8.76,5.59,2.4,0.77
CA-2017-132185,2017-Q4,South,Office Supplies,1,43.58,43.58,27.45,11.77,4.36
US-2014-160780,2014-Q2,West,Office Supplies,7,1.58,11.09,13.45,5.77,-8.13
US-2014-160780,2014-Q2,West,Office Supplies,2,12.58,25.16,29.36,12.58,-16.78
CA-2017-127026,2017-Q1,Central,Office Supplies,5,2.88,14.4,5.14,2.2,7.06
CA-2017-127026,2017-Q1,Central,Technology,5,123.99,619.95,355.85,152.51,111.59
CA-2017-127026,2017-Q1,Central,Office Supplies,4,22.38,89.52,33.21,14.24,42.07
CA-2017-127026,2017-Q1,Central,Technology,3,116.99,350.97,139.22,59.66,152.09
CA-2017-127026,2017-Q1,Central,Technology,1,164.99,164.99,80.84,34.65,49.5
CA-2017-137085,2017-Q2,West,Office Supplies,9,34.73,312.55,147.68,63.29,101.58
CA-2016-133123,2016-Q3,South,Office Supplies,3,31.98,95.95,46.18,19.79,29.98
CA-2016-133123,2016-Q3,South,Office Supplies,2,1.6,3.2,3.96,1.7,-2.46
US-2016-128195,2016-Q3,Central,Office Supplies,5,0.8,3.98,7.38,3.17,-6.57
CA-2015-153220,2015-Q4,West,Office Supplies,5,3.14,15.7,6.05,2.59,7.06
CA-2014-123064,2014-Q2,Central,Office Supplies,4,1.31,5.25,2.53,1.08,1.64
CA-2017-156412,2017-Q4,East,Office Supplies,3,1.78,5.35,6.87,2.94,-4.46
US-2016-144211,2016-Q3,West,Office Supplies,3,5.16,15.48,6.91,2.96,5.61
US-2016-144211,2016-Q3,West,Technology,3,36.19,108.58,70.31,30.13,8.14
CA-2016-138079,2016-Q1,West,Furniture,5,21.98,109.9,50.77,21.76,37.37
CA-2014-143182,2014-Q4,South,Furniture,1,15.38,15.38,7.94,3.4,4.04
CA-2016-161662,2016-Q1,East,Office Supplies,2,15.18,30.35,13.81,5.92,10.62
CA-2014-145317,2014-Q1,South,Technology,4,205.32,821.3,586.41,251.32,-16.43
CA-2014-145317,2014-Q1,South,Technology,6,3773.08,22638.48,17114.69,7334.87,-1811.08
CA-2014-145317,2014-Q1,South,Office Supplies,4,5.34,21.38,9.73,4.17,7.48
CA-2014-145317,2014-Q1,South,Office Supplies,3,2.67,8.02,4.91,2.11,1.0
CA-2014-145317,2014-Q1,South,Furniture,2,15.38,30.77,15.88,6.81,8.08
CA-2014-145317,2014-Q1,South,Office Supplies,3,6.31,18.94,9.11,3.91,5.92
CA-2014-145317,2014-Q1,South,Furniture,3,40.78,122.35,74.94,32.12,15.29
CA-2014-143413,2014-Q2,East,Office Supplies,3,38.76,116.28,41.51,17.79,56.98
CA-2017-156818,2017-Q3,East,Technology,6,22.1,132.6,80.75,34.61,17.24
CA-2017-155873,2017-Q2,West,Office Supplies,2,8.34,16.68,8.64,3.7,4.34
CA-2017-155873,2017-Q2,West,Office Supplies,3,6.48,19.44,7.08,3.03,9.33
CA-2017-155873,2017-Q2,West,Office Supplies,4,48.04,192.16,69.94,29.98,92.24
CA-2015-121797,2015-Q1,West,Furniture,7,32.48,227.36,101.86,43.65,81.85
CA-2015-121797,2015-Q1,West,Technology,3,639.99,1919.98,1192.79,511.19,216.0
US-2015-120572,2015-Q4,South,Office Supplies,2,6.42,12.83,15.27,6.54,-8.98
CA-2017-132430,2017-Q4,East,Furniture,4,11.47,45.89,25.7,11.01,9.18
CA-2017-146031,2017-Q3,East,Office Supplies,9,6.68,60.12,26.52,11.36,22.24
CA-2014-110100,2014-Q2,South,Technology,3,100.79,302.38,185.21,79.37,37.8
CA-2015-103723,2015-Q4,West,Office Supplies,5,2.78,13.9,5.84,2.5,5.56
CA-2014-127187,2014-Q4,East,Technology,2,64.99,129.98,47.31,20.28,62.39
CA-2017-128475,2017-Q3,South,Technology,2,35.99,71.98,39.8,17.06,15.12
CA-2014-100006,2014-Q3,East,Technology,3,125.99,377.97,187.85,80.51,109.61
CA-2017-144827,2017-Q4,West,Office Supplies,2,62.18,124.36,63.55,27.23,33.58
CA-2014-110030,2014-Q4,Central,Furniture,3,7.99,23.98,26.86,11.51,-14.39
CA-2014-121286,2014-Q4,South,Office Supplies,3,2.79,8.38,3.96,1.7,2.72
CA-2014-121286,2014-Q4,South,Office Supplies,5,11.65,58.24,37.2,15.94,5.1
CA-2016-164735,2016-Q2,South,Office Supplies,5,16.24,81.2,48.31,20.71,12.18
CA-2014-153479,2014-Q4,West,Office Supplies,5,2.89,14.45,5.36,2.3,6.79
CA-2014-153479,2014-Q4,West,Office Supplies,2,47.82,95.65,45.19,19.37,31.09
CA-2017-149888,2017-Q4,East,Technology,5,71.99,359.97,302.37,129.59,-71.99
CA-2017-149888,2017-Q4,East,Furniture,4,87.59,350.35,343.34,147.15,-140.14
CA-2017-119193,2017-Q4,East,Office Supplies,1,1.64,1.64,2.06,0.89,-1.31
CA-2017-119193,2017-Q4,East,Technology,7,89.99,629.96,374.83,160.64,94.49
CA-2017-104801,2017-Q1,West,Office Supplies,3,2.21,6.63,3.39,1.45,1.79
CA-2017-104801,2017-Q1,West,Technology,4,199.99,799.96,319.19,136.79,343.98
CA-2017-104801,2017-Q1,West,Furniture,1,107.53,107.53,60.21,25.81,21.51
CA-2014-107594,2014-Q3,East,Technology,2,36.99,73.98,37.81,16.2,19.97
CA-2014-107594,2014-Q3,East,Office Supplies,1,5.58,5.58,2.38,1.02,2.18
CA-2015-129770,2015-Q1,West,Office Supplies,4,12.28,49.12,18.22,7.81,23.09
CA-2015-115798,2015-Q4,East,Technology,3,125.99,377.97,198.44,85.04,94.49
CA-2015-115798,2015-Q4,East,Office Supplies,7,6.04,42.28,15.69,6.72,19.87
CA-2015-115798,2015-Q4,East,Furniture,3,99.99,299.97,170.09,72.89,56.99
CA-2015-115798,2015-Q4,East,Technology,2,44.99,89.98,32.75,14.04,43.19
CA-2017-122707,2017-Q2,South,Office Supplies,4,119.31,477.24,327.39,140.31,9.54
CA-2017-122707,2017-Q2,South,Technology,2,12.99,25.98,17.09,7.33,1.56
CA-2016-165015,2016-Q1,East,Office Supplies,5,9.34,46.72,20.44,8.76,17.52
CA-2014-149244,2014-Q4,West,Furniture,2,17.67,35.34,15.34,6.57,13.43
CA-2015-140144,2015-Q2,West,Furniture,6,42.94,257.64,110.01,47.15,100.48
CA-2015-140144,2015-Q2,West,Technology,3,41.99,125.98,55.12,23.62,47.24
CA-2017-163321,2017-Q3,South,Technology,1,79.99,79.99,40.59,17.4,22.0
CA-2014-155887,2014-Q2,East,Furniture,3,233.35,700.06,581.05,249.02,-130.01
US-2015-165449,2015-Q4,Central,Technology,4,6.79,27.17,19.97,8.56,-1.36
CA-2015-110247,2015-Q4,South,Office Supplies,3,2.74,8.23,9.98,4.28,-6.03
US-2014-141257,2014-Q2,West,Furniture,3,195.18,585.55,358.65,153.71,73.19
CA-2014-154669,2014-Q3,West,Office Supplies,11,38.48,423.28,219.26,93.97,110.05
CA-2014-158029,2014-Q2,West,Furniture,2,112.65,225.3,141.94,60.83,22.53
CA-2015-155306,2015-Q2,West,Office Supplies,2,2.78,5.56,2.34,1.0,2.22
CA-2015-155306,2015-Q2,West,Technology,3,107.79,323.37,135.81,58.21,129.35
CA-2015-155306,2015-Q2,West,Technology,5,156.79,783.96,500.75,214.61,68.6
CA-2015-155306,2015-Q2,West,Office Supplies,5,289.53,1447.65,719.48,308.35,419.82
CA-2015-155306,2015-Q2,West,Office Supplies,2,5.98,11.96,4.27,1.83,5.86
CA-2016-127775,2016-Q2,East,Technology,3,79.99,239.97,117.59,50.39,71.99
CA-2016-146171,2016-Q1,South,Furniture,4,19.23,76.92,31.77,13.61,31.54
CA-2016-146171,2016-Q1,South,Office Supplies,4,120.33,481.32,249.33,106.85,125.14
CA-2014-129574,2014-Q2,West,Office Supplies,5,9.68,48.4,17.62,7.55,23.23
CA-2017-126536,2017-Q4,West,Technology,1,0.99,0.99,0.39,0.16,0.44
CA-2017-126536,2017-Q4,West,Office Supplies,5,20.37,101.84,45.44,19.48,36.92
CA-2017-165757,2017-Q2,East,Office Supplies,3,3.44,10.33,12.54,5.37,-7.58
CA-2017-165757,2017-Q2,East,Office Supplies,5,6.23,31.16,38.53,16.52,-23.89
CA-2017-165757,2017-Q2,East,Office Supplies,2,4.46,8.93,5.78,2.48,0.67
CA-2017-167752,2017-Q1,East,Office Supplies,1,34.38,34.38,21.36,9.15,3.87
CA-2017-167752,2017-Q1,East,Office Supplies,8,240.52,1924.16,1128.04,483.44,312.68
US-2015-122140,2015-Q2,Central,Office Supplies,2,16.1,32.19,78.87,33.8,-80.48
US-2015-122140,2015-Q2,Central,Technology,7,7.16,50.12,35.52,15.23,-0.63
US-2015-122140,2015-Q2,Central,Technology,3,15.99,47.98,32.33,13.85,1.8
CA-2016-163986,2016-Q3,Central,Office Supplies,5,10.9,54.5,28.23,12.1,14.17
CA-2017-158967,2017-Q4,South,Furniture,3,6.37,19.1,9.36,4.01,5.73
CA-2016-131576,2016-Q4,Central,Office Supplies,3,16.48,49.44,17.65,7.56,24.23
CA-2017-143455,2017-Q4,East,Office Supplies,2,5.18,10.37,4.72,2.02,3.63
CA-2016-144729,2016-Q4,West,Office Supplies,3,51.48,154.44,107.03,45.87,1.54
CA-2015-127019,2015-Q4,West,Office Supplies,7,8.71,60.98,39.49,16.92,4.57
CA-2015-138534,2015-Q3,West,Furniture,2,97.74,195.47,146.49,62.78,-13.8
CA-2017-108322,2017-Q2,South,Furniture,8,2.96,23.68,12.22,5.24,6.22
CA-2017-108322,2017-Q2,South,Technology,3,0.79,2.38,1.15,0.49,0.74
CA-2017-167668,2017-Q2,East,Office Supplies,4,14.8,59.2,20.72,8.88,29.6
CA-2017-146724,2017-Q4,Central,Office Supplies,10,2.2,22.0,8.62,3.7,9.68
CA-2016-139878,2016-Q4,Central,Technology,2,128.99,257.98,128.22,54.95,74.81
US-2016-106677,2016-Q4,East,Technology,2,12.0,23.99,27.99,11.99,-15.99
CA-2016-116974,2016-Q4,East,Technology,4,6.0,23.98,27.69,11.87,-15.58
CA-2015-149972,2015-Q3,West,Furniture,4,150.38,601.54,421.08,180.46,0.0
CA-2015-149972,2015-Q3,West,Office Supplies,2,3.95,7.9,3.76,1.61,2.53
US-2014-117744,2014-Q4,Central,Furniture,5,11.67,58.36,58.21,24.95,-24.8
US-2014-117744,2014-Q4,Central,Office Supplies,7,2.35,16.46,10.51,4.51,1.44
US-2014-117744,2014-Q4,Central,Furniture,5,7.99,39.96,44.76,19.18,-23.98
CA-2014-125514,2014-Q3,Central,Office Supplies,2,12.98,25.96,12.9,5.53,7.53
CA-2014-125514,2014-Q3,Central,Office Supplies,3,12.09,36.27,17.77,7.62,10.88
CA-2014-125514,2014-Q3,Central,Office Supplies,1,6.48,6.48,2.36,1.01,3.11
CA-2014-154599,2014-Q2,West,Technology,14,76.79,1075.09,686.71,294.31,94.07
CA-2014-154599,2014-Q2,West,Technology,4,109.59,438.37,280.01,120.0,38.36
CA-2014-154599,2014-Q2,West,Office Supplies,7,2.58,18.09,8.07,3.46,6.56
CA-2014-154599,2014-Q2,West,Furniture,3,102.83,308.5,228.65,98.0,-18.15
CA-2017-158743,2017-Q4,South,Office Supplies,4,3.34,13.36,6.45,2.77,4.14
CA-2017-158743,2017-Q4,South,Office Supplies,2,19.98,39.96,14.83,6.35,18.78
CA-2017-158743,2017-Q4,South,Office Supplies,5,29.17,145.85,53.09,22.75,70.01
CA-2016-153318,2016-Q4,South,Technology,5,156.79,783.96,493.89,211.67,78.4
US-2015-110163,2015-Q4,West,Office Supplies,1,7.88,7.88,4.28,1.83,1.77
CA-2017-143329,2017-Q4,West,Furniture,3,13.79,41.37,16.79,7.2,17.38
CA-2015-159380,2015-Q2,West,Office Supplies,3,4.28,12.84,4.94,2.12,5.78
CA-2015-159380,2015-Q2,West,Office Supplies,6,4.28,25.68,9.88,4.24,11.56
CA-2015-122623,2015-Q3,Central,Furniture,2,23.76,47.52,34.69,14.87,-2.04
CA-2015-148635,2015-Q3,West,Office Supplies,2,4.71,9.42,6.26,2.69,0.47
CA-2015-148635,2015-Q3,West,Office Supplies,2,6.48,12.96,4.72,2.02,6.22
CA-2015-148635,2015-Q3,West,Furniture,5,140.98,704.9,453.96,194.55,56.39
CA-2015-148635,2015-Q3,West,Furniture,2,280.79,561.57,373.44,160.05,28.08
CA-2015-135685,2015-Q4,Central,Office Supplies,9,19.98,179.82,66.71,28.59,84.52
CA-2015-135685,2015-Q4,Central,Furniture,6,30.93,185.58,76.64,32.85,76.09
CA-2015-135685,2015-Q4,Central,Furniture,3,71.37,214.11,124.4,53.31,36.4
CA-2015-135685,2015-Q4,Central,Technology,4,249.99,999.96,538.98,230.99,229.99
CA-2015-135685,2015-Q4,Central,Furniture,3,217.85,653.55,379.71,162.74,111.1
CA-2015-104626,2015-Q3,East,Office Supplies,5,22.92,114.6,44.12,18.91,51.57
CA-2015-104626,2015-Q3,East,Furniture,1,60.74,60.74,31.89,13.67,15.18
CA-2015-104626,2015-Q3,East,Furniture,2,62.18,124.36,67.9,29.1,27.36
CA-2015-104626,2015-Q3,East,Office Supplies,6,181.46,1088.76,541.11,231.91,315.74
CA-2016-160500,2016-Q2,West,Office Supplies,5,1.34,6.72,3.06,1.31,2.35
CA-2016-160500,2016-Q2,West,Furniture,3,99.59,298.78,203.92,87.39,7.47
CA-2017-100202,2016-Q4,West,Technology,3,100.79,302.38,195.79,83.91,22.68
CA-2017-131016,2017-Q3,Central,Office Supplies,2,4.46,8.93,5.86,2.51,0.56
CA-2017-131016,2017-Q3,Central,Office Supplies,2,23.79,47.58,35.38,15.17,-2.97
US-2014-112914,2014-Q3,Central,Office Supplies,8,4.22,33.79,16.26,6.97,10.56
US-2014-112914,2014-Q3,Central,Furniture,2,150.26,300.53,278.43,119.33,-97.23
US-2014-112914,2014-Q3,Central,Office Supplies,2,1.36,2.72,4.96,2.12,-4.36
US-2014-112914,2014-Q3,Central,Office Supplies,2,1.63,3.26,1.51,0.65,1.1
CA-2016-124149,2016-Q2,East,Office Supplies,6,18.06,108.34,49.29,21.13,37.92
CA-2016-124149,2016-Q2,East,Office Supplies,5,11.18,55.92,34.74,14.89,6.29
CA-2016-124149,2016-Q2,East,Office Supplies,2,39.15,78.3,34.26,14.68,29.36
CA-2014-148915,2014-Q4,West,Office Supplies,5,88.78,443.92,376.77,161.48,-94.33
CA-2014-148915,2014-Q4,West,Technology,3,51.99,155.98,70.97,30.42,54.59
CA-2017-134649,2017-Q1,South,Office Supplies,7,2.21,15.47,7.9,3.39,4.18
CA-2017-134649,2017-Q1,South,Office Supplies,2,3.58,7.16,2.6,1.12,3.44
CA-2017-110842,2017-Q4,West,Office Supplies,1,10.89,10.89,5.64,2.42,2.83
CA-2017-110842,2017-Q4,West,Office Supplies,3,6.48,19.44,7.08,3.03,9.33
CA-2017-110842,2017-Q4,West,Office Supplies,5,24.32,121.6,57.46,24.62,39.52
CA-2016-147368,2016-Q2,South,Technology,2,347.85,695.7,506.47,217.06,-27.83
US-2015-104185,2015-Q3,East,Office Supplies,1,120.33,120.33,62.33,26.71,31.29
US-2014-125521,2014-Q1,South,Furniture,4,284.98,1139.92,598.46,256.48,284.98
US-2017-135062,2017-Q3,South,Office Supplies,7,32.79,229.54,102.43,43.9,83.21
CA-2017-135650,2017-Q1,Central,Office Supplies,2,71.86,143.73,123.25,52.82,-32.34
CA-2017-112865,2017-Q2,East,Technology,3,12.02,36.05,25.86,11.09,-0.9
US-2016-162852,2016-Q4,Central,Furniture,8,105.69,845.49,600.3,257.27,-12.08
CA-2017-138163,2017-Q4,East,Office Supplies,3,16.98,50.94,25.68,11.0,14.26
CA-2017-152093,2017-Q3,Central,Office Supplies,3,254.2,762.59,1334.54,571.94,-1143.89
CA-2017-157854,2017-Q2,South,Furniture,6,9.38,56.28,28.36,12.16,15.76
CA-2017-157854,2017-Q2,South,Office Supplies,3,896.99,2690.97,998.35,427.86,1264.76
CA-2016-123617,2016-Q4,South,Office Supplies,6,1.24,7.43,9.19,3.94,-5.7
US-2016-128293,2016-Q2,East,Office Supplies,1,64.78,64.78,54.42,23.32,-12.96
CA-2017-107342,2017-Q4,Central,Office Supplies,4,7.04,28.16,10.44,4.48,13.24
CA-2016-136371,2016-Q1,East,Furniture,1,14.98,14.98,5.66,2.43,6.89
CA-2016-136371,2016-Q1,East,Furniture,4,5.08,20.32,9.39,4.02,6.91
CA-2017-137344,2017-Q3,East,Office Supplies,3,13.43,40.29,20.87,8.94,10.48
CA-2017-169810,2017-Q3,Central,Office Supplies,7,2.89,20.23,7.5,3.22,9.51
CA-2016-128594,2016-Q3,West,Furniture,4,400.78,1603.14,1052.06,450.88,100.2
CA-2016-154690,2016-Q3,South,Furniture,2,112.65,225.3,141.94,60.83,22.53
CA-2017-138975,2017-Q2,South,Technology,4,16.95,67.8,44.61,19.12,4.07
CA-2017-138975,2017-Q2,South,Technology,3,125.99,377.97,195.79,83.91,98.27
CA-2017-138975,2017-Q2,South,Furniture,9,180.98,1628.82,877.93,376.26,374.63
CA-2017-138975,2017-Q2,South,Office Supplies,7,40.99,286.93,102.43,43.9,140.6
CA-2017-106537,2017-Q3,South,Office Supplies,4,5.18,20.74,9.44,4.04,7.26
US-2017-103828,2017-Q3,West,Office Supplies,3,10.48,31.44,16.07,6.88,8.49
US-2017-103828,2017-Q3,West,Office Supplies,7,11.97,83.79,42.82,18.35,22.62
US-2017-103828,2017-Q3,West,Office Supplies,3,19.84,59.52,30.83,13.21,15.48
US-2017-103828,2017-Q3,West,Office Supplies,4,7.98,31.92,15.86,6.8,9.26
CA-2016-115588,2016-Q4,East,Office Supplies,5,2.94,14.72,12.62,5.41,-3.31
CA-2016-115588,2016-Q4,East,Office Supplies,3,12.99,38.98,28.99,12.43,-2.44
CA-2017-143861,2017-Q2,South,Furniture,2,8.54,17.09,11.21,4.81,1.07
CA-2014-148040,2014-Q1,West,Office Supplies,3,24.78,74.35,35.78,15.33,23.24
CA-2014-148040,2014-Q1,West,Furniture,3,104.78,314.35,244.8,104.91,-35.36
CA-2017-135167,2017-Q2,West,Office Supplies,1,4.26,4.26,1.76,0.75,1.75
CA-2017-137022,2017-Q4,West,Office Supplies,8,101.41,811.28,550.86,236.08,24.34
US-2017-102638,2017-Q4,East,Office Supplies,3,2.01,6.03,2.16,0.92,2.95
US-2016-167339,2016-Q1,West,Furniture,2,76.78,153.57,111.53,47.8,-5.76
US-2016-167339,2016-Q1,West,Furniture,7,144.78,1013.49,656.24,281.24,76.01
CA-2016-152072,2016-Q1,East,Office Supplies,2,26.17,52.34,19.42,8.32,24.6
CA-2016-152072,2016-Q1,East,Office Supplies,2,2.33,4.66,2.32,0.99,1.35
CA-2016-152072,2016-Q1,East,Technology,3,84.99,254.97,114.23,48.95,91.79
CA-2016-102932,2016-Q3,East,Office Supplies,6,4.24,25.44,8.9,3.82,12.72
CA-2016-102932,2016-Q3,East,Office Supplies,3,9.31,27.93,13.88,5.95,8.1
CA-2014-165540,2014-Q1,Central,Office Supplies,5,1.77,8.85,15.8,6.77,-13.72
CA-2016-130799,2016-Q4,West,Furniture,4,1.74,6.96,3.31,1.42,2.23
CA-2016-164483,2016-Q1,West,Office Supplies,2,8.73,17.46,8.1,3.47,5.89
US-2016-159856,2016-Q4,West,Furniture,5,61.58,307.92,239.79,102.77,-34.64
CA-2017-102099,2017-Q4,West,Office Supplies,3,2.21,6.63,3.39,1.45,1.79
CA-2017-102099,2017-Q4,West,Office Supplies,2,6.48,12.96,4.72,2.02,6.22
CA-2017-102099,2017-Q4,West,Office Supplies,5,6.48,32.4,11.79,5.06,15.55
CA-2017-164049,2017-Q4,West,Office Supplies,5,4.77,23.85,9.18,3.94,10.73
CA-2014-142727,2014-Q2,South,Furniture,2,25.98,51.96,27.28,11.69,12.99
CA-2014-142727,2014-Q2,South,Office Supplies,3,5.98,17.94,6.53,2.8,8.61
CA-2017-139913,2017-Q4,East,Office Supplies,2,5.78,11.56,4.13,1.77,5.66
CA-2017-139913,2017-Q4,East,Office Supplies,5,5.28,26.4,10.16,4.36,11.88
CA-2017-139913,2017-Q4,East,Furniture,11,6.28,69.08,28.05,12.02,29.01
CA-2017-139913,2017-Q4,East,Technology,3,11.96,35.88,18.08,7.75,10.05
CA-2014-169033,2014-Q1,East,Office Supplies,5,9.93,49.65,20.16,8.64,20.85
US-2016-164630,2016-Q1,South,Technology,4,239.99,959.97,587.98,251.99,120.0
US-2015-114839,2015-Q2,Central,Furniture,2,204.21,408.42,289.97,124.28,-5.83
CA-2015-166464,2015-Q3,East,Technology,2,239.99,479.98,293.99,125.99,60.0
CA-2015-166464,2015-Q3,East,Office Supplies,4,3.15,12.6,4.58,1.97,6.05
CA-2017-124898,2017-Q3,South,Office Supplies,7,26.38,184.66,69.8,29.92,84.94
CA-2016-164035,2016-Q2,Central,Office Supplies,5,4.62,23.12,10.32,4.42,8.38
CA-2016-153577,2016-Q2,Central,Office Supplies,7,5.35,37.46,17.7,7.58,12.18
CA-2016-153577,2016-Q2,Central,Furniture,3,179.89,539.66,383.16,164.21,-7.71
CA-2014-127586,2014-Q3,West,Office Supplies,2,155.06,310.12,160.64,68.85,80.63
CA-2017-121615,2017-Q4,Central,Office Supplies,2,4.28,8.56,3.3,1.41,3.85
CA-2017-121615,2017-Q4,Central,Office Supplies,5,10.48,52.4,26.77,11.48,14.15
CA-2017-121615,2017-Q4,Central,Office Supplies,3,4.98,14.94,5.65,2.42,6.87
CA-2017-166415,2017-Q1,West,Office Supplies,3,3.74,11.22,7.7,3.3,0.22
CA-2015-118444,2015-Q4,South,Office Supplies,4,96.78,387.14,254.06,108.88,24.2
CA-2014-113929,2014-Q2,East,Office Supplies,5,8.28,41.4,15.36,6.58,19.46
CA-2014-113929,2014-Q2,East,Office Supplies,4,8.75,35.0,17.15,7.35,10.5
CA-2014-113929,2014-Q2,East,Office Supplies,3,13.18,39.55,17.65,7.56,14.34
CA-2015-134747,2015-Q4,Central,Technology,3,45.24,135.72,70.3,30.13,35.29
CA-2015-134747,2015-Q4,Central,Office Supplies,2,6.28,12.56,4.84,2.07,5.65
CA-2015-134747,2015-Q4,Central,Technology,4,65.99,263.96,134.88,57.81,71.27
CA-2017-155047,2017-Q3,Central,Office Supplies,1,5.95,5.95,3.91,1.67,0.37
CA-2016-160129,2016-Q4,East,Office Supplies,5,3.16,15.8,9.4,4.03,2.37
CA-2016-160129,2016-Q4,East,Furniture,2,7.18,14.37,7.29,3.13,3.95
CA-2016-160129,2016-Q4,East,Furniture,7,10.06,70.45,40.68,17.44,12.33
CA-2017-164329,2017-Q1,West,Office Supplies,2,64.65,129.3,85.99,36.85,6.46
US-2015-141453,2015-Q4,Central,Office Supplies,3,1.29,3.88,6.79,2.91,-5.82
CA-2014-156993,2014-Q2,Central,Office Supplies,1,6.08,6.08,2.13,0.91,3.04
CA-2014-157721,2014-Q3,East,Office Supplies,1,19.9,19.9,7.66,3.28,8.96
CA-2014-157721,2014-Q3,East,Furniture,1,70.71,70.71,46.03,19.73,4.95
CA-2017-128629,2017-Q3,South,Furniture,3,6.28,18.84,7.65,3.28,7.91
CA-2017-158106,2017-Q2,Central,Office Supplies,3,2.88,8.64,4.29,1.84,2.51
US-2017-120390,2017-Q4,South,Office Supplies,4,408.3,1633.19,2057.82,881.92,-1306.55
CA-2017-143434,2017-Q4,Central,Furniture,4,4.94,19.76,8.02,3.44,8.3
CA-2015-168564,2015-Q3,West,Office Supplies,2,3.3,6.61,3.07,1.31,2.23
CA-2015-168564,2015-Q3,West,Office Supplies,2,3.64,7.28,3.19,1.36,2.73
CA-2015-168564,2015-Q3,West,Furniture,1,144.78,144.78,93.74,40.18,10.86
US-2016-169040,2016-Q4,West,Technology,1,156.79,156.79,100.15,42.92,13.72
US-2016-169040,2016-Q4,West,Technology,3,143.99,431.98,283.49,121.49,27.0
US-2016-169040,2016-Q4,West,Office Supplies,1,35.89,35.89,13.82,5.92,16.15
US-2016-169040,2016-Q4,West,Office Supplies,7,6.74,47.21,22.31,9.56,15.34
US-2016-169040,2016-Q4,West,Office Supplies,7,35.44,248.08,92.04,39.44,116.6
US-2016-169040,2016-Q4,West,Office Supplies,5,37.94,189.7,70.38,30.16,89.16
US-2016-169040,2016-Q4,West,Office Supplies,3,19.94,59.81,28.26,12.11,19.44
CA-2017-155880,2017-Q1,Central,Furniture,1,90.99,90.99,53.5,22.93,14.56
CA-2017-155880,2017-Q1,Central,Furniture,7,218.08,1526.56,769.38,329.74,427.44
CA-2017-155880,2017-Q1,Central,Furniture,3,122.99,368.97,229.87,98.51,40.59
CA-2017-126242,2017-Q4,West,Office Supplies,9,33.89,305.01,160.13,68.63,76.25
CA-2017-126242,2017-Q4,West,Furniture,1,18.7,18.7,8.11,3.48,7.11
CA-2016-166443,2016-Q4,West,Furniture,7,5.47,38.29,15.28,6.55,16.46
CA-2017-169859,2017-Q4,West,Furniture,3,8.75,26.25,10.66,4.57,11.02
CA-2017-169859,2017-Q4,West,Office Supplies,14,4.64,64.96,29.55,12.67,22.74
CA-2017-169859,2017-Q4,West,Office Supplies,5,8.74,43.7,16.21,6.95,20.54
CA-2017-134915,2017-Q4,West,Technology,4,10.4,41.6,20.02,8.58,13.0
CA-2017-134915,2017-Q4,West,Office Supplies,5,4.62,23.12,10.32,4.42,8.38
CA-2017-134915,2017-Q4,West,Furniture,2,56.94,113.89,72.74,31.18,9.97
CA-2017-134915,2017-Q4,West,Furniture,2,56.78,113.57,83.47,35.78,-5.68
CA-2017-134915,2017-Q4,West,Technology,2,3.96,7.92,5.06,2.17,0.69
CA-2017-134915,2017-Q4,West,Technology,2,335.99,671.98,435.11,186.47,50.4
CA-2016-153353,2016-Q3,East,Technology,1,39.99,39.99,19.87,8.52,11.6
CA-2017-123638,2017-Q2,East,Furniture,3,63.88,191.65,111.8,47.91,31.94
CA-2017-168900,2017-Q2,East,Office Supplies,1,2.31,2.31,2.97,1.27,-1.93
CA-2015-158456,2015-Q4,West,Office Supplies,4,4.99,19.94,8.9,3.81,7.23
CA-2015-158456,2015-Q4,West,Office Supplies,4,11.48,45.92,17.04,7.3,21.58
CA-2017-143665,2017-Q2,West,Office Supplies,3,6.78,20.34,7.69,3.29,9.36
CA-2017-143665,2017-Q2,West,Office Supplies,8,4.91,39.28,14.02,6.01,19.25
CA-2017-137428,2017-Q4,West,Furniture,2,40.78,81.57,50.67,21.72,9.18
CA-2017-137428,2017-Q4,West,Furniture,2,48.59,97.18,63.78,27.33,6.07
CA-2017-137428,2017-Q4,West,Office Supplies,5,4.86,24.32,11.28,4.83,8.21
CA-2017-137428,2017-Q4,West,Furniture,2,9.48,18.96,7.97,3.41,7.58
CA-2014-162866,2014-Q4,Central,Furniture,6,5.49,32.95,36.9,15.82,-19.77
CA-2014-162866,2014-Q4,Central,Office Supplies,4,7.5,30.02,18.91,8.11,3.0
CA-2017-167941,2017-Q4,South,Office Supplies,3,166.53,499.58,319.11,136.76,43.71
CA-2017-167941,2017-Q4,South,Office Supplies,6,5.18,31.1,14.15,6.06,10.89
CA-2017-167941,2017-Q4,South,Office Supplies,8,1.66,13.27,16.72,7.17,-10.62
CA-2017-167941,2017-Q4,South,Furniture,2,14.14,28.27,15.34,6.57,6.36
CA-2017-167941,2017-Q4,South,Office Supplies,4,64.78,259.14,217.68,93.29,-51.83
CA-2017-111808,2017-Q4,Central,Office Supplies,5,2.16,10.8,3.93,1.69,5.18
CA-2015-137512,2015-Q2,Central,Furniture,2,122.0,244.01,192.77,82.61,-31.37
CA-2015-137512,2015-Q2,Central,Office Supplies,4,3.98,15.94,7.39,3.17,5.38
CA-2017-139773,2017-Q4,East,Furniture,7,26.94,188.55,133.87,57.37,-2.69
CA-2017-134607,2017-Q4,East,Office Supplies,2,11.29,22.58,11.7,5.01,5.87
CA-2014-109232,2014-Q1,South,Furniture,6,90.99,545.94,321.01,137.58,87.35
CA-2015-139850,2015-Q2,East,Office Supplies,4,5.18,20.74,9.44,4.04,7.26
CA-2015-139850,2015-Q2,East,Furniture,2,21.65,43.3,27.28,11.69,4.33
CA-2014-131310,2014-Q3,West,Furniture,4,30.78,123.14,76.5,32.79,13.85
CA-2014-131310,2014-Q3,West,Office Supplies,4,2.82,11.26,5.22,2.24,3.8
US-2014-112872,2014-Q4,West,Office Supplies,3,17.81,53.42,34.12,14.63,4.67
US-2014-112872,2014-Q4,West,Furniture,1,275.49,275.49,312.4,133.89,-170.8
CA-2016-139269,2016-Q2,South,Furniture,4,6.24,24.96,13.1,5.62,6.24
CA-2016-139269,2016-Q2,South,Office Supplies,2,9.68,19.36,7.05,3.02,9.29
CA-2016-139269,2016-Q2,South,Office Supplies,9,140.85,1267.65,780.87,334.66,152.12
CA-2016-139010,2016-Q1,West,Technology,1,12.99,12.99,8.55,3.66,0.78
CA-2016-139010,2016-Q1,West,Office Supplies,4,4.64,18.56,8.44,3.62,6.5
CA-2016-139010,2016-Q1,West,Office Supplies,5,89.83,449.15,308.12,132.05,8.98
CA-2016-139010,2016-Q1,West,Office Supplies,7,4.46,31.25,14.22,6.09,10.94
CA-2016-134376,2016-Q4,East,Office Supplies,3,20.48,61.44,31.39,13.46,16.59
CA-2017-147291,2017-Q1,Central,Office Supplies,4,223.98,895.92,332.39,142.45,421.08
CA-2016-112893,2016-Q3,West,Office Supplies,4,13.84,55.36,25.68,11.0,18.68
US-2014-150532,2014-Q3,West,Office Supplies,5,11.18,55.92,34.74,14.89,6.29
CA-2014-138317,2014-Q2,East,Office Supplies,4,6.22,24.9,11.55,4.95,8.4
CA-2014-138317,2014-Q2,East,Furniture,1,3.98,3.98,2.33,1.0,0.65
CA-2014-138317,2014-Q2,East,Technology,4,23.99,95.97,47.03,20.15,28.79
CA-2014-138317,2014-Q2,East,Technology,3,69.0,206.99,265.64,113.84,-172.49
CA-2014-138317,2014-Q2,East,Office Supplies,2,22.21,44.42,28.37,12.16,3.89
CA-2014-138317,2014-Q2,East,Office Supplies,2,4.5,9.01,11.35,4.86,-7.2
CA-2015-130610,2015-Q3,Central,Office Supplies,5,3.8,19.0,7.05,3.02,8.93
CA-2017-104381,2017-Q4,East,Office Supplies,4,8.35,33.38,16.07,6.88,10.43
CA-2016-131499,2016-Q3,East,Office Supplies,1,207.48,207.48,101.67,43.57,62.24
CA-2014-148761,2014-Q2,Central,Office Supplies,3,30.56,91.68,32.09,13.75,45.84
CA-2017-116519,2017-Q4,East,Office Supplies,5,180.98,904.9,456.07,195.46,253.37
CA-2014-130729,2014-Q4,West,Office Supplies,3,11.42,34.27,16.19,6.94,11.14
CA-2016-124772,2016-Q4,South,Furniture,3,63.94,191.82,81.91,35.1,74.81
CA-2016-115525,2016-Q3,East,Office Supplies,5,48.78,243.88,151.51,64.93,27.44
CA-2017-134845,2017-Q2,West,Office Supplies,5,2.41,12.03,14.87,6.38,-9.22
CA-2017-134845,2017-Q2,West,Technology,5,510.0,2549.98,4164.97,1784.99,-3399.98
CA-2017-134845,2017-Q2,West,Office Supplies,2,10.8,21.59,26.2,11.23,-15.84
CA-2017-134845,2017-Q2,West,Office Supplies,6,1.49,8.96,10.87,4.66,-6.57
CA-2017-134845,2017-Q2,West,Office Supplies,4,5.18,20.74,9.44,4.04,7.26
US-2015-138919,2015-Q3,East,Furniture,2,172.11,344.22,313.24,134.25,-103.27
US-2016-160528,2016-Q3,Central,Office Supplies,8,90.91,727.3,630.02,270.01,-172.73
US-2016-160528,2016-Q3,Central,Furniture,3,7.54,22.61,22.95,9.83,-10.17
US-2016-160528,2016-Q3,Central,Technology,7,95.2,666.4,489.8,209.92,-33.32
CA-2015-123568,2015-Q4,West,Office Supplies,3,1.68,5.04,3.39,1.45,0.2
CA-2015-123568,2015-Q4,West,Office Supplies,3,30.98,92.94,35.78,15.34,41.82
CA-2015-123568,2015-Q4,West,Furniture,3,22.23,66.69,31.28,13.4,22.01
CA-2015-123568,2015-Q4,West,Office Supplies,5,18.34,91.68,44.12,18.91,28.65
CA-2017-124674,2017-Q4,Central,Furniture,2,163.86,327.73,239.53,102.66,-14.46
CA-2015-164441,2015-Q4,East,Office Supplies,11,4.75,52.27,24.24,10.39,17.64
CA-2015-164441,2015-Q4,East,Office Supplies,3,5.98,17.94,6.91,2.96,8.07
CA-2017-169054,2017-Q2,East,Furniture,3,84.78,254.35,178.04,76.31,0.0
CA-2014-106719,2014-Q3,West,Office Supplies,2,4.14,8.29,3.92,1.68,2.69
CA-2017-116855,2017-Q4,South,Furniture,5,100.98,504.9,296.88,127.24,80.78
US-2016-164189,2016-Q1,West,Technology,4,100.79,403.17,264.58,113.39,25.2
CA-2015-168480,2015-Q3,Central,Furniture,4,48.58,194.32,114.26,48.97,31.09
CA-2015-168480,2015-Q3,Central,Office Supplies,1,25.99,25.99,12.91,5.54,7.54
US-2016-114293,2016-Q4,West,Furniture,4,48.78,195.14,145.14,62.2,-12.2
CA-2017-134173,2017-Q3,East,Office Supplies,4,5.18,20.74,9.44,4.04,7.26
US-2015-123960,2015-Q2,South,Technology,6,8.95,53.7,30.45,13.05,10.2
US-2015-123960,2015-Q2,South,Office Supplies,7,5.18,36.26,13.71,5.87,16.68
US-2015-123960,2015-Q2,South,Office Supplies,2,28.15,56.3,28.38,12.16,15.76
US-2015-123960,2015-Q2,South,Office Supplies,5,6.48,32.4,11.79,5.06,15.55
US-2015-123960,2015-Q2,South,Furniture,2,14.58,29.16,12.86,5.51,10.79
CA-2017-101749,2017-Q4,West,Furniture,3,57.1,171.29,124.4,53.31,-6.42
US-2016-147991,2016-Q2,South,Furniture,5,3.34,16.72,9.37,4.01,3.34
CA-2017-149559,2017-Q3,West,Office Supplies,2,6.48,12.96,4.72,2.02,6.22
CA-2017-149559,2017-Q3,West,Office Supplies,2,11.09,22.18,7.92,3.39,10.87
CA-2017-149559,2017-Q3,West,Furniture,8,256.78,2054.27,1258.24,539.25,256.78
CA-2015-135174,2015-Q2,East,Technology,5,204.59,1022.97,895.1,383.61,-255.74
CA-2017-125290,2017-Q4,Central,Office Supplies,5,2.78,13.9,7.2,3.09,3.61
CA-2017-125290,2017-Q4,Central,Office Supplies,1,26.38,26.38,9.97,4.28,12.13
CA-2014-137351,2014-Q3,West,Office Supplies,7,6.17,43.18,20.78,8.91,13.49
CA-2017-121419,2017-Q2,South,Furniture,2,205.9,411.8,239.25,102.54,70.01
CA-2017-121419,2017-Q2,South,Technology,4,90.0,360.0,161.28,69.12,129.6
US-2017-148054,2017-Q4,West,Furniture,2,20.98,41.96,27.31,11.71,2.94
US-2017-148054,2017-Q4,West,Office Supplies,4,56.96,227.84,113.24,48.53,66.07
US-2017-148054,2017-Q4,West,Office Supplies,2,18.97,37.94,13.81,5.92,18.21
CA-2016-128517,2016-Q2,Central,Technology,2,258.95,517.9,268.27,114.98,134.65
CA-2016-128517,2016-Q2,Central,Office Supplies,2,2.64,5.28,1.99,0.86,2.43
US-2015-100377,2015-Q3,Central,Technology,5,559.99,2799.96,1347.48,577.49,874.99
CA-2017-131492,2017-Q4,West,Office Supplies,2,4.48,8.96,3.26,1.4,4.3
CA-2017-131492,2017-Q4,West,Office Supplies,10,3.15,31.5,11.47,4.91,15.12
CA-2017-131492,2017-Q4,West,Furniture,2,15.28,30.56,14.12,6.05,10.39
CA-2017-131492,2017-Q4,West,Furniture,2,12.18,24.37,19.4,8.32,-3.35
CA-2016-144554,2016-Q4,East,Technology,3,39.99,119.98,68.24,29.24,22.5
CA-2017-127621,2017-Q1,Central,Office Supplies,8,3.36,26.88,12.0,5.14,9.74
CA-2015-145184,2015-Q4,East,Technology,3,27.99,83.97,42.32,18.14,23.51
CA-2015-145184,2015-Q4,East,Technology,3,34.99,104.97,68.33,29.29,7.35
CA-2017-106859,2017-Q1,West,Office Supplies,8,11.35,90.8,45.77,19.61,25.42
CA-2017-106859,2017-Q1,West,Technology,8,17.59,140.74,64.04,27.44,49.26
CA-2017-106859,2017-Q1,West,Technology,5,42.99,214.95,88.77,38.05,88.13
CA-2017-106859,2017-Q1,West,Office Supplies,7,6.48,45.36,16.51,7.08,21.77
CA-2017-106859,2017-Q1,West,Office Supplies,6,48.04,288.24,104.92,44.96,138.36
US-2017-120089,2017-Q4,East,Office Supplies,4,165.98,663.94,406.67,174.28,82.99
CA-2014-119375,2014-Q4,East,Office Supplies,7,419.19,2934.33,1499.44,642.62,792.27
CA-2014-119375,2014-Q4,East,Furniture,3,41.47,124.41,76.64,32.84,14.93
CA-2014-119375,2014-Q4,East,Office Supplies,5,11.55,57.75,21.83,9.36,26.56
CA-2016-125206,2016-Q1,West,Office Supplies,2,57.23,114.46,60.09,25.75,28.62
CA-2015-126137,2015-Q4,West,Furniture,2,60.34,120.67,71.55,30.67,18.45
CA-2014-143903,2014-Q3,Central,Office Supplies,3,114.29,342.86,213.0,91.29,38.57
CA-2014-143903,2014-Q3,Central,Furniture,5,3.35,16.74,21.68,9.29,-14.23
CA-2014-143903,2014-Q3,Central,Furniture,2,490.68,981.37,785.1,336.47,-140.2
CA-2014-104780,2014-Q2,West,Office Supplies,8,3.98,31.84,14.93,6.4,10.51
CA-2017-101182,2017-Q3,West,Office Supplies,2,6.48,12.96,4.72,2.02,6.22
CA-2017-101182,2017-Q3,West,Technology,3,14.39,43.18,19.65,8.42,15.11
US-2017-132297,2017-Q2,South,Office Supplies,2,29.17,58.34,21.24,9.1,28.0
US-2017-132297,2017-Q2,South,Technology,3,179.99,539.97,283.49,121.49,134.99
CA-2014-100328,2014-Q1,East,Office Supplies,1,3.93,3.93,1.82,0.78,1.33
CA-2017-118773,2017-Q1,Central,Office Supplies,4,63.2,252.78,468.91,200.96,-417.09
CA-2017-118773,2017-Q1,Central,Technology,2,63.99,127.98,78.39,33.59,16.0
CA-2017-118773,2017-Q1,Central,Furniture,2,1.99,3.98,4.67,2.0,-2.69
CA-2017-118773,2017-Q1,Central,Office Supplies,2,6.5,12.99,31.83,13.64,-32.48
US-2017-159205,2017-Q1,South,Furniture,5,12.2,61.0,24.77,10.61,25.62
US-2017-159205,2017-Q1,South,Technology,7,95.99,671.93,338.65,145.14,188.14
CA-2016-112123,2016-Q1,East,Office Supplies,7,63.98,447.86,159.89,68.52,219.45
CA-2016-112123,2016-Q1,East,Technology,5,95.99,479.95,245.25,105.11,129.59
CA-2016-112123,2016-Q1,East,Office Supplies,3,55.48,166.44,60.58,25.97,79.89
CA-2015-114468,2015-Q3,Central,Office Supplies,4,7.92,31.68,20.24,8.67,2.77
CA-2015-114468,2015-Q3,Central,Office Supplies,2,5.18,10.37,4.72,2.02,3.63
CA-2015-114468,2015-Q3,Central,Office Supplies,8,1.5,12.03,6.84,2.93,2.26
CA-2015-114468,2015-Q3,Central,Office Supplies,2,2.88,5.77,13.52,5.8,-13.55
CA-2017-135692,2017-Q2,Central,Office Supplies,4,8.28,33.12,15.07,6.46,11.59
CA-2017-135692,2017-Q2,Central,Furniture,4,55.07,220.27,183.67,78.71,-42.11
CA-2017-131233,2017-Q2,East,Office Supplies,3,3.59,10.78,5.1,2.18,3.5
CA-2017-131233,2017-Q2,East,Furniture,3,80.78,242.35,163.28,69.98,9.09
CA-2017-119578,2017-Q4,East,Office Supplies,6,115.86,695.16,462.28,198.12,34.76
CA-2017-119578,2017-Q4,East,Furniture,1,220.98,220.98,119.1,51.05,50.83
CA-2016-124562,2016-Q4,East,Office Supplies,7,1.85,12.96,15.72,6.74,-9.5
US-2017-140074,2017-Q1,East,Office Supplies,6,4.28,25.68,9.88,4.24,11.56
CA-2016-103037,2016-Q3,Central,Office Supplies,4,3.93,15.71,7.01,3.0,5.7
CA-2017-127460,2017-Q3,Central,Office Supplies,6,49.74,298.46,190.64,81.7,26.12
CA-2016-121671,2016-Q3,Central,Office Supplies,3,7.31,21.93,8.29,3.55,10.09
CA-2016-121671,2016-Q3,Central,Office Supplies,3,80.98,242.94,166.66,71.42,4.86
CA-2016-121671,2016-Q3,Central,Office Supplies,1,7.64,7.64,2.73,1.17,3.74
CA-2016-121671,2016-Q3,Central,Office Supplies,8,6.48,51.84,18.51,7.93,25.4
CA-2016-121671,2016-Q3,Central,Office Supplies,1,265.17,265.17,152.21,65.23,47.73
CA-2016-150350,2016-Q3,West,Technology,3,279.2,837.6,542.35,232.43,62.82
CA-2016-150350,2016-Q3,West,Office Supplies,5,27.18,135.9,50.42,21.61,63.87
CA-2016-150350,2016-Q3,West,Office Supplies,6,5.78,34.68,12.38,5.31,16.99
CA-2016-150350,2016-Q3,West,Furniture,6,88.78,532.7,400.86,171.79,-39.95
CA-2016-150350,2016-Q3,West,Office Supplies,5,8.62,43.1,22.32,9.57,11.21
CA-2016-150350,2016-Q3,West,Office Supplies,4,3.97,15.88,11.0,4.72,0.16
CA-2015-121720,2015-Q2,South,Furniture,5,224.78,1123.92,914.59,391.97,-182.64
CA-2015-121720,2015-Q2,South,Technology,2,124.79,249.58,152.87,65.51,31.2
CA-2015-121720,2015-Q2,South,Furniture,3,16.22,48.67,28.96,12.41,7.3
CA-2015-121720,2015-Q2,South,Office Supplies,2,30.38,60.77,37.22,15.95,7.6
CA-2015-121720,2015-Q2,South,Office Supplies,5,15.72,78.6,99.04,42.44,-62.88
CA-2015-121720,2015-Q2,South,Office Supplies,2,1.88,3.77,4.84,2.07,-3.14
CA-2015-121720,2015-Q2,South,Office Supplies,2,518.31,1036.62,689.35,295.44,51.83
CA-2015-121720,2015-Q2,South,Office Supplies,4,140.95,563.81,379.87,162.8,21.14
CA-2017-149895,2017-Q3,East,Technology,2,129.26,258.53,214.15,91.78,-47.4
CA-2017-147564,2017-Q4,East,Office Supplies,4,12.28,49.12,18.22,7.81,23.09
CA-2014-136399,2014-Q4,West,Furniture,2,22.23,44.46,20.85,8.94,14.67
CA-2014-136399,2014-Q4,West,Furniture,2,120.78,241.57,156.41,67.04,18.12
CA-2014-136399,2014-Q4,West,Technology,5,79.0,395.0,248.85,106.65,39.5
CA-2014-136399,2014-Q4,West,Technology,4,156.79,627.17,389.63,166.98,70.56
CA-2014-107916,2014-Q3,East,Furniture,2,6.64,13.28,4.84,2.07,6.37
CA-2014-107916,2014-Q3,East,Office Supplies,3,4.22,12.67,5.76,2.47,4.44
CA-2017-164168,2017-Q4,Central,Office Supplies,5,6.11,30.56,53.48,22.92,-45.84
CA-2017-164168,2017-Q4,Central,Office Supplies,3,25.98,77.95,65.48,28.06,-15.59
CA-2017-164168,2017-Q4,Central,Technology,1,67.99,67.99,41.64,17.85,8.5
CA-2017-164168,2017-Q4,Central,Office Supplies,2,6.11,12.22,5.45,2.34,4.43
CA-2017-164168,2017-Q4,Central,Technology,2,22.39,44.78,31.74,13.6,-0.56
CA-2017-164168,2017-Q4,Central,Furniture,3,7.62,22.85,28.39,12.17,-17.71
CA-2015-112557,2015-Q2,East,Office Supplies,3,68.81,206.43,80.92,34.68,90.83
US-2014-122959,2014-Q4,Central,Office Supplies,2,105.2,210.39,382.91,164.11,-336.63
CA-2017-162572,2017-Q3,East,Technology,5,23.99,119.96,58.78,25.19,35.99
CA-2017-162572,2017-Q3,East,Office Supplies,6,1.77,10.61,6.78,2.9,0.93
US-2016-148110,2016-Q3,Central,Furniture,7,49.69,347.8,260.85,111.79,-24.84
CA-2017-131828,2017-Q1,West,Furniture,4,240.78,963.14,598.35,256.44,108.35
CA-2017-131828,2017-Q1,West,Technology,3,29.59,88.78,56.71,24.3,7.77
CA-2014-109218,2014-Q2,West,Office Supplies,5,6.48,32.4,15.42,6.61,10.37
CA-2016-120558,2016-Q2,East,Office Supplies,5,6.48,32.4,11.79,5.06,15.55
US-2014-109036,2014-Q4,West,Office Supplies,3,10.35,31.05,11.3,4.85,14.9
CA-2015-147830,2015-Q4,East,Technology,6,337.56,2025.36,992.42,425.33,607.61
CA-2015-147830,2015-Q4,East,Technology,2,900.0,1799.99,3107.99,1331.99,-2639.99
CA-2015-147830,2015-Q4,East,Technology,2,51.0,101.99,83.29,35.7,-17.0
CA-2015-147830,2015-Q4,East,Furniture,7,37.55,262.86,135.7,58.16,69.0
CA-2017-150497,2017-Q3,Central,Office Supplies,2,367.99,735.98,283.35,121.44,331.19
CA-2014-128986,2014-Q3,West,Office Supplies,3,31.01,93.02,41.51,17.79,33.72
CA-2015-139584,2015-Q3,East,Furniture,2,142.18,284.36,252.13,108.06,-75.83
CA-2015-139584,2015-Q3,East,Technology,2,13.0,26.0,10.01,4.29,11.7
US-2016-162677,2016-Q1,South,Office Supplies,5,13.53,67.64,43.2,18.52,5.92
US-2016-162677,2016-Q1,South,Technology,3,39.99,119.98,96.59,41.39,-18.0
US-2014-150924,2014-Q3,Central,Office Supplies,5,1.04,5.18,9.25,3.96,-8.03
CA-2014-153969,2014-Q3,West,Office Supplies,2,7.78,15.56,5.77,2.48,7.31
CA-2014-153969,2014-Q3,West,Office Supplies,5,15.67,78.35,29.07,12.46,36.82
CA-2014-153969,2014-Q3,West,Office Supplies,3,19.84,59.52,30.83,13.21,15.48
CA-2014-153969,2014-Q3,West,Office Supplies,9,4.28,38.52,14.83,6.36,17.33
CA-2014-153969,2014-Q3,West,Technology,2,119.99,239.98,151.19,64.79,24.0
CA-2014-153969,2014-Q3,West,Office Supplies,3,6.45,19.35,6.91,2.96,9.48
CA-2016-146682,2016-Q4,Central,Furniture,5,13.4,67.0,24.39,10.45,32.16
CA-2016-138695,2016-Q2,South,Furniture,8,48.78,390.27,290.26,124.4,-24.39
CA-2016-138695,2016-Q2,South,Office Supplies,13,4.78,62.19,29.93,12.83,19.43
CA-2017-107461,2017-Q4,South,Office Supplies,6,3.98,23.88,8.86,3.8,11.22
US-2016-133879,2016-Q1,Central,Office Supplies,2,1.58,3.17,5.54,2.38,-4.75
US-2016-133879,2016-Q1,Central,Furniture,5,105.69,528.43,369.9,158.53,0.0
US-2016-133879,2016-Q1,Central,Office Supplies,3,4.46,13.39,8.32,3.56,1.51
CA-2017-157483,2017-Q4,Central,Office Supplies,7,25.98,181.86,91.66,39.28,50.92
US-2017-132059,2017-Q3,West,Furniture,2,90.3,180.59,294.96,126.41,-240.78
US-2017-132059,2017-Q3,West,Technology,2,23.99,47.98,33.17,14.21,0.6
CA-2017-122280,2017-Q3,East,Office Supplies,2,9.38,18.76,6.83,2.93,9.0
CA-2017-105235,2017-Q4,East,Furniture,3,6.98,20.94,10.41,4.46,6.07
CA-2017-105235,2017-Q4,East,Furniture,2,29.34,58.68,28.34,12.15,18.19
CA-2017-105235,2017-Q4,East,Office Supplies,5,50.98,254.9,130.26,55.82,68.82
CA-2017-152912,2017-Q4,East,Office Supplies,2,4.82,9.64,3.65,1.56,4.43
CA-2017-152912,2017-Q4,East,Technology,3,275.54,826.62,329.82,141.35,355.45
CA-2017-152912,2017-Q4,East,Office Supplies,9,181.46,1633.14,811.67,347.86,473.61
CA-2017-152912,2017-Q4,East,Office Supplies,3,181.46,544.38,270.56,115.95,157.87
CA-2014-123498,2014-Q4,Central,Office Supplies,3,8.68,26.05,49.23,21.1,-44.28
CA-2014-123498,2014-Q4,Central,Office Supplies,3,24.78,74.35,33.18,14.22,26.95
CA-2017-159352,2017-Q1,East,Technology,7,9.99,69.93,26.43,11.33,32.17
US-2017-146416,2017-Q4,West,Office Supplies,1,3.75,3.75,1.36,0.59,1.8
US-2017-146416,2017-Q4,West,Office Supplies,4,5.23,20.93,9.34,4.0,7.59
US-2015-163783,2015-Q4,Central,Office Supplies,3,4.22,12.67,11.09,4.75,-3.17
CA-2017-123981,2017-Q4,East,Technology,1,65.99,65.99,34.18,14.65,17.16
CA-2017-158953,2017-Q2,Central,Office Supplies,7,0.91,6.37,11.15,4.78,-9.56
CA-2014-165428,2014-Q3,Central,Office Supplies,3,1.22,3.65,6.77,2.9,-6.02
CA-2014-165428,2014-Q3,Central,Office Supplies,6,5.18,31.1,14.15,6.06,10.89
CA-2016-169026,2016-Q3,South,Office Supplies,3,7.78,23.34,16.18,6.93,0.23
CA-2017-109750,2017-Q3,East,Technology,3,9.99,29.97,11.12,4.76,14.09
CA-2015-149384,2015-Q3,West,Office Supplies,3,1.12,3.37,3.93,1.68,-2.24
CA-2014-131527,2014-Q4,South,Technology,4,23.99,95.97,60.46,25.91,9.6
CA-2017-164000,2017-Q4,East,Office Supplies,7,2.67,18.7,11.45,4.91,2.34
CA-2014-164224,2014-Q2,East,Furniture,3,49.74,149.23,101.85,43.65,3.73
CA-2014-164224,2014-Q2,East,Office Supplies,4,3.98,15.94,7.11,3.05,5.78
CA-2014-158372,2014-Q4,West,Technology,8,75.19,601.54,378.97,162.42,60.15
CA-2014-158372,2014-Q4,West,Technology,1,10.99,10.99,4.69,2.01,4.29
CA-2014-158372,2014-Q4,West,Furniture,2,19.94,39.88,20.1,8.61,11.17
CA-2014-158372,2014-Q4,West,Office Supplies,8,7.78,62.24,23.96,10.27,28.01
CA-2014-158372,2014-Q4,West,Furniture,5,10.64,53.2,26.81,11.49,14.9
CA-2014-158372,2014-Q4,West,Office Supplies,8,4.98,39.84,15.06,6.45,18.33
CA-2016-108882,2016-Q1,West,Technology,5,69.99,349.95,161.68,69.29,118.98
CA-2016-108882,2016-Q1,West,Technology,9,41.99,377.93,165.35,70.86,141.72
US-2017-108245,2017-Q3,Central,Office Supplies,3,4.46,13.39,5.86,2.51,5.02
US-2017-108245,2017-Q3,Central,Office Supplies,7,1.6,11.23,20.83,8.93,-18.53
CA-2014-142314,2014-Q4,Central,Office Supplies,11,18.84,207.24,104.45,44.76,58.03
CA-2016-132409,2016-Q2,East,Office Supplies,1,1.5,1.5,0.93,0.4,0.17
CA-2016-132409,2016-Q2,East,Office Supplies,2,17.42,34.85,19.82,8.5,6.53
CA-2017-150189,2017-Q3,West,Office Supplies,6,12.53,75.18,27.9,11.95,35.33
CA-2014-114433,2014-Q2,West,Technology,3,49.99,149.97,68.24,29.24,52.49
CA-2017-104640,2017-Q4,East,Office Supplies,3,310.39,931.18,431.84,185.07,314.27
CA-2017-104640,2017-Q4,East,Technology,2,215.44,430.88,214.14,91.78,124.96
US-2015-137008,2015-Q4,East,Office Supplies,5,18.97,94.85,34.52,14.8,45.53
US-2015-137008,2015-Q4,East,Office Supplies,4,12.78,51.12,19.68,8.44,23.0
US-2015-137008,2015-Q4,East,Technology,1,90.0,90.0,40.32,17.28,32.4
CA-2014-108189,2014-Q4,West,Office Supplies,2,4.7,9.41,4.2,1.8,3.41
CA-2014-108189,2014-Q4,West,Office Supplies,2,2.34,4.67,2.25,0.96,1.46
CA-2014-108189,2014-Q4,West,Technology,2,159.2,318.4,147.66,63.28,107.46
CA-2014-108189,2014-Q4,West,Office Supplies,6,2.13,12.77,5.7,2.44,4.63
CA-2014-108189,2014-Q4,West,Office Supplies,2,7.68,15.36,13.03,5.59,-3.26
CA-2014-108189,2014-Q4,West,Technology,3,76.79,230.38,147.15,63.07,20.16
CA-2014-108189,2014-Q4,West,Technology,1,7.16,7.16,5.07,2.18,-0.09
CA-2014-154641,2014-Q3,East,Office Supplies,1,375.34,375.34,249.6,106.97,18.77
CA-2017-131625,2017-Q3,East,Furniture,5,22.98,114.9,53.08,22.75,39.07
US-2017-156356,2017-Q2,Central,Office Supplies,3,8.68,26.05,49.23,21.1,-44.28
US-2017-156356,2017-Q2,Central,Office Supplies,1,2.9,2.9,5.38,2.3,-4.78
US-2017-156356,2017-Q2,Central,Office Supplies,2,16.27,32.54,28.19,12.08,-7.73
CA-2016-138933,2016-Q2,West,Office Supplies,1,3.98,3.98,1.81,0.78,1.39
CA-2016-140746,2016-Q1,East,Furniture,1,181.8,181.8,138.17,59.21,-15.58
CA-2016-146836,2016-Q2,East,Office Supplies,3,14.98,44.94,22.65,9.71,12.58
CA-2016-146836,2016-Q2,East,Office Supplies,3,15.19,45.58,20.74,8.89,15.95
US-2016-127971,2016-Q4,Central,Furniture,5,63.69,318.43,277.03,118.73,-77.33
US-2016-127971,2016-Q4,Central,Technology,7,17.56,122.92,53.77,23.05,46.1
US-2016-127971,2016-Q4,Central,Furniture,3,2.36,7.07,6.93,2.97,-2.83
US-2016-140809,2016-Q1,South,Office Supplies,5,11.29,56.45,29.24,12.53,14.68
CA-2017-114524,2017-Q1,Central,Office Supplies,13,1.04,13.47,25.46,10.91,-22.9
CA-2017-113355,2017-Q4,Central,Technology,5,43.96,219.8,136.55,58.52,24.73
CA-2017-113355,2017-Q4,Central,Furniture,3,105.69,317.06,234.63,100.55,-18.12
US-2017-140907,2017-Q4,West,Technology,3,16.36,49.08,30.92,13.25,4.91
US-2017-140907,2017-Q4,West,Office Supplies,5,64.98,324.9,200.14,85.77,38.99
US-2017-140907,2017-Q4,West,Office Supplies,3,6.08,18.24,9.06,3.89,5.29
CA-2016-159730,2016-Q3,West,Furniture,2,56.94,113.89,72.74,31.18,9.97
CA-2016-159730,2016-Q3,West,Technology,2,52.79,105.58,68.36,29.3,7.92
CA-2016-157868,2016-Q4,Central,Office Supplies,7,3.55,24.85,9.22,3.95,11.68
CA-2017-119389,2017-Q2,East,Furniture,3,20.1,60.31,38.52,16.51,5.28
CA-2017-110373,2017-Q4,Central,Office Supplies,3,2.35,7.06,3.4,1.46,2.2
CA-2017-110373,2017-Q4,Central,Technology,2,13.59,27.18,17.6,7.54,2.04
CA-2016-155474,2016-Q3,West,Technology,1,107.98,107.98,68.97,29.56,9.45
CA-2016-155474,2016-Q3,West,Office Supplies,3,6.43,19.3,9.29,3.98,6.03
CA-2015-155453,2015-Q3,South,Office Supplies,2,2.31,4.61,2.06,0.88,1.67
US-2016-161844,2016-Q4,South,Furniture,3,26.66,79.97,76.5,32.79,-29.32
US-2016-161844,2016-Q4,South,Office Supplies,2,1.48,2.95,3.51,1.5,-2.06
US-2016-162103,2016-Q4,Central,Office Supplies,2,1.57,3.14,5.49,2.35,-4.7
CA-2014-151554,2014-Q4,Central,Office Supplies,4,5.18,20.74,9.44,4.04,7.26
CA-2014-140662,2014-Q4,West,Technology,2,49.99,99.98,64.39,27.59,8.0
CA-2014-140662,2014-Q4,West,Office Supplies,7,104.85,733.95,267.16,114.49,352.3
CA-2014-140662,2014-Q4,West,Office Supplies,3,80.48,241.44,118.31,50.7,72.43
CA-2016-122518,2016-Q1,South,Office Supplies,4,2.52,10.08,4.58,1.97,3.53
US-2014-126571,2014-Q4,East,Office Supplies,2,140.95,281.9,189.93,81.4,10.57
US-2014-126571,2014-Q4,East,Office Supplies,3,67.14,201.43,93.41,40.04,67.98
CA-2014-143840,2014-Q2,South,Technology,2,67.99,135.98,71.39,30.6,33.99
CA-2014-143840,2014-Q2,South,Technology,1,44.95,44.95,22.65,9.71,12.59
CA-2014-115980,2014-Q3,Central,Technology,3,0.99,2.97,1.16,0.5,1.31
CA-2014-115980,2014-Q3,Central,Office Supplies,3,2.18,6.54,2.7,1.16,2.68
CA-2015-155145,2015-Q4,West,Technology,8,0.99,7.92,3.11,1.33,3.48
CA-2015-146038,2015-Q1,West,Furniture,5,40.78,203.92,126.69,54.29,22.94
CA-2017-133865,2017-Q2,West,Technology,6,559.99,3359.95,1616.98,692.99,1049.98
CA-2017-116358,2017-Q4,Central,Office Supplies,3,6.08,18.24,6.38,2.74,9.12
CA-2017-116358,2017-Q4,Central,Office Supplies,6,4.63,27.78,13.03,5.58,9.17
CA-2014-102988,2014-Q2,South,Office Supplies,7,3.28,22.96,10.77,4.61,7.58
CA-2014-102988,2014-Q2,South,Technology,1,28.99,28.99,14.41,6.17,8.41
CA-2014-102988,2014-Q2,South,Office Supplies,2,6.48,12.96,4.63,1.98,6.35
CA-2014-102988,2014-Q2,South,Office Supplies,7,3.28,22.96,11.41,4.89,6.66
CA-2014-102988,2014-Q2,South,Office Supplies,5,832.81,4164.05,2856.54,1224.23,83.28
US-2014-117170,2014-Q3,South,Technology,2,23.99,47.98,24.35,10.43,13.2
US-2014-117170,2014-Q3,South,Office Supplies,1,4.62,4.62,2.06,0.88,1.68
CA-2014-159478,2014-Q3,East,Furniture,3,5.08,15.24,7.04,3.02,5.18
CA-2014-103702,2014-Q3,East,Office Supplies,7,9.13,63.92,77.56,33.24,-46.88
CA-2017-150525,2017-Q1,Central,Office Supplies,2,3.28,6.56,3.26,1.4,1.9
CA-2017-150525,2017-Q1,Central,Office Supplies,3,4.37,13.11,6.79,2.91,3.41
CA-2015-157770,2015-Q4,West,Technology,3,164.79,494.38,311.46,133.48,49.44
CA-2015-157770,2015-Q4,West,Office Supplies,5,5.84,29.2,13.54,5.8,9.86
CA-2015-157770,2015-Q4,West,Technology,5,49.77,248.85,155.04,66.44,27.37
CA-2015-157770,2015-Q4,West,Technology,1,36.24,36.24,14.71,6.31,15.22
CA-2016-167290,2016-Q4,Central,Office Supplies,2,5.84,11.68,5.73,2.45,3.5
CA-2014-106264,2014-Q4,West,Office Supplies,3,3.97,11.91,8.25,3.54,0.12
CA-2014-106264,2014-Q4,West,Furniture,2,1.74,3.48,1.66,0.71,1.11
CA-2014-138023,2014-Q3,Central,Office Supplies,8,3.87,30.96,58.51,25.08,-52.63
CA-2017-113418,2017-Q4,East,Technology,11,154.99,1704.89,656.38,281.31,767.2
US-2015-110569,2015-Q2,West,Office Supplies,7,2.74,19.19,22.39,9.6,-12.8
US-2015-110569,2015-Q2,West,Office Supplies,4,30.45,121.79,75.66,32.43,13.7
CA-2017-136308,2017-Q4,West,Technology,3,639.99,1919.98,1192.79,511.19,216.0
US-2014-159926,2014-Q4,East,Office Supplies,1,51.0,51.0,64.26,27.54,-40.8
US-2014-159926,2014-Q4,East,Office Supplies,1,76.79,76.79,65.18,27.93,-16.32
US-2014-159926,2014-Q4,East,Technology,6,89.99,539.96,453.56,194.39,-107.99
US-2014-159926,2014-Q4,East,Furniture,3,20.1,60.31,38.52,16.51,5.28
US-2014-159926,2014-Q4,East,Office Supplies,3,0.65,1.94,2.36,1.01,-1.43
CA-2014-104738,2014-Q4,Central,Office Supplies,3,4.33,12.98,5.79,2.48,4.71
CA-2014-104738,2014-Q4,Central,Technology,2,108.79,217.58,138.98,59.56,19.04
CA-2014-104738,2014-Q4,Central,Technology,3,109.59,328.78,210.01,90.0,28.77
CA-2014-104738,2014-Q4,Central,Office Supplies,3,0.76,2.29,4.17,1.78,-3.66
CA-2014-104738,2014-Q4,Central,Technology,2,23.99,47.98,23.51,10.07,14.4
CA-2015-144386,2015-Q4,East,Office Supplies,6,4.22,25.34,11.53,4.94,8.87
CA-2016-111416,2016-Q3,East,Office Supplies,5,46.48,232.4,107.77,46.19,78.44
CA-2016-162747,2016-Q1,South,Furniture,7,12.35,86.45,33.89,14.52,38.04
US-2014-133130,2014-Q3,West,Furniture,5,120.78,603.92,391.04,167.59,45.29
US-2014-133130,2014-Q3,West,Office Supplies,2,40.99,81.98,29.27,12.54,40.17
CA-2017-169978,2017-Q4,East,Furniture,2,135.88,271.76,156.41,67.04,48.31
CA-2017-169978,2017-Q4,East,Office Supplies,3,4.79,14.38,6.67,2.86,4.85
CA-2017-161739,2017-Q4,Central,Furniture,5,68.39,341.96,538.59,230.82,-427.45
CA-2015-165057,2015-Q3,West,Office Supplies,9,20.15,181.35,92.67,39.72,48.96
CA-2015-165057,2015-Q3,West,Office Supplies,3,2.88,8.64,3.09,1.32,4.23
CA-2014-134551,2014-Q4,South,Office Supplies,7,6.22,43.51,27.79,11.91,3.81
CA-2014-134551,2014-Q4,South,Furniture,3,220.96,662.88,411.82,176.49,74.57
CA-2014-134551,2014-Q4,South,Office Supplies,5,5.18,25.92,11.79,5.06,9.07
CA-2015-120810,2015-Q3,East,Office Supplies,3,22.98,68.94,33.78,14.48,20.68
CA-2015-120810,2015-Q3,East,Furniture,3,42.94,128.82,55.01,23.57,50.24
CA-2014-165309,2014-Q4,Central,Office Supplies,5,179.4,896.99,1663.91,713.11,-1480.03
CA-2014-165309,2014-Q4,Central,Office Supplies,1,1.23,1.23,2.24,0.96,-1.97
CA-2014-165309,2014-Q4,Central,Office Supplies,3,22.52,67.56,42.56,18.24,6.76
CA-2014-165309,2014-Q4,Central,Office Supplies,5,4.34,21.72,9.69,4.16,7.87
CA-2014-165309,2014-Q4,Central,Office Supplies,8,32.79,262.34,117.07,50.17,95.1
CA-2014-165309,2014-Q4,Central,Technology,2,74.24,148.48,92.25,39.53,16.7
CA-2014-165309,2014-Q4,Central,Technology,3,80.39,241.18,158.28,67.83,15.07
CA-2017-122595,2017-Q4,Central,Technology,3,75.99,227.98,139.64,59.84,28.5
CA-2017-122595,2017-Q4,Central,Technology,3,17.56,52.68,23.04,9.88,19.76
CA-2017-122595,2017-Q4,Central,Furniture,1,2.03,2.03,2.34,1.01,-1.32
US-2017-109253,2017-Q3,West,Office Supplies,4,4.28,17.12,8.51,3.65,4.96
US-2017-109253,2017-Q3,West,Technology,4,107.99,431.97,275.92,118.25,37.8
US-2017-109253,2017-Q3,West,Furniture,4,32.48,129.92,83.67,35.86,10.39
US-2017-109253,2017-Q3,West,Furniture,3,189.58,568.73,378.2,162.09,28.44
US-2017-109253,2017-Q3,West,Office Supplies,9,13.02,117.14,52.28,22.4,42.46
US-2017-109253,2017-Q3,West,Office Supplies,3,67.84,203.52,104.0,44.57,54.95
US-2017-109253,2017-Q3,West,Office Supplies,5,10.35,51.75,18.84,8.07,24.84
CA-2016-145982,2016-Q3,East,Office Supplies,3,40.99,122.97,43.9,18.81,60.26
CA-2016-145982,2016-Q3,East,Furniture,1,244.62,244.62,156.56,67.09,20.97
CA-2016-145982,2016-Q3,East,Technology,3,19.99,59.97,21.83,9.35,28.79
CA-2016-145982,2016-Q3,East,Office Supplies,9,9.06,81.54,31.4,13.45,36.69
CA-2016-145982,2016-Q3,East,Office Supplies,4,2.92,11.68,4.49,1.93,5.26
CA-2016-145982,2016-Q3,East,Office Supplies,5,5.8,29.0,10.56,4.52,13.92
CA-2015-112014,2015-Q3,West,Office Supplies,5,10.16,50.8,26.31,11.28,13.21
CA-2017-154732,2017-Q4,Central,Office Supplies,5,3.21,16.03,29.18,12.5,-25.65
US-2016-157308,2016-Q3,West,Office Supplies,4,3.93,15.71,7.01,3.0,5.7
CA-2016-147536,2016-Q4,East,Technology,3,29.99,89.97,49.76,21.32,18.89
US-2014-134733,2014-Q3,West,Furniture,3,145.33,436.0,290.84,124.64,20.52
US-2014-134733,2014-Q3,West,Technology,2,41.99,83.98,36.74,15.75,31.49
US-2014-150434,2014-Q3,East,Technology,2,179.99,359.98,186.47,79.92,93.59
US-2014-150434,2014-Q3,East,Furniture,1,70.56,70.56,52.21,22.38,-4.03
US-2014-150434,2014-Q3,East,Office Supplies,2,10.44,20.88,7.9,3.38,9.6
US-2014-150434,2014-Q3,East,Office Supplies,1,3.81,3.81,1.39,0.59,1.83
CA-2017-100335,2017-Q3,Central,Office Supplies,9,8.11,73.01,32.58,13.96,26.47
CA-2016-139234,2016-Q2,Central,Office Supplies,2,1.6,3.21,5.95,2.55,-5.29
CA-2016-139234,2016-Q2,Central,Technology,2,13.09,26.18,20.61,8.84,-3.27
US-2015-142020,2015-Q2,East,Office Supplies,4,7.61,30.44,11.29,4.84,14.31
US-2015-142020,2015-Q2,East,Furniture,3,11.76,35.28,16.3,6.98,12.0
CA-2015-139962,2015-Q4,East,Office Supplies,3,6.48,19.44,7.08,3.03,9.33
CA-2015-139962,2015-Q4,East,Office Supplies,2,18.94,37.88,13.26,5.68,18.94
CA-2016-130050,2016-Q3,Central,Furniture,3,3.18,9.55,9.36,4.01,-3.82
CA-2014-115161,2014-Q1,West,Furniture,2,145.34,290.67,201.07,86.18,3.42
CA-2014-165379,2014-Q3,Central,Office Supplies,2,5.18,10.37,4.72,2.02,3.63
CA-2014-165379,2014-Q3,Central,Office Supplies,3,4.78,14.35,6.9,2.96,4.49
CA-2015-115511,2015-Q4,West,Furniture,2,70.98,141.96,70.55,30.24,41.17
CA-2015-115511,2015-Q4,West,Office Supplies,4,16.51,66.05,30.05,12.88,23.12
CA-2016-134887,2016-Q1,Central,Technology,5,257.49,1287.45,729.98,312.85,244.62
CA-2017-123778,2017-Q3,West,Office Supplies,6,4.3,25.82,11.75,5.03,9.04
CA-2017-123778,2017-Q3,West,Office Supplies,2,80.48,160.96,78.87,33.8,48.29
CA-2015-161718,2015-Q4,East,Furniture,3,9.48,28.44,11.94,5.12,11.38
CA-2015-161718,2015-Q4,East,Furniture,5,72.88,364.41,249.42,106.89,8.1
CA-2015-161718,2015-Q4,East,Technology,4,9.99,39.96,20.7,8.87,10.39
CA-2015-161718,2015-Q4,East,Furniture,2,180.88,361.76,205.4,88.03,68.33
CA-2016-100671,2016-Q4,Central,Office Supplies,9,12.41,111.67,73.28,31.41,6.98
CA-2017-142867,2017-Q1,Central,Office Supplies,6,2.3,13.78,25.07,10.75,-22.04
CA-2017-142867,2017-Q1,Central,Office Supplies,3,3.42,10.27,4.94,2.12,3.21
CA-2017-103156,2017-Q4,East,Furniture,9,2.67,24.05,11.79,5.05,7.21
US-2017-162208,2017-Q3,South,Office Supplies,1,2.9,2.9,1.34,0.58,0.98
CA-2015-130659,2015-Q4,East,Office Supplies,3,5.98,17.94,6.41,2.74,8.79
CA-2015-130659,2015-Q4,East,Furniture,7,54.88,384.17,248.0,106.29,29.88
CA-2015-130659,2015-Q4,East,Technology,5,359.95,1799.75,881.88,377.95,539.92
CA-2017-148404,2017-Q4,South,Office Supplies,4,145.17,580.67,360.74,154.6,65.33
CA-2017-148404,2017-Q4,South,Office Supplies,3,6.31,18.94,9.11,3.91,5.92
CA-2017-148404,2017-Q4,South,Technology,2,111.19,222.38,143.99,61.71,16.68
CA-2017-148404,2017-Q4,South,Office Supplies,6,8.41,50.45,58.86,25.23,-33.64
CA-2017-148404,2017-Q4,South,Furniture,3,51.59,154.76,133.61,57.26,-36.11
CA-2017-101077,2017-Q1,Central,Office Supplies,2,3.42,6.85,3.3,1.41,2.14
CA-2014-166471,2014-Q3,West,Technology,4,272.79,1091.17,716.08,306.89,68.2
CA-2014-166471,2014-Q3,West,Technology,2,109.58,219.17,184.1,78.9,-43.83
CA-2014-105340,2014-Q4,Central,Office Supplies,1,6.93,6.93,12.61,5.4,-11.08
US-2017-131583,2017-Q2,East,Office Supplies,6,6.67,40.03,17.51,7.51,15.01
US-2017-148362,2017-Q3,Central,Office Supplies,4,110.98,443.92,301.42,129.18,13.32
US-2017-148362,2017-Q3,Central,Office Supplies,1,169.99,169.99,64.25,27.54,78.2
US-2017-148362,2017-Q3,Central,Office Supplies,4,6.48,25.92,9.44,4.04,12.44
CA-2014-102274,2014-Q4,South,Technology,1,36.99,36.99,18.9,8.1,9.99
CA-2014-102274,2014-Q4,South,Office Supplies,6,104.85,629.1,228.99,98.14,301.97
CA-2014-102274,2014-Q4,South,Office Supplies,3,64.65,193.95,128.97,55.28,9.7
CA-2014-102274,2014-Q4,South,Office Supplies,3,1.82,5.46,2.79,1.2,1.47
CA-2015-129700,2015-Q2,Central,Furniture,7,3.18,22.29,21.85,9.36,-8.92
CA-2017-168739,2017-Q2,Central,Furniture,4,16.36,65.42,82.43,35.33,-52.34
CA-2015-152527,2015-Q4,West,Office Supplies,2,38.94,77.88,51.79,22.2,3.89
US-2014-150119,2014-Q2,East,Furniture,2,140.68,281.37,205.4,88.03,-12.06
US-2014-150119,2014-Q2,East,Furniture,2,140.68,281.37,205.4,88.03,-12.06
US-2014-150119,2014-Q2,East,Office Supplies,8,0.94,7.49,8.91,3.82,-5.24
US-2014-150119,2014-Q2,East,Furniture,4,5.58,22.34,10.16,4.36,7.82
US-2017-150847,2017-Q2,East,Office Supplies,2,5.18,10.37,4.72,2.02,3.63
CA-2016-100244,2016-Q3,West,Office Supplies,9,7.31,65.79,24.87,10.66,30.26
CA-2016-100244,2016-Q3,West,Office Supplies,2,135.99,271.98,128.51,55.08,88.39
CA-2016-100244,2016-Q3,West,Office Supplies,4,2.94,11.76,6.01,2.57,3.18
CA-2016-100244,2016-Q3,West,Office Supplies,2,38.76,77.52,27.68,11.86,37.98
CA-2016-100244,2016-Q3,West,Office Supplies,2,24.32,48.64,22.98,9.85,15.81
CA-2016-116540,2016-Q3,Central,Office Supplies,1,1.81,1.81,0.81,0.35,0.65
CA-2016-116540,2016-Q3,Central,Office Supplies,2,4.13,8.26,3.07,1.31,3.88
CA-2015-151841,2015-Q2,West,Office Supplies,5,8.71,43.56,28.2,12.09,3.27
CA-2015-151841,2015-Q2,West,Office Supplies,2,2.92,5.84,3.58,1.53,0.73
CA-2015-150791,2015-Q3,East,Furniture,2,135.88,271.76,147.96,63.41,60.39
CA-2016-134803,2016-Q2,West,Office Supplies,2,131.12,262.24,128.5,55.07,78.67
CA-2016-134803,2016-Q2,West,Office Supplies,8,22.84,182.72,69.07,29.6,84.05
CA-2016-134803,2016-Q2,West,Technology,7,18.8,131.6,86.59,37.11,7.9
CA-2016-134803,2016-Q2,West,Office Supplies,4,5.68,22.72,10.74,4.6,7.38
CA-2016-134803,2016-Q2,West,Technology,2,279.2,558.4,361.56,154.96,41.88
CA-2015-153381,2015-Q3,Central,Office Supplies,4,3.81,15.24,5.87,2.51,6.86
CA-2015-153381,2015-Q3,Central,Furniture,10,140.81,1408.1,709.68,304.15,394.27
US-2017-111024,2017-Q3,East,Office Supplies,4,8.22,32.9,15.26,6.54,11.1
US-2017-111024,2017-Q3,East,Furniture,2,107.58,215.15,223.4,95.74,-103.99
US-2017-111024,2017-Q3,East,Office Supplies,6,5.16,30.96,13.82,5.92,11.22
CA-2017-148264,2017-Q4,West,Office Supplies,3,9.93,29.79,14.8,6.35,8.64
CA-2017-148264,2017-Q4,West,Furniture,2,64.45,128.9,79.4,34.03,15.47
CA-2017-148264,2017-Q4,West,Office Supplies,9,6.68,60.12,21.88,9.38,28.86
CA-2017-131212,2017-Q4,West,Office Supplies,3,8.27,24.82,11.51,4.93,8.38
CA-2017-131212,2017-Q4,West,Office Supplies,6,2.5,14.98,6.69,2.86,5.43
US-2015-100531,2015-Q3,Central,Office Supplies,2,7.54,15.08,26.39,11.31,-22.62
US-2015-100531,2015-Q3,Central,Furniture,3,8.1,24.29,25.93,11.11,-12.75
CA-2017-152583,2017-Q4,Central,Furniture,2,8.1,16.19,17.28,7.41,-8.5
CA-2017-152583,2017-Q4,Central,Furniture,2,125.5,251.01,223.4,95.74,-68.13
CA-2017-152583,2017-Q4,Central,Office Supplies,6,9.03,54.19,35.09,15.04,4.06
CA-2015-144099,2015-Q4,West,Office Supplies,1,4.3,4.3,1.92,0.82,1.56
CA-2014-158337,2014-Q1,East,Office Supplies,14,7.78,108.92,41.94,17.97,49.01
CA-2017-168858,2017-Q4,East,Office Supplies,3,5.58,16.74,5.86,2.51,8.37
CA-2017-168858,2017-Q4,East,Office Supplies,7,357.82,2504.74,1314.99,563.57,626.18
CA-2016-116344,2016-Q3,East,Office Supplies,2,42.39,84.78,71.22,30.52,-16.96
CA-2015-131779,2015-Q2,East,Office Supplies,5,5.98,29.9,17.37,7.45,5.08
CA-2016-158869,2016-Q3,East,Office Supplies,2,35.44,70.88,26.3,11.27,33.31
CA-2017-102554,2017-Q2,South,Office Supplies,2,1.88,3.76,1.87,0.8,1.09
CA-2016-162614,2016-Q4,West,Office Supplies,2,13.63,27.26,12.88,5.52,8.86
CA-2014-168592,2014-Q3,West,Office Supplies,5,11.33,56.65,22.6,9.69,24.36
CA-2014-168592,2014-Q3,West,Office Supplies,1,14.97,14.97,7.55,3.23,4.19
CA-2014-168592,2014-Q3,West,Office Supplies,2,2.01,4.02,1.43,0.62,1.97
CA-2014-157609,2014-Q1,South,Technology,2,235.96,471.92,309.69,132.73,29.5
CA-2015-153325,2015-Q1,South,Office Supplies,4,14.68,58.72,22.2,9.51,27.01
CA-2015-153626,2015-Q3,South,Office Supplies,3,1.72,5.16,3.02,1.3,0.84
CA-2016-166485,2016-Q1,South,Office Supplies,2,8.25,16.5,7.65,3.28,5.57
CA-2017-136448,2017-Q3,East,Technology,3,23.99,71.98,36.53,15.66,19.79
CA-2017-136448,2017-Q3,East,Furniture,3,7.5,22.51,14.18,6.08,2.25
CA-2017-136448,2017-Q3,East,Office Supplies,2,1.72,3.44,4.34,1.86,-2.76
CA-2017-136448,2017-Q3,East,Office Supplies,2,269.1,538.19,665.57,285.24,-412.62
CA-2017-136448,2017-Q3,East,Technology,2,23.99,47.98,23.51,10.07,14.4
CA-2017-114258,2017-Q4,Central,Technology,4,123.19,492.77,306.13,131.2,55.44
CA-2015-152611,2015-Q1,East,Office Supplies,7,40.97,286.79,148.55,63.67,74.57
CA-2016-165470,2016-Q4,South,Office Supplies,1,5.08,5.08,2.4,1.03,1.65
CA-2017-128699,2017-Q4,South,Technology,1,47.99,47.99,28.55,12.24,7.2
US-2015-147242,2015-Q3,East,Office Supplies,2,30.98,61.96,32.09,13.76,16.11
US-2015-147242,2015-Q3,East,Furniture,2,180.98,361.96,195.1,83.61,83.25
US-2015-147242,2015-Q3,East,Office Supplies,9,30.98,278.82,107.34,46.01,125.47
CA-2016-146143,2016-Q4,South,Furniture,6,22.23,133.38,52.28,22.41,58.69
CA-2015-100888,2015-Q2,South,Office Supplies,3,15.98,47.95,22.24,9.53,16.18
US-2016-150035,2016-Q4,West,Furniture,2,8.37,16.74,8.67,3.72,4.35
CA-2017-122644,2017-Q4,East,Office Supplies,2,5.42,10.85,5.12,2.2,3.53
CA-2017-122644,2017-Q4,East,Technology,2,9.27,18.54,10.87,4.66,3.01
CA-2017-111815,2017-Q1,Central,Furniture,1,180.98,180.98,93.75,40.18,47.05
CA-2017-111815,2017-Q1,Central,Technology,2,49.99,99.98,39.89,17.1,42.99
CA-2016-144911,2016-Q4,Central,Technology,5,6.99,34.95,13.7,5.87,15.38
CA-2016-144911,2016-Q4,Central,Office Supplies,5,30.4,152.0,57.46,24.62,69.92
CA-2014-143385,2014-Q3,West,Technology,9,10.28,92.52,51.81,22.21,18.5
CA-2016-131289,2016-Q4,West,Office Supplies,2,4.28,8.56,4.26,1.82,2.48
CA-2016-131289,2016-Q4,West,Office Supplies,7,6.48,45.36,16.51,7.08,21.77
CA-2016-131289,2016-Q4,West,Furniture,6,236.94,1421.66,1132.0,485.14,-195.48
CA-2014-124023,2014-Q2,South,Furniture,2,4.48,8.96,4.33,1.85,2.78
CA-2014-124688,2014-Q3,South,Technology,5,115.99,579.95,288.23,123.53,168.19
CA-2014-124688,2014-Q3,South,Furniture,4,7.28,29.12,11.62,4.98,12.52
CA-2014-124688,2014-Q3,South,Furniture,3,400.98,1202.94,631.54,270.66,300.74
CA-2016-151169,2016-Q4,East,Office Supplies,4,1.98,7.92,3.05,1.31,3.56
US-2016-134761,2016-Q4,South,Technology,1,36.19,36.19,23.44,10.04,2.71
CA-2017-120705,2017-Q3,South,Office Supplies,2,73.59,147.18,123.63,52.99,-29.44
CA-2015-157322,2015-Q3,Central,Furniture,2,204.21,408.42,289.97,124.28,-5.83
CA-2015-157322,2015-Q3,Central,Furniture,6,63.69,382.12,332.44,142.48,-92.8
CA-2015-157322,2015-Q3,Central,Office Supplies,5,13.72,68.6,43.82,18.78,6.0
CA-2015-157322,2015-Q3,Central,Office Supplies,3,145.17,435.5,270.56,115.95,48.99
CA-2015-157322,2015-Q3,Central,Office Supplies,2,5.58,11.17,5.18,2.22,3.77
CA-2017-142034,2017-Q3,Central,Technology,4,18.0,72.0,41.33,17.71,12.96
CA-2017-142034,2017-Q3,Central,Technology,5,131.18,655.9,266.29,114.13,275.48
CA-2017-142034,2017-Q3,Central,Furniture,4,150.98,603.92,295.92,126.82,181.18
CA-2016-107328,2016-Q3,West,Furniture,2,256.51,513.02,350.13,150.06,12.83
CA-2016-107328,2016-Q3,West,Office Supplies,6,81.32,487.92,245.91,105.39,136.62
CA-2016-107328,2016-Q3,West,Office Supplies,5,3.05,15.24,6.94,2.97,5.33
CA-2016-108616,2016-Q3,South,Technology,3,69.99,209.97,97.01,41.57,71.39
CA-2016-108616,2016-Q3,South,Office Supplies,3,20.98,62.94,22.91,9.82,30.21
CA-2016-108616,2016-Q3,South,Office Supplies,9,2.88,25.92,12.7,5.44,7.78
CA-2017-125115,2017-Q2,Central,Office Supplies,2,5.18,10.37,4.72,2.02,3.63
CA-2017-125115,2017-Q2,Central,Technology,3,31.91,95.74,52.78,22.62,20.34
CA-2016-150945,2016-Q4,East,Office Supplies,4,225.02,900.08,548.15,234.92,117.01
CA-2014-166863,2014-Q2,Central,Technology,2,100.79,201.58,126.99,54.43,20.16
CA-2014-166863,2014-Q2,Central,Office Supplies,4,0.85,3.39,5.94,2.54,-5.09
CA-2014-166863,2014-Q2,Central,Furniture,4,48.27,193.07,149.06,63.88,-19.87
CA-2014-166863,2014-Q2,Central,Office Supplies,3,5.18,15.55,7.08,3.03,5.44
CA-2014-166863,2014-Q2,Central,Office Supplies,2,5.82,11.65,5.3,2.27,4.08
CA-2014-166863,2014-Q2,Central,Technology,2,209.4,418.8,361.56,154.96,-97.72
CA-2014-166863,2014-Q2,Central,Office Supplies,7,72.78,509.49,445.8,191.06,-127.37
CA-2017-140326,2017-Q3,Central,Furniture,9,91.69,825.17,660.13,282.92,-117.88
CA-2017-140326,2017-Q3,Central,Office Supplies,3,5.92,17.76,8.55,3.66,5.55
CA-2017-140326,2017-Q3,Central,Office Supplies,3,2.3,6.91,4.23,1.82,0.86
CA-2016-168536,2016-Q4,South,Technology,3,22.1,66.3,40.38,17.3,8.62
US-2016-113649,2016-Q3,South,Office Supplies,9,3.42,30.82,14.83,6.36,9.63
US-2016-113649,2016-Q3,South,Technology,2,22.39,44.78,28.21,12.09,4.48
US-2016-113649,2016-Q3,South,Office Supplies,4,142.38,569.54,353.83,151.64,64.07
CA-2015-124975,2015-Q2,Central,Furniture,7,113.77,796.42,925.44,396.62,-525.64
CA-2015-168767,2015-Q2,West,Office Supplies,2,6.42,12.83,5.95,2.55,4.33
CA-2016-114482,2016-Q4,Central,Office Supplies,7,5.78,40.46,14.44,6.19,19.83
CA-2016-114482,2016-Q4,Central,Technology,3,134.98,404.94,206.93,88.68,109.33
CA-2016-137673,2016-Q3,West,Technology,8,14.5,116.0,60.9,26.1,29.0
CA-2016-132731,2016-Q4,Central,Technology,6,109.59,657.55,425.76,182.47,49.32
CA-2017-148922,2017-Q4,South,Technology,3,199.99,599.97,239.39,102.59,257.99
CA-2017-148922,2017-Q4,South,Technology,3,12.99,38.97,26.73,11.46,0.78
CA-2017-148922,2017-Q4,South,Office Supplies,8,5.73,45.84,16.69,7.15,22.0
CA-2016-130680,2016-Q2,West,Technology,4,9.56,38.24,33.46,14.34,-9.56
CA-2015-141145,2015-Q3,South,Technology,3,29.06,87.17,53.39,22.88,10.9
US-2016-152835,2016-Q2,Central,Office Supplies,5,4.28,21.4,10.63,4.56,6.21
CA-2016-155565,2016-Q2,East,Office Supplies,5,10.98,54.9,27.67,11.86,15.37
CA-2014-110849,2014-Q2,West,Technology,4,71.99,287.97,133.55,57.23,97.19
CA-2014-110849,2014-Q2,West,Office Supplies,4,3.28,13.12,6.52,2.8,3.8
CA-2014-110849,2014-Q2,West,Office Supplies,5,2.15,10.75,5.04,2.16,3.55
CA-2014-110849,2014-Q2,West,Office Supplies,2,5.81,11.62,5.61,2.41,3.6
CA-2016-145842,2016-Q2,East,Office Supplies,3,13.58,40.74,28.23,12.1,0.41
CA-2014-158771,2014-Q2,South,Office Supplies,3,27.75,83.25,47.79,20.48,14.98
CA-2014-158771,2014-Q2,South,Office Supplies,3,3.15,9.45,3.44,1.47,4.54
CA-2014-158771,2014-Q2,South,Office Supplies,5,4.13,20.65,7.8,3.35,9.5
CA-2014-158771,2014-Q2,South,Office Supplies,7,6.48,45.36,16.51,7.08,21.77
CA-2016-157511,2016-Q3,East,Furniture,3,1.78,5.35,2.62,1.12,1.61
CA-2016-157511,2016-Q3,East,Furniture,2,49.68,99.37,74.53,31.94,-7.1
CA-2016-157511,2016-Q3,East,Office Supplies,1,2.67,2.67,1.61,0.69,0.37
CA-2017-121216,2017-Q4,Central,Office Supplies,8,3.58,28.67,12.8,5.48,10.39
CA-2017-121216,2017-Q4,Central,Office Supplies,8,3.66,29.31,72.84,31.22,-74.75
CA-2017-155292,2017-Q4,South,Office Supplies,7,15.14,105.98,71.22,30.52,4.24
CA-2017-155292,2017-Q4,South,Office Supplies,2,17.53,35.06,17.18,7.36,10.52
CA-2017-155292,2017-Q4,South,Furniture,1,33.94,33.94,17.35,7.43,9.16
CA-2017-155292,2017-Q4,South,Office Supplies,8,3.75,30.0,10.92,4.68,14.4
CA-2016-152555,2016-Q1,Central,Office Supplies,3,15.18,45.53,20.72,8.88,15.93
CA-2016-152555,2016-Q1,Central,Furniture,6,140.69,844.12,616.21,264.09,-36.18
CA-2016-152555,2016-Q1,Central,Technology,8,101.59,812.74,526.25,225.53,60.96
CA-2017-107832,2017-Q4,East,Office Supplies,1,7.48,7.48,9.42,4.04,-5.98
CA-2014-120838,2014-Q1,West,Office Supplies,2,165.2,330.4,171.15,73.35,85.9
CA-2014-120838,2014-Q1,West,Technology,6,100.79,604.75,396.87,170.08,37.8
CA-2017-118542,2017-Q4,West,Office Supplies,7,6.48,45.36,16.51,7.08,21.77
CA-2017-118542,2017-Q4,West,Office Supplies,2,5.07,10.13,4.52,1.94,3.67
CA-2017-152737,2017-Q4,West,Office Supplies,4,5.45,21.79,9.91,4.25,7.63
CA-2017-152737,2017-Q4,West,Technology,4,109.95,439.8,206.27,88.4,145.13
CA-2017-109757,2017-Q3,East,Office Supplies,4,2.06,8.26,5.35,2.29,0.62
CA-2017-109757,2017-Q3,East,Office Supplies,5,5.11,25.56,32.21,13.8,-20.45
CA-2017-109757,2017-Q3,East,Office Supplies,2,2.18,4.37,5.2,2.23,-3.06
CA-2017-109757,2017-Q3,East,Office Supplies,4,2.88,11.52,5.45,2.33,3.74
CA-2016-130029,2016-Q3,West,Office Supplies,2,6.48,12.96,4.72,2.02,6.22
CA-2016-130029,2016-Q3,West,Office Supplies,2,1.98,3.96,2.72,1.16,0.08
CA-2017-103877,2017-Q3,Central,Office Supplies,3,525.98,1577.94,574.37,246.16,757.41
CA-2016-137176,2016-Q3,Central,Furniture,4,3.75,15.01,18.91,8.11,-12.01
CA-2017-168109,2017-Q3,West,Technology,2,29.99,59.98,23.51,10.08,26.39
CA-2017-168109,2017-Q3,West,Technology,6,399.2,2395.2,1529.93,655.69,209.58
CA-2017-168109,2017-Q3,West,Technology,4,421.95,1687.8,661.62,283.55,742.63
CA-2017-168109,2017-Q3,West,Technology,1,7.99,7.99,3.7,1.59,2.7
US-2017-126081,2017-Q2,Central,Office Supplies,1,5.18,5.18,2.36,1.01,1.81
CA-2017-117023,2017-Q3,East,Office Supplies,2,5.84,11.68,4.33,1.86,5.49
CA-2017-117023,2017-Q3,East,Office Supplies,10,10.48,104.8,55.02,23.58,26.2
CA-2015-143532,2015-Q1,South,Office Supplies,3,4.83,14.5,6.73,2.88,4.89
CA-2016-103163,2016-Q2,West,Office Supplies,1,4.78,4.78,2.26,0.97,1.55
CA-2016-103163,2016-Q2,West,Office Supplies,1,4.73,4.73,1.69,0.72,2.32
CA-2016-104157,2016-Q3,South,Office Supplies,1,7.89,7.89,5.3,2.27,0.32
CA-2016-104157,2016-Q3,South,Office Supplies,5,13.1,65.5,23.38,10.02,32.1
CA-2016-104157,2016-Q3,South,Furniture,8,303.76,2430.08,1428.89,612.38,388.81
CA-2017-117807,2017-Q4,Central,Office Supplies,1,104.85,104.85,38.16,16.36,50.33
CA-2015-121650,2015-Q4,Central,Office Supplies,2,1.95,3.9,1.67,0.71,1.52
CA-2015-121650,2015-Q4,Central,Furniture,2,400.98,801.96,421.03,180.44,200.49
CA-2015-121650,2015-Q4,Central,Furniture,2,95.98,191.96,111.53,47.8,32.63
CA-2015-121650,2015-Q4,Central,Office Supplies,1,2.61,2.61,0.99,0.42,1.2
CA-2017-161823,2017-Q3,West,Office Supplies,2,2.98,5.96,3.0,1.29,1.67
CA-2017-121839,2017-Q3,East,Technology,3,389.9,1169.69,996.18,426.94,-253.43
CA-2017-158729,2017-Q4,South,Office Supplies,2,832.81,1665.62,1142.62,489.69,33.31
CA-2017-146535,2017-Q4,South,Office Supplies,1,2.88,2.88,1.03,0.44,1.41
CA-2017-146535,2017-Q4,South,Office Supplies,12,120.33,1443.96,747.97,320.56,375.43
CA-2014-154186,2014-Q4,Central,Office Supplies,1,2.92,2.92,1.79,0.77,0.36
CA-2016-108434,2016-Q4,East,Office Supplies,3,155.06,465.18,240.96,103.27,120.95
CA-2016-164154,2016-Q3,East,Office Supplies,3,7.48,22.43,28.26,12.11,-17.94
CA-2016-164154,2016-Q3,East,Office Supplies,5,7.5,37.52,23.64,10.13,3.75
CA-2017-148012,2017-Q4,East,Office Supplies,1,2.62,2.62,1.53,0.66,0.43
CA-2014-102869,2014-Q3,East,Office Supplies,3,5.18,15.55,7.08,3.03,5.44
CA-2014-102869,2014-Q3,East,Technology,6,10.78,64.7,48.68,20.87,-4.85
CA-2014-102869,2014-Q3,East,Furniture,3,5.82,17.47,8.71,3.74,5.02
CA-2014-102869,2014-Q3,East,Technology,1,135.52,135.52,117.0,50.14,-31.62
CA-2017-138310,2017-Q2,West,Technology,9,47.99,431.93,257.0,110.14,64.79
CA-2014-159835,2014-Q4,East,Office Supplies,2,6.22,12.45,5.99,2.57,3.89
CA-2014-159835,2014-Q4,East,Furniture,5,131.59,657.93,526.34,225.58,-93.99
CA-2017-112956,2017-Q3,East,Office Supplies,5,55.48,277.4,100.97,43.28,133.15
CA-2017-112956,2017-Q3,East,Furniture,2,12.58,25.16,11.63,4.98,8.55
CA-2017-112956,2017-Q3,East,Furniture,4,22.98,91.92,42.47,18.2,31.25
CA-2016-119683,2016-Q1,East,Office Supplies,3,9.78,29.34,11.09,4.75,13.5
CA-2014-163559,2014-Q3,East,Office Supplies,3,46.48,139.44,64.67,27.71,47.06
CA-2014-140228,2014-Q2,East,Office Supplies,3,2.3,6.91,3.08,1.32,2.51
CA-2014-140228,2014-Q2,East,Office Supplies,3,9.03,27.1,17.55,7.52,2.03
CA-2014-140228,2014-Q2,East,Office Supplies,2,88.78,177.57,150.71,64.59,-37.73
US-2016-131674,2016-Q4,Central,Technology,2,29.21,58.42,29.14,12.49,16.79
CA-2015-110093,2015-Q4,East,Office Supplies,2,8.22,16.45,7.63,3.27,5.55
CA-2015-110093,2015-Q4,East,Technology,2,18.39,36.78,18.34,7.86,10.58
CA-2017-112529,2017-Q4,Central,Furniture,6,119.69,718.12,552.95,236.98,-71.81
CA-2017-112529,2017-Q4,Central,Office Supplies,4,7.94,31.78,16.13,6.91,8.74
CA-2016-154536,2016-Q3,East,Office Supplies,5,1.91,9.56,11.82,5.07,-7.33
CA-2017-141929,2017-Q3,West,Office Supplies,2,243.99,487.98,234.84,100.64,152.5
CA-2017-141929,2017-Q3,West,Technology,1,5.56,5.56,2.67,1.15,1.74
CA-2017-141929,2017-Q3,West,Office Supplies,5,43.57,217.85,106.74,45.75,65.36
CA-2016-109743,2016-Q3,South,Office Supplies,3,13.59,40.78,25.33,10.86,4.59
CA-2016-109743,2016-Q3,South,Technology,8,7.99,63.94,40.84,17.51,5.59
CA-2014-159184,2014-Q3,South,Furniture,5,28.48,142.4,62.8,26.91,52.69
CA-2014-159184,2014-Q3,South,Office Supplies,2,3.58,7.16,2.6,1.12,3.44
CA-2017-113530,2017-Q2,West,Furniture,12,56.78,681.41,447.17,191.65,42.59
CA-2017-113530,2017-Q2,West,Office Supplies,2,1.76,3.52,1.75,0.75,1.02
CA-2017-113530,2017-Q2,West,Office Supplies,1,5.58,5.58,2.93,1.25,1.4
CA-2017-113530,2017-Q2,West,Technology,1,36.32,36.32,17.79,7.63,10.9
CA-2014-169726,2014-Q3,West,Office Supplies,7,294.39,2060.74,991.73,425.03,643.98
CA-2017-155957,2017-Q4,East,Office Supplies,3,17.42,52.27,29.73,12.74,9.8
CA-2017-155957,2017-Q4,East,Office Supplies,7,30.45,213.14,132.41,56.75,23.98
CA-2017-132178,2017-Q2,West,Office Supplies,2,34.76,69.52,35.03,15.02,19.47
CA-2017-132178,2017-Q2,West,Office Supplies,8,95.43,763.44,502.34,215.29,45.81
CA-2016-145177,2016-Q4,East,Office Supplies,4,2.31,9.22,4.12,1.76,3.34
CA-2016-145177,2016-Q4,East,Technology,7,5.99,41.96,36.22,15.53,-9.79
CA-2016-145177,2016-Q4,East,Office Supplies,2,44.78,89.57,39.97,17.13,32.47
CA-2016-145177,2016-Q4,East,Office Supplies,3,7.42,22.25,10.32,4.42,7.51
CA-2016-145177,2016-Q4,East,Office Supplies,4,83.72,334.88,213.91,91.67,29.3
CA-2016-145177,2016-Q4,East,Furniture,7,21.18,148.29,83.04,35.59,29.66
CA-2016-145177,2016-Q4,East,Office Supplies,1,4.62,4.62,2.06,0.88,1.68
CA-2016-145177,2016-Q4,East,Technology,7,25.56,178.92,145.59,62.4,-29.07
CA-2016-145177,2016-Q4,East,Office Supplies,7,9.98,69.89,81.54,34.94,-46.59
CA-2014-156594,2014-Q4,West,Office Supplies,2,243.99,487.98,234.84,100.64,152.5
CA-2014-156594,2014-Q4,West,Office Supplies,2,23.65,47.3,24.5,10.5,12.3
CA-2014-156594,2014-Q4,West,Office Supplies,1,4.13,4.13,2.08,0.89,1.16
CA-2014-156594,2014-Q4,West,Office Supplies,5,31.02,155.12,73.3,31.41,50.41
CA-2014-146528,2014-Q3,West,Office Supplies,1,6.48,6.48,2.31,0.99,3.18
CA-2014-146528,2014-Q3,West,Office Supplies,4,3.88,15.52,7.71,3.31,4.5
CA-2015-168459,2015-Q4,South,Office Supplies,2,1.48,2.95,3.51,1.5,-2.06
CA-2015-168459,2015-Q4,South,Office Supplies,6,9.18,55.1,25.55,10.95,18.6
CA-2017-109960,2017-Q4,Central,Technology,6,17.48,104.88,44.05,18.88,41.95
CA-2017-109960,2017-Q4,Central,Office Supplies,5,6.94,34.7,15.55,6.66,12.49
CA-2017-109960,2017-Q4,Central,Office Supplies,4,8.43,33.72,12.75,5.46,15.51
CA-2017-109960,2017-Q4,Central,Office Supplies,3,4.98,14.94,5.54,2.38,7.02
CA-2017-133004,2017-Q3,Central,Office Supplies,9,70.97,638.73,330.86,141.8,166.07
CA-2017-168102,2017-Q2,South,Office Supplies,2,56.78,113.57,94.4,40.46,-21.29
CA-2017-158036,2017-Q3,East,Technology,1,9.1,9.1,5.17,2.22,1.71
CA-2015-128083,2015-Q1,South,Office Supplies,3,2.9,8.69,4.03,1.73,2.93
CA-2015-128083,2015-Q1,South,Furniture,4,7.72,30.88,18.91,8.11,3.86
CA-2015-128083,2015-Q1,South,Furniture,3,2.14,6.41,3.48,1.49,1.44
CA-2016-161676,2016-Q3,West,Office Supplies,5,6.76,33.8,20.71,8.87,4.22
CA-2016-155005,2016-Q2,Central,Technology,3,125.99,377.97,198.44,85.04,94.49
US-2017-129777,2017-Q3,East,Technology,10,25.89,258.9,115.99,49.71,93.2
US-2017-129777,2017-Q3,East,Office Supplies,2,12.28,24.56,9.11,3.91,11.54
CA-2014-129364,2014-Q4,West,Office Supplies,7,3.98,27.89,13.18,5.65,9.06
CA-2014-129364,2014-Q4,West,Office Supplies,4,1.62,6.46,7.69,3.29,-4.52
CA-2014-129364,2014-Q4,West,Technology,3,17.56,52.68,23.04,9.88,19.76
CA-2014-129364,2014-Q4,West,Office Supplies,5,2.78,13.88,11.54,4.94,-2.6
CA-2014-129364,2014-Q4,West,Technology,10,10.39,103.92,85.48,36.63,-18.19
CA-2014-129364,2014-Q4,West,Office Supplies,5,2.3,11.52,5.45,2.33,3.74
CA-2014-129364,2014-Q4,West,Office Supplies,2,5.18,10.37,4.72,2.02,3.63
CA-2014-129364,2014-Q4,West,Office Supplies,3,13.02,39.07,25.3,10.84,2.93
CA-2016-104969,2016-Q2,East,Office Supplies,1,8.87,8.87,3.95,1.7,3.22
CA-2016-104969,2016-Q2,East,Office Supplies,6,20.18,121.1,155.41,66.61,-100.92
CA-2017-154109,2017-Q4,East,Furniture,2,63.68,127.37,110.81,47.49,-30.93
CA-2017-154109,2017-Q4,East,Office Supplies,3,15.98,47.95,22.24,9.53,16.18
CA-2015-156440,2015-Q4,West,Furniture,2,22.23,44.46,20.85,8.94,14.67
CA-2015-132626,2015-Q3,East,Office Supplies,4,3.95,15.8,7.52,3.22,5.06
CA-2015-132626,2015-Q3,East,Technology,3,154.99,464.97,179.01,76.72,209.24
CA-2015-132626,2015-Q3,East,Furniture,2,90.98,181.96,113.36,48.58,20.02
CA-2015-132626,2015-Q3,East,Office Supplies,3,4.13,12.39,4.68,2.01,5.7
CA-2015-132626,2015-Q3,East,Office Supplies,3,28.03,84.09,29.44,12.61,42.04
CA-2015-132626,2015-Q3,East,Office Supplies,4,19.84,79.36,32.77,14.05,32.54
CA-2015-132626,2015-Q3,East,Office Supplies,9,17.04,153.36,57.97,24.84,70.55
CA-2015-132626,2015-Q3,East,Office Supplies,6,7.28,43.68,15.6,6.68,21.4
CA-2015-132626,2015-Q3,East,Office Supplies,7,14.03,98.21,48.81,20.92,28.48
CA-2016-102792,2016-Q4,West,Office Supplies,3,3.28,9.84,4.61,1.98,3.25
CA-2016-108567,2016-Q2,South,Office Supplies,2,1.34,2.69,3.45,1.48,-2.24
CA-2017-140760,2017-Q2,West,Office Supplies,6,4.22,25.34,12.19,5.23,7.92
CA-2017-140760,2017-Q2,West,Office Supplies,5,8.78,43.92,19.6,8.4,15.92
US-2015-131359,2015-Q4,West,Technology,2,30.0,59.99,74.19,31.8,-46.0
US-2015-131359,2015-Q4,West,Technology,1,439.99,439.99,192.49,82.5,165.0
US-2015-131359,2015-Q4,West,Technology,5,17.59,87.96,40.02,17.15,30.79
US-2015-131359,2015-Q4,West,Furniture,4,3.87,15.49,8.27,3.54,3.68
CA-2016-142097,2016-Q4,South,Office Supplies,7,33.28,232.96,81.54,34.94,116.48
CA-2016-142097,2016-Q4,South,Office Supplies,6,11.09,66.54,23.76,10.18,32.6
CA-2016-142097,2016-Q4,South,Office Supplies,3,14.42,43.26,20.29,8.69,14.28
CA-2015-151680,2015-Q4,West,Furniture,2,70.98,141.96,83.47,35.78,22.71
CA-2014-140039,2014-Q3,West,Office Supplies,5,15.88,79.4,51.41,22.03,5.96
CA-2017-160416,2017-Q4,East,Technology,4,40.99,163.96,65.42,28.04,70.5
CA-2017-169411,2017-Q4,East,Furniture,1,37.93,37.93,21.77,9.33,6.83
CA-2016-126543,2016-Q1,East,Furniture,2,7.58,15.17,7.97,3.41,3.79
CA-2015-104941,2015-Q2,South,Office Supplies,6,4.13,24.78,12.49,5.35,6.94
CA-2015-104941,2015-Q2,South,Office Supplies,3,6.38,19.14,7.24,3.1,8.8
CA-2015-104941,2015-Q2,South,Technology,3,299.99,899.97,409.49,175.49,314.99
CA-2015-104941,2015-Q2,South,Office Supplies,5,6.48,32.4,11.79,5.06,15.55
CA-2017-160087,2017-Q1,Central,Office Supplies,3,7.94,23.83,12.1,5.18,6.55
CA-2014-120544,2014-Q4,Central,Furniture,2,3.18,6.37,6.24,2.68,-2.55
CA-2014-120544,2014-Q4,Central,Office Supplies,3,11.39,34.18,84.93,36.4,-87.15
CA-2014-120544,2014-Q4,Central,Technology,7,0.79,5.54,2.72,1.16,1.66
CA-2017-113670,2017-Q4,West,Furniture,3,170.08,510.24,352.7,151.16,6.38
CA-2017-113670,2017-Q4,West,Office Supplies,5,40.99,204.95,73.16,31.36,100.43
CA-2017-166198,2017-Q2,West,Technology,1,11.54,11.54,5.66,2.42,3.46
CA-2017-166198,2017-Q2,West,Furniture,3,54.2,162.6,89.91,38.54,34.15
CA-2014-135608,2014-Q4,West,Office Supplies,2,22.84,45.68,17.27,7.4,21.01
CA-2014-135608,2014-Q4,West,Furniture,5,120.78,603.92,391.04,167.59,45.29
CA-2017-144568,2017-Q2,Central,Office Supplies,5,4.71,23.55,15.66,6.71,1.18
CA-2016-142370,2016-Q3,South,Office Supplies,2,2.52,5.04,3.42,1.47,0.15
CA-2016-142370,2016-Q3,South,Technology,5,49.99,249.95,99.73,42.74,107.48
CA-2016-105900,2016-Q3,Central,Office Supplies,5,6.68,33.4,14.73,6.31,12.36
CA-2016-151155,2016-Q4,South,Furniture,4,4.73,18.92,8.08,3.46,7.38
CA-2016-151155,2016-Q4,South,Office Supplies,2,7.71,15.42,5.94,2.54,6.94
CA-2017-144036,2017-Q4,Central,Office Supplies,8,4.46,35.71,23.44,10.04,2.23
US-2014-169789,2014-Q4,West,Office Supplies,5,110.4,551.98,708.38,303.59,-459.99
CA-2017-127264,2017-Q2,Central,Office Supplies,3,2.35,7.06,3.4,1.46,2.2
CA-2016-151512,2016-Q4,West,Office Supplies,2,9.36,18.72,10.65,4.56,3.51
CA-2016-165169,2016-Q2,East,Office Supplies,2,180.19,360.38,186.68,80.0,93.7
CA-2016-165169,2016-Q2,East,Office Supplies,2,5.58,11.16,5.86,2.51,2.79
CA-2016-165169,2016-Q2,East,Office Supplies,3,4.98,14.94,5.65,2.42,6.87
CA-2015-109575,2015-Q3,East,Office Supplies,2,20.98,41.96,23.79,10.2,7.97
CA-2015-109575,2015-Q3,East,Office Supplies,7,90.98,636.86,445.8,191.06,0.0
CA-2015-109575,2015-Q3,East,Technology,1,499.99,499.99,258.99,111.0,130.0
CA-2015-109575,2015-Q3,East,Technology,7,179.99,1259.93,652.65,279.7,327.58
CA-2015-109575,2015-Q3,East,Office Supplies,4,16.27,65.08,23.23,9.96,31.89
CA-2017-168193,2017-Q1,East,Office Supplies,1,26.38,26.38,9.97,4.28,12.13
CA-2017-168193,2017-Q1,East,Furniture,3,23.99,71.97,38.79,16.63,16.55
CA-2016-115476,2016-Q1,East,Technology,2,64.99,129.98,47.31,20.28,62.39
CA-2016-115476,2016-Q1,East,Office Supplies,2,16.27,32.54,11.62,4.98,15.94
CA-2016-133340,2016-Q4,Central,Technology,1,10.9,10.9,5.5,2.35,3.05
CA-2016-133340,2016-Q4,Central,Technology,2,29.99,59.98,24.35,10.44,25.19
CA-2016-133340,2016-Q4,Central,Office Supplies,1,61.93,61.93,26.97,11.56,23.4
CA-2016-137848,2016-Q1,East,Office Supplies,4,4.13,16.52,6.24,2.68,7.6
CA-2016-137848,2016-Q1,East,Office Supplies,9,6.68,60.12,21.88,9.38,28.86
CA-2016-137848,2016-Q1,East,Office Supplies,3,16.51,49.54,22.54,9.66,17.34
CA-2014-113047,2014-Q4,South,Office Supplies,3,3.95,11.85,5.64,2.42,3.79
CA-2016-149979,2016-Q3,South,Office Supplies,5,23.65,118.25,58.77,25.19,34.29
CA-2016-149979,2016-Q3,South,Furniture,3,122.99,368.97,201.46,86.34,81.17
CA-2017-161956,2017-Q3,West,Furniture,2,99.23,198.46,69.46,29.77,99.23
CA-2017-161956,2017-Q3,West,Office Supplies,4,80.48,321.92,157.74,67.6,96.58
CA-2017-161956,2017-Q3,West,Technology,2,439.99,879.98,384.99,165.0,329.99
CA-2017-161956,2017-Q3,West,Office Supplies,5,5.68,28.4,14.11,6.05,8.24
CA-2017-161956,2017-Q3,West,Furniture,3,76.76,230.28,145.07,62.18,23.03
CA-2017-161956,2017-Q3,West,Office Supplies,3,38.76,116.28,41.51,17.79,56.98
CA-2017-161956,2017-Q3,West,Office Supplies,2,420.78,841.57,382.91,164.11,294.55
CA-2017-161956,2017-Q3,West,Office Supplies,5,70.98,354.9,236.01,101.15,17.74
CA-2016-116799,2016-Q1,Central,Office Supplies,7,6.11,42.78,19.09,8.18,15.51
CA-2016-116799,2016-Q1,Central,Furniture,5,112.69,563.43,433.84,185.93,-56.34
CA-2016-111283,2016-Q1,East,Office Supplies,7,15.87,111.1,71.94,30.83,8.33
CA-2015-167745,2015-Q3,West,Office Supplies,2,5.84,11.68,4.33,1.86,5.49
CA-2015-167745,2015-Q3,West,Office Supplies,2,8.45,16.9,8.28,3.55,5.07
CA-2015-167745,2015-Q3,West,Furniture,2,12.2,24.4,9.9,4.25,10.25
CA-2017-104577,2017-Q2,East,Office Supplies,5,17.52,87.6,31.88,13.67,42.05
CA-2016-156251,2016-Q3,Central,Furniture,2,120.98,241.96,152.43,65.33,24.2
CA-2016-156251,2016-Q3,Central,Office Supplies,3,2.84,8.52,3.04,1.31,4.17
CA-2017-125878,2017-Q1,Central,Office Supplies,3,0.6,1.79,3.38,1.45,-3.04
CA-2016-163153,2016-Q1,Central,Furniture,2,49.68,99.37,70.55,30.24,-1.42
CA-2016-163153,2016-Q1,Central,Office Supplies,1,1.34,1.34,0.59,0.25,0.5
CA-2015-103205,2015-Q4,Central,Technology,5,23.99,119.96,75.57,32.39,12.0
CA-2014-153913,2014-Q4,South,Furniture,9,112.65,1013.83,638.72,273.73,101.38
CA-2014-153913,2014-Q4,South,Office Supplies,2,0.99,1.98,0.92,0.39,0.67
CA-2016-155530,2016-Q4,West,Furniture,6,333.92,2003.52,1630.36,698.73,-325.57
US-2016-101196,2016-Q2,East,Office Supplies,2,41.18,82.37,71.35,30.58,-19.56
CA-2014-115357,2014-Q3,South,Technology,3,20.97,62.91,28.18,12.08,22.65
US-2014-102715,2014-Q2,South,Office Supplies,3,2.3,6.91,3.21,1.37,2.33
US-2014-102715,2014-Q2,South,Technology,3,127.99,383.98,211.67,90.72,81.59
US-2014-102715,2014-Q2,South,Office Supplies,2,5.18,10.37,4.72,2.02,3.63
US-2014-102715,2014-Q2,South,Technology,7,47.99,335.94,205.76,88.19,41.99
CA-2015-107937,2015-Q2,West,Furniture,6,110.98,665.88,391.54,167.8,106.54
US-2017-148768,2017-Q4,South,Technology,3,23.99,71.98,44.09,18.89,9.0
CA-2017-118521,2017-Q1,East,Office Supplies,2,18.97,37.94,13.81,5.92,18.21
CA-2014-149643,2014-Q4,Central,Technology,2,136.98,273.96,184.1,78.9,10.96
CA-2015-135314,2015-Q3,East,Technology,3,89.99,269.98,160.64,68.84,40.5
CA-2017-165204,2017-Q4,South,Office Supplies,3,2.97,8.9,3.89,1.67,3.34
CA-2017-165204,2017-Q4,South,Office Supplies,4,180.02,720.06,548.15,234.92,-63.01
CA-2017-125752,2017-Q3,South,Technology,2,20.71,41.42,23.2,9.94,8.28
CA-2017-112487,2017-Q4,East,Office Supplies,2,1.56,3.13,4.02,1.72,-2.61
CA-2016-144218,2016-Q4,West,Office Supplies,7,155.06,1085.42,562.25,240.96,282.21
CA-2016-169971,2016-Q3,Central,Office Supplies,1,3.91,3.91,2.02,0.86,1.03
CA-2016-169971,2016-Q3,Central,Office Supplies,3,20.79,62.38,38.75,16.61,7.02
US-2016-133508,2016-Q2,Central,Office Supplies,5,5.81,29.05,14.03,6.01,9.01
CA-2014-107139,2014-Q3,West,Office Supplies,6,30.16,180.96,79.17,33.93,67.86
CA-2015-111325,2015-Q1,East,Office Supplies,3,1.47,4.42,5.47,2.34,-3.39
CA-2015-111325,2015-Q1,East,Office Supplies,6,2.67,16.03,9.68,4.15,2.2
CA-2015-163762,2015-Q4,East,Office Supplies,3,9.93,29.79,12.1,5.18,12.51
US-2014-117163,2014-Q1,West,Office Supplies,1,57.23,57.23,30.04,12.88,14.31
US-2014-117163,2014-Q1,West,Furniture,3,111.0,333.0,244.75,104.9,-16.65
US-2014-117163,2014-Q1,West,Office Supplies,4,9.11,36.44,17.09,7.32,12.03
CA-2017-121314,2017-Q3,South,Office Supplies,3,83.88,251.64,114.5,49.07,88.07
CA-2017-147760,2017-Q4,South,Furniture,3,174.59,523.76,501.07,214.74,-192.05
CA-2017-147760,2017-Q4,South,Technology,5,271.99,1359.96,868.67,372.29,119.0
CA-2016-156503,2016-Q4,South,Furniture,1,102.59,102.59,64.63,27.7,10.26
CA-2016-156503,2016-Q4,South,Technology,1,22.7,22.7,11.72,5.02,5.96
CA-2016-156503,2016-Q4,South,Office Supplies,3,31.01,93.02,41.51,17.79,33.72
CA-2016-156503,2016-Q4,South,Office Supplies,2,6.38,12.77,7.93,3.4,1.44
CA-2016-156503,2016-Q4,South,Office Supplies,4,8.75,35.01,15.32,6.56,13.13
CA-2016-156503,2016-Q4,South,Office Supplies,1,39.15,39.15,17.13,7.34,14.68
CA-2015-113628,2015-Q4,South,Office Supplies,5,2.35,11.76,7.31,3.13,1.32
CA-2015-113628,2015-Q4,South,Office Supplies,2,2.62,5.24,6.48,2.78,-4.02
CA-2015-113628,2015-Q4,South,Office Supplies,3,1.55,4.66,5.87,2.52,-3.73
CA-2015-113628,2015-Q4,South,Furniture,5,104.78,523.92,417.17,178.79,-72.04
CA-2015-113628,2015-Q4,South,Technology,1,100.79,100.79,63.5,27.21,10.08
CA-2015-113628,2015-Q4,South,Furniture,3,48.71,146.14,90.79,38.91,16.44
CA-2017-147753,2017-Q1,Central,Office Supplies,2,12.53,25.06,9.3,3.98,11.78
CA-2015-103961,2015-Q4,Central,Office Supplies,6,3.3,19.82,9.37,4.01,6.44
CA-2016-152471,2016-Q3,South,Technology,5,164.79,823.96,540.72,231.74,51.5
CA-2016-152471,2016-Q3,South,Office Supplies,2,7.99,15.98,7.69,3.29,5.0
CA-2015-102582,2015-Q3,South,Furniture,2,400.98,801.96,421.03,180.44,200.49
CA-2015-102582,2015-Q3,South,Technology,3,19.99,59.97,41.98,17.99,0.0
CA-2015-102582,2015-Q3,South,Furniture,7,150.98,1056.86,525.26,225.11,306.49
CA-2017-141873,2017-Q4,East,Office Supplies,3,4.27,12.82,5.94,2.55,4.33
CA-2017-141873,2017-Q4,East,Furniture,3,104.78,314.35,231.05,99.02,-15.72
CA-2017-141873,2017-Q4,East,Office Supplies,2,9.49,18.98,7.04,3.02,8.92
CA-2017-141873,2017-Q4,East,Office Supplies,6,3.04,18.24,8.46,3.62,6.16
CA-2015-140984,2015-Q3,East,Office Supplies,6,165.2,991.2,513.44,220.05,257.71
CA-2015-140984,2015-Q3,East,Technology,2,439.99,879.98,384.99,165.0,329.99
CA-2015-140984,2015-Q3,East,Office Supplies,9,1.44,12.96,5.89,2.53,4.54
CA-2014-132801,2014-Q4,Central,Office Supplies,10,10.74,107.44,67.69,29.01,10.74
CA-2017-141733,2017-Q2,Central,Furniture,5,291.73,1458.65,724.95,310.69,423.01
CA-2017-141733,2017-Q2,Central,Furniture,1,26.64,26.64,13.43,5.75,7.46
CA-2017-141733,2017-Q2,Central,Furniture,2,238.4,476.8,250.32,107.28,119.2
CA-2017-141733,2017-Q2,Central,Office Supplies,2,43.72,87.44,48.29,20.69,18.46
US-2015-111927,2015-Q4,East,Furniture,3,25.38,76.14,34.64,14.85,26.65
US-2015-111927,2015-Q4,East,Office Supplies,2,9.98,19.96,7.41,3.17,9.38
CA-2014-105984,2014-Q4,East,Technology,5,209.99,1049.97,881.97,377.99,-209.99
CA-2014-105984,2014-Q4,East,Furniture,3,203.69,611.06,452.19,193.79,-34.92
CA-2014-100363,2014-Q2,West,Office Supplies,2,1.18,2.37,1.08,0.46,0.83
CA-2014-100363,2014-Q2,West,Office Supplies,3,6.34,19.01,8.48,3.64,6.89
CA-2014-126760,2014-Q3,West,Technology,2,455.99,911.98,558.59,239.39,114.0
CA-2014-126760,2014-Q3,West,Furniture,3,224.78,674.35,548.75,235.18,-109.58
CA-2014-126760,2014-Q3,West,Furniture,9,14.89,134.01,68.48,29.35,36.18
CA-2014-126760,2014-Q3,West,Technology,3,56.99,170.97,70.61,30.26,70.1
US-2014-109162,2014-Q2,South,Furniture,3,56.78,170.35,111.79,47.91,10.65
CA-2014-101931,2014-Q4,West,Office Supplies,2,3.59,7.18,3.46,1.48,2.24
CA-2014-101931,2014-Q4,West,Office Supplies,2,3.14,6.28,4.35,1.87,0.06
CA-2014-101931,2014-Q4,West,Office Supplies,2,240.37,480.74,326.42,139.9,14.42
CA-2014-101931,2014-Q4,West,Furniture,6,102.83,617.0,457.3,195.99,-36.29
CA-2014-101931,2014-Q4,West,Office Supplies,5,28.28,141.4,72.25,30.97,38.18
CA-2017-129000,2017-Q4,Central,Office Supplies,3,167.27,501.81,351.27,150.54,0.0
CA-2017-161053,2017-Q3,South,Office Supplies,4,172.99,691.96,261.56,112.1,318.3
CA-2017-161053,2017-Q3,South,Technology,5,6.99,34.95,13.7,5.87,15.38
CA-2015-142377,2015-Q4,Central,Office Supplies,7,12.28,85.96,31.89,13.67,40.4
CA-2015-127593,2015-Q3,East,Furniture,2,42.65,85.3,49.56,21.24,14.5
CA-2017-130526,2017-Q4,Central,Office Supplies,8,4.2,33.57,61.1,26.18,-53.71
US-2017-131849,2017-Q2,West,Furniture,1,4.95,4.95,1.94,0.83,2.18
US-2017-131849,2017-Q2,West,Office Supplies,5,5.28,26.4,18.48,7.92,0.0
US-2017-105389,2017-Q4,Central,Office Supplies,3,1.19,3.56,6.86,2.94,-6.24
US-2017-105389,2017-Q4,Central,Technology,5,164.79,823.96,540.72,231.74,51.5
US-2017-105389,2017-Q4,Central,Office Supplies,3,3.42,10.27,6.56,2.81,0.9
CA-2014-140816,2014-Q4,West,Technology,7,63.99,447.94,250.84,107.51,89.59
CA-2017-154039,2017-Q1,Central,Furniture,3,160.32,480.96,525.21,225.09,-269.34
CA-2017-154039,2017-Q1,Central,Technology,1,124.79,124.79,79.71,34.16,10.92
CA-2014-135755,2014-Q2,East,Office Supplies,3,13.39,40.18,17.93,7.69,14.56
CA-2014-135755,2014-Q2,East,Office Supplies,3,3.63,10.9,4.87,2.08,3.95
CA-2017-123246,2017-Q4,West,Office Supplies,4,2.66,10.64,5.51,2.36,2.77
CA-2015-157133,2015-Q4,Central,Furniture,5,30.39,151.96,234.02,100.29,-182.35
CA-2014-124709,2014-Q3,West,Technology,2,119.0,238.0,139.94,59.98,38.08
CA-2017-146360,2017-Q2,Central,Technology,6,25.89,155.34,69.59,29.83,55.92
CA-2015-132486,2015-Q4,West,Technology,9,16.48,148.32,59.18,25.36,63.78
CA-2015-132486,2015-Q4,West,Furniture,1,240.78,240.78,149.58,64.11,27.09
CA-2015-132486,2015-Q4,West,Furniture,7,27.42,191.97,122.62,52.55,16.8
CA-2015-132486,2015-Q4,West,Office Supplies,2,5.78,11.56,4.13,1.77,5.66
CA-2015-132486,2015-Q4,West,Office Supplies,4,2.95,11.8,4.3,1.84,5.66
CA-2015-132486,2015-Q4,West,Furniture,3,280.78,842.35,560.16,240.07,42.12
CA-2016-136231,2016-Q3,South,Office Supplies,3,7.82,23.47,11.09,4.75,7.63
CA-2016-136231,2016-Q3,South,Office Supplies,7,12.29,86.06,104.42,44.75,-63.11
CA-2016-136231,2016-Q3,South,Technology,2,54.39,108.78,71.39,30.59,6.8
CA-2016-136231,2016-Q3,South,Office Supplies,3,3.42,10.27,4.94,2.12,3.21
CA-2016-140641,2016-Q4,South,Office Supplies,5,7.64,38.19,45.44,19.48,-26.73
CA-2014-151001,2014-Q2,Central,Office Supplies,4,12.41,49.63,32.14,13.77,3.72
CA-2014-151001,2014-Q2,Central,Office Supplies,4,13.02,52.1,33.73,14.46,3.91
CA-2015-129896,2015-Q2,West,Office Supplies,2,4.78,9.57,4.61,1.97,2.99
CA-2015-129896,2015-Q2,West,Office Supplies,2,41.18,82.37,71.35,30.58,-19.56
CA-2015-129896,2015-Q2,West,Furniture,6,60.78,364.7,280.82,120.35,-36.47
CA-2015-129896,2015-Q2,West,Furniture,4,10.06,40.26,20.43,8.76,11.07
CA-2014-152849,2014-Q3,South,Office Supplies,3,1.46,4.37,2.79,1.2,0.38
US-2017-127341,2017-Q1,Central,Office Supplies,4,3.03,12.13,22.92,9.83,-20.62
CA-2016-167759,2016-Q1,Central,Technology,3,44.95,134.85,67.96,29.13,37.76
CA-2014-100895,2014-Q2,South,Office Supplies,2,4.28,8.56,4.14,1.77,2.65
CA-2014-100895,2014-Q2,South,Technology,3,79.99,239.97,120.95,51.83,67.19
CA-2014-100895,2014-Q2,South,Office Supplies,2,178.47,356.94,174.9,74.96,107.08
US-2016-163881,2016-Q4,West,Technology,2,329.95,659.9,309.49,132.64,217.77
US-2016-163881,2016-Q4,West,Furniture,6,280.79,1684.75,1031.91,442.25,210.59
US-2016-163881,2016-Q4,West,Technology,8,69.99,559.92,258.68,110.87,190.37
US-2016-144547,2016-Q4,Central,Technology,7,39.99,279.94,161.66,69.29,48.99
US-2014-112200,2014-Q4,Central,Office Supplies,5,2.0,9.98,18.51,7.94,-16.47
CA-2017-110212,2017-Q2,South,Technology,5,9.78,48.9,21.57,9.24,18.09
CA-2017-134285,2017-Q4,Central,Office Supplies,3,1.18,3.55,1.62,0.69,1.24
CA-2017-134285,2017-Q4,Central,Office Supplies,3,5.18,15.55,7.08,3.03,5.44
CA-2017-102267,2017-Q4,Central,Office Supplies,2,1.18,2.37,1.08,0.46,0.83
CA-2017-157980,2017-Q4,East,Technology,2,63.99,127.98,71.67,30.71,25.6
CA-2015-121097,2015-Q1,Central,Office Supplies,2,5.18,10.37,4.72,2.02,3.63
CA-2015-151043,2015-Q4,East,Technology,2,23.99,47.98,34.43,14.75,-1.2
US-2015-119312,2015-Q4,West,Office Supplies,14,19.31,270.34,136.25,58.39,75.7
CA-2015-167010,2015-Q2,East,Office Supplies,7,14.02,98.11,55.8,23.91,18.4
CA-2015-167010,2015-Q2,East,Office Supplies,4,140.95,563.81,379.87,162.8,21.14
CA-2015-167010,2015-Q2,East,Office Supplies,4,2.61,10.43,12.17,5.21,-6.95
CA-2015-167010,2015-Q2,East,Furniture,4,136.78,547.14,430.87,184.66,-68.39
CA-2015-167010,2015-Q2,East,Technology,5,2.97,14.85,12.65,5.42,-3.22
CA-2015-167010,2015-Q2,East,Technology,2,21.0,41.99,36.25,15.54,-9.8
CA-2015-167010,2015-Q2,East,Furniture,1,7.58,7.58,3.65,1.56,2.37
CA-2015-167010,2015-Q2,East,Furniture,5,70.49,352.45,394.74,169.18,-211.47
CA-2017-126788,2017-Q2,Central,Technology,3,156.79,470.38,292.22,125.24,52.92
CA-2017-148068,2017-Q3,East,Office Supplies,3,6.48,19.44,7.08,3.03,9.33
CA-2017-148068,2017-Q3,East,Furniture,2,4.91,9.82,4.61,1.97,3.24
US-2017-142573,2017-Q3,West,Furniture,5,160.32,801.6,875.35,375.15,-448.9
US-2017-142573,2017-Q3,West,Furniture,2,80.78,161.57,106.03,45.44,10.1
US-2017-142573,2017-Q3,West,Office Supplies,2,8.05,16.1,7.61,3.26,5.23
US-2017-142573,2017-Q3,West,Office Supplies,4,1.92,7.66,9.65,4.13,-6.12
US-2017-142573,2017-Q3,West,Furniture,3,103.99,311.98,248.42,106.46,-42.9
US-2015-148817,2015-Q4,South,Office Supplies,4,15.42,61.68,31.52,13.51,16.65
US-2015-148817,2015-Q4,South,Office Supplies,4,15.99,63.96,23.28,9.98,30.7
CA-2016-110044,2016-Q2,Central,Technology,3,119.99,359.98,226.79,97.19,36.0
CA-2017-146920,2017-Q3,Central,Office Supplies,6,4.22,25.34,12.19,5.23,7.92
CA-2017-146920,2017-Q3,Central,Office Supplies,5,5.34,26.72,12.16,5.21,9.35
CA-2014-103940,2014-Q3,West,Office Supplies,2,15.14,30.28,20.35,8.72,1.21
CA-2014-103940,2014-Q3,West,Office Supplies,3,19.31,57.93,29.2,12.51,16.22
CA-2014-103940,2014-Q3,West,Furniture,2,17.67,35.34,15.34,6.57,13.43
CA-2014-103940,2014-Q3,West,Office Supplies,5,27.45,137.24,63.64,27.28,46.32
CA-2016-162082,2016-Q1,Central,Furniture,5,48.27,241.33,178.87,76.66,-14.2
CA-2016-162082,2016-Q1,Central,Office Supplies,1,5.18,5.18,2.31,0.99,1.88
CA-2016-162082,2016-Q1,Central,Office Supplies,7,20.79,145.54,90.42,38.75,16.37
CA-2016-132094,2016-Q3,East,Office Supplies,3,1.82,5.47,2.68,1.15,1.64
CA-2016-132094,2016-Q3,East,Technology,2,23.99,47.98,24.35,10.43,13.2
CA-2017-123001,2017-Q3,West,Office Supplies,5,1.88,9.4,4.67,2.0,2.73
CA-2017-123001,2017-Q3,West,Office Supplies,5,14.8,74.0,25.9,11.1,37.0
CA-2017-123001,2017-Q3,West,Technology,2,100.79,201.58,132.29,56.69,12.6
CA-2015-118955,2015-Q2,Central,Office Supplies,3,9.58,28.75,13.59,5.82,9.34
CA-2015-118955,2015-Q2,Central,Office Supplies,3,9.07,27.22,12.14,5.21,9.87
CA-2015-118955,2015-Q2,Central,Furniture,2,98.68,197.37,155.92,66.83,-25.38
US-2016-143448,2016-Q4,Central,Furniture,5,284.98,1424.9,748.08,320.6,356.22
CA-2017-117863,2017-Q2,East,Furniture,2,7.28,14.56,5.81,2.49,6.26
CA-2017-117863,2017-Q2,East,Office Supplies,1,3.05,3.05,1.41,0.61,1.03
CA-2017-160458,2017-Q2,South,Office Supplies,5,5.18,25.92,11.79,5.06,9.07
US-2016-142685,2016-Q2,East,Office Supplies,7,119.31,835.17,572.93,245.54,16.7
CA-2016-133144,2016-Q2,West,Office Supplies,3,5.78,17.34,6.19,2.65,8.5
CA-2017-167871,2017-Q4,South,Office Supplies,1,44.38,44.38,20.2,8.65,15.53
CA-2017-167871,2017-Q4,South,Office Supplies,1,2.94,2.94,2.52,1.08,-0.66
CA-2016-119963,2016-Q4,Central,Office Supplies,2,3.18,6.37,3.74,1.6,1.03
CA-2016-119963,2016-Q4,Central,Office Supplies,2,24.42,48.85,23.08,9.89,15.88
CA-2016-119963,2016-Q4,Central,Office Supplies,2,9.82,19.65,9.11,3.91,6.63
CA-2016-119963,2016-Q4,Central,Furniture,6,42.52,255.11,191.33,82.0,-18.22
CA-2014-121167,2014-Q4,East,Office Supplies,2,8.62,17.25,7.85,3.36,6.04
US-2016-151862,2016-Q1,West,Technology,2,79.99,159.98,102.19,43.79,14.0
CA-2017-152961,2017-Q1,East,Office Supplies,2,6.35,12.7,4.8,2.06,5.84
CA-2014-133228,2014-Q2,Central,Furniture,1,5.47,5.47,2.18,0.94,2.35
CA-2014-133228,2014-Q2,Central,Office Supplies,4,19.84,79.36,38.88,16.67,23.81
CA-2016-114951,2016-Q2,West,Furniture,3,7.38,22.14,11.0,4.72,6.42
CA-2016-156573,2016-Q2,South,Office Supplies,3,3.76,11.28,13.95,5.98,-8.65
CA-2016-156573,2016-Q2,South,Office Supplies,2,2.22,4.45,2.88,1.24,0.33
CA-2016-156573,2016-Q2,South,Furniture,3,14.92,44.76,21.15,9.06,14.55
CA-2015-113901,2015-Q4,Central,Office Supplies,6,6.38,38.28,14.47,6.2,17.61
CA-2015-113901,2015-Q4,Central,Technology,5,29.99,149.95,73.48,31.49,44.98
CA-2017-134838,2017-Q1,West,Office Supplies,3,4.28,12.84,6.56,2.81,3.47
CA-2017-134838,2017-Q1,West,Furniture,3,14.89,44.67,22.83,9.78,12.06
CA-2016-120257,2016-Q3,East,Office Supplies,3,2.62,7.87,4.89,2.09,0.89
CA-2014-164910,2014-Q4,South,Office Supplies,3,2.62,7.87,4.89,2.09,0.89
CA-2016-149902,2016-Q2,East,Office Supplies,4,22.01,88.04,45.61,19.54,22.89
CA-2016-146010,2016-Q2,West,Office Supplies,7,5.81,40.64,51.2,21.95,-32.51
US-2015-163685,2015-Q2,Central,Office Supplies,8,0.72,5.73,10.42,4.47,-9.16
US-2015-163685,2015-Q2,Central,Office Supplies,10,4.22,42.24,20.33,8.71,13.2
CA-2014-135090,2014-Q4,West,Office Supplies,9,5.98,53.82,20.72,8.88,24.22
CA-2015-132374,2015-Q1,Central,Office Supplies,4,19.84,79.36,41.11,17.62,20.63
CA-2016-167556,2016-Q1,East,Office Supplies,2,6.74,13.48,4.72,2.02,6.74
CA-2016-167556,2016-Q1,East,Office Supplies,5,5.96,29.8,14.34,6.15,9.31
CA-2016-167556,2016-Q1,East,Furniture,8,51.75,414.0,202.86,86.94,124.2
CA-2016-167556,2016-Q1,East,Office Supplies,7,5.9,41.33,18.44,7.91,14.98
US-2016-116400,2016-Q4,South,Furniture,4,9.98,39.92,20.12,8.62,11.18
CA-2017-101308,2017-Q4,West,Office Supplies,3,2.98,8.94,3.38,1.45,4.11
CA-2017-101308,2017-Q4,West,Technology,2,42.39,84.78,73.44,31.48,-20.14
CA-2014-114517,2014-Q4,East,Furniture,2,26.66,53.32,51.01,21.86,-19.55
CA-2014-114517,2014-Q4,East,Office Supplies,3,18.84,56.52,28.48,12.21,15.83
CA-2017-119564,2017-Q4,West,Furniture,3,7.59,22.77,9.09,3.89,9.79
CA-2016-135265,2016-Q3,West,Furniture,4,71.99,287.97,204.1,87.47,-3.6
CA-2016-135265,2016-Q3,West,Technology,5,559.99,2799.96,1298.48,556.49,944.99
CA-2016-135265,2016-Q3,West,Office Supplies,1,48.94,48.94,17.13,7.34,24.47
CA-2016-108735,2016-Q2,West,Furniture,3,85.83,257.5,163.28,69.98,24.24
CA-2017-112333,2017-Q2,East,Office Supplies,4,647.89,2591.56,1378.71,590.88,621.97
CA-2017-112333,2017-Q2,East,Office Supplies,5,8.39,41.95,22.02,9.44,10.49
US-2016-159415,2016-Q2,South,Furniture,5,15.82,79.12,45.69,19.58,13.85
CA-2014-122588,2014-Q4,East,Furniture,2,26.48,52.96,22.99,9.85,20.12
CA-2014-137589,2014-Q4,East,Office Supplies,3,95.45,286.34,245.54,105.23,-64.43
CA-2015-161998,2015-Q2,South,Furniture,3,21.18,63.55,34.47,14.78,14.3
CA-2015-161998,2015-Q2,South,Office Supplies,3,13.79,41.38,25.71,11.02,4.65
CA-2015-161998,2015-Q2,South,Office Supplies,6,28.78,172.7,113.34,48.57,10.79
CA-2015-105627,2015-Q1,Central,Furniture,3,170.98,512.94,290.84,124.64,97.46
CA-2015-105627,2015-Q1,Central,Furniture,7,122.99,860.93,470.07,201.46,189.4
CA-2015-105627,2015-Q1,Central,Technology,5,153.99,769.95,382.66,164.0,223.29
CA-2015-105627,2015-Q1,Central,Office Supplies,1,14.98,14.98,7.34,3.15,4.49
CA-2015-105627,2015-Q1,Central,Furniture,6,62.18,373.08,203.7,87.3,82.08
US-2015-149629,2015-Q3,South,Furniture,5,46.38,231.92,158.28,67.84,5.8
CA-2014-116834,2014-Q4,West,Furniture,11,5.77,63.47,31.1,13.33,19.04
CA-2014-116834,2014-Q4,West,Technology,5,69.0,345.0,200.44,85.91,58.65
CA-2016-145730,2016-Q1,Central,Furniture,3,212.63,637.9,535.84,229.64,-127.58
CA-2016-145730,2016-Q1,Central,Technology,3,95.97,287.91,178.02,76.3,33.59
CA-2016-145730,2016-Q1,Central,Office Supplies,3,12.2,36.6,17.29,7.41,11.9
US-2015-168732,2015-Q4,South,Office Supplies,1,1.78,1.78,0.9,0.38,0.5
US-2015-168732,2015-Q4,South,Office Supplies,4,6.48,25.92,9.44,4.04,12.44
US-2015-168732,2015-Q4,South,Technology,6,16.99,101.94,56.37,24.16,21.41
CA-2015-107468,2015-Q4,West,Office Supplies,2,3.42,6.85,4.38,1.87,0.6
CA-2017-144463,2017-Q1,West,Furniture,11,43.13,474.43,192.62,82.55,199.26
CA-2017-100811,2017-Q4,East,Office Supplies,2,4.22,8.45,4.07,1.74,2.64
CA-2017-100811,2017-Q4,East,Office Supplies,4,9.82,39.3,24.76,10.61,3.93
CA-2015-153612,2015-Q4,Central,Office Supplies,4,4.28,17.12,8.51,3.65,4.96
CA-2015-165624,2015-Q3,South,Office Supplies,3,180.98,542.94,273.64,117.28,152.02
CA-2015-165624,2015-Q3,South,Office Supplies,3,2.88,8.64,3.09,1.32,4.23
CA-2015-165624,2015-Q3,South,Office Supplies,5,38.76,193.8,69.19,29.65,94.96
CA-2015-165624,2015-Q3,South,Office Supplies,5,4.28,21.4,8.24,3.53,9.63
CA-2015-165624,2015-Q3,South,Office Supplies,2,48.94,97.88,34.26,14.68,48.94
CA-2015-165624,2015-Q3,South,Technology,9,27.99,251.91,142.84,61.21,47.86
CA-2015-165624,2015-Q3,South,Office Supplies,3,8.62,25.86,13.4,5.74,6.72
CA-2014-154963,2014-Q2,East,Furniture,3,56.69,170.06,122.44,52.48,-4.86
CA-2014-154963,2014-Q2,East,Technology,3,27.59,82.78,68.57,29.39,-15.18
CA-2014-154963,2014-Q2,East,Furniture,5,170.79,853.93,597.75,256.18,0.0
CA-2017-130764,2017-Q4,West,Furniture,5,111.33,556.66,385.08,165.03,6.55
CA-2017-130764,2017-Q4,West,Technology,4,23.96,95.84,42.77,18.33,34.74
CA-2017-139311,2017-Q3,Central,Office Supplies,4,7.42,29.66,13.75,5.9,10.01
CA-2017-139311,2017-Q3,Central,Office Supplies,7,1.31,9.18,4.42,1.89,2.87
CA-2017-139311,2017-Q3,Central,Technology,2,76.79,153.58,98.1,42.04,13.44
CA-2017-139311,2017-Q3,Central,Office Supplies,8,1.61,12.86,24.76,10.61,-22.51
CA-2017-124296,2017-Q4,South,Technology,3,159.99,479.97,167.99,72.0,239.98
CA-2017-124296,2017-Q4,South,Furniture,4,58.22,232.88,120.63,51.7,60.55
CA-2016-169957,2016-Q3,West,Office Supplies,6,39.48,236.88,119.39,51.16,66.33
CA-2016-169957,2016-Q3,West,Office Supplies,5,5.98,29.9,10.67,4.58,14.65
CA-2016-169957,2016-Q3,West,Technology,4,25.0,100.0,55.3,23.7,21.0
US-2016-108777,2016-Q4,East,Office Supplies,3,6.23,18.69,23.11,9.91,-14.33
US-2016-108777,2016-Q4,East,Technology,6,63.99,383.95,215.01,92.15,76.79
CA-2015-148859,2015-Q4,Central,Office Supplies,2,12.41,24.82,16.29,6.98,1.55
CA-2014-110786,2014-Q4,West,Furniture,5,4.98,24.9,11.68,5.0,8.22
CA-2014-110786,2014-Q4,West,Office Supplies,4,5.28,21.12,8.13,3.49,9.5
CA-2014-110786,2014-Q4,West,Technology,6,127.99,767.95,335.98,143.99,287.98
CA-2014-110786,2014-Q4,West,Office Supplies,3,4.78,14.35,6.78,2.91,4.66
CA-2014-110786,2014-Q4,West,Technology,3,63.99,191.98,120.95,51.83,19.2
CA-2014-110786,2014-Q4,West,Office Supplies,9,30.53,274.77,103.87,44.51,126.39
CA-2014-110786,2014-Q4,West,Furniture,6,11.76,70.56,32.6,13.97,23.99
CA-2015-137750,2015-Q2,West,Furniture,5,40.97,204.85,103.24,44.25,57.36
CA-2015-136378,2015-Q2,Central,Office Supplies,3,3.05,9.16,16.02,6.87,-13.73
CA-2017-100356,2017-Q4,Central,Office Supplies,2,12.0,23.99,60.46,25.91,-62.38
US-2015-166520,2015-Q3,East,Office Supplies,3,26.96,80.88,28.87,12.38,39.63
US-2015-166520,2015-Q3,East,Technology,10,59.99,599.9,285.55,122.38,191.97
CA-2017-136350,2017-Q2,East,Furniture,3,92.23,276.69,158.82,68.07,49.8
CA-2017-136350,2017-Q2,East,Furniture,2,86.38,172.76,98.09,42.04,32.63
CA-2014-122931,2014-Q3,East,Office Supplies,3,1.41,4.22,1.92,0.82,1.48
CA-2014-122931,2014-Q3,East,Furniture,2,204.64,409.27,343.78,147.34,-81.85
CA-2014-122931,2014-Q3,East,Office Supplies,11,5.04,55.44,26.19,11.23,18.02
CA-2014-122931,2014-Q3,East,Office Supplies,4,5.23,20.93,9.89,4.24,6.8
CA-2014-122931,2014-Q3,East,Office Supplies,6,300.27,1801.63,1497.61,641.83,-337.81
CA-2014-122931,2014-Q3,East,Furniture,1,67.18,67.18,61.13,26.2,-20.15
CA-2014-163034,2014-Q4,Central,Office Supplies,5,129.24,646.2,458.0,196.28,-8.08
CA-2015-124058,2015-Q4,West,Technology,7,10.39,72.74,61.74,26.46,-15.46
CA-2015-124058,2015-Q4,West,Furniture,3,190.72,572.16,375.48,160.92,35.76
CA-2016-129196,2016-Q4,Central,Technology,3,22.7,68.11,35.16,15.07,17.88
US-2015-138716,2015-Q3,West,Office Supplies,3,8.34,25.03,12.05,5.16,7.82
US-2016-122182,2016-Q1,East,Technology,1,39.99,39.99,22.74,9.75,7.5
US-2014-130358,2014-Q2,South,Office Supplies,9,2.22,20.02,12.79,5.48,1.75
US-2014-130358,2014-Q2,South,Office Supplies,1,3.1,3.1,1.92,0.83,0.35
CA-2014-102673,2014-Q4,South,Office Supplies,5,1.5,7.52,4.28,1.83,1.41
CA-2014-102673,2014-Q4,South,Office Supplies,3,3.42,10.27,6.56,2.81,0.9
CA-2014-102673,2014-Q4,South,Office Supplies,12,3.98,47.81,22.59,9.68,15.54
CA-2014-102673,2014-Q4,South,Technology,9,108.76,978.84,608.1,260.62,110.12
CA-2016-145303,2016-Q3,Central,Office Supplies,9,1.46,13.14,24.37,10.45,-21.68
CA-2016-145303,2016-Q3,Central,Office Supplies,4,2.5,10.02,18.59,7.97,-16.54
CA-2016-145303,2016-Q3,Central,Furniture,2,78.18,156.37,146.48,62.78,-52.89
CA-2015-156104,2015-Q4,Central,Technology,2,499.99,999.98,384.99,165.0,449.99
US-2015-164308,2015-Q3,Central,Technology,6,136.99,821.94,425.77,182.47,213.7
CA-2017-108112,2017-Q4,South,Furniture,4,55.02,220.06,115.53,49.51,55.02
CA-2017-108112,2017-Q4,South,Furniture,4,84.78,339.14,237.4,101.74,0.0
CA-2015-100685,2015-Q4,Central,Office Supplies,2,3.52,7.04,2.61,1.12,3.31
CA-2015-100685,2015-Q4,Central,Office Supplies,4,1.26,5.04,3.39,1.45,0.2
CA-2015-100685,2015-Q4,Central,Office Supplies,3,38.76,116.28,41.51,17.79,56.98
CA-2015-165414,2015-Q4,South,Technology,3,15.99,47.98,30.23,12.95,4.8
CA-2016-140417,2016-Q3,West,Office Supplies,9,6.67,60.05,26.27,11.26,22.52
CA-2016-140417,2016-Q3,West,Office Supplies,1,5.02,5.02,5.98,2.56,-3.52
US-2017-151316,2017-Q2,Central,Office Supplies,3,61.0,182.99,352.26,150.97,-320.24
US-2017-151316,2017-Q2,Central,Office Supplies,3,3.42,10.27,4.94,2.12,3.21
CA-2017-163692,2017-Q3,West,Office Supplies,3,2.62,7.86,9.72,4.16,-6.02
CA-2016-111913,2016-Q3,West,Technology,2,151.19,302.38,190.5,81.64,30.24
CA-2016-111913,2016-Q3,West,Office Supplies,3,6.98,20.95,9.72,4.16,7.07
CA-2016-111913,2016-Q3,West,Office Supplies,3,3.93,11.78,5.46,2.34,3.98
US-2014-156559,2014-Q3,South,Furniture,9,70.98,638.82,326.44,139.9,172.48
CA-2016-161473,2016-Q2,East,Office Supplies,2,10.35,20.7,7.53,3.23,9.94
CA-2016-161473,2016-Q2,East,Office Supplies,3,3.65,10.95,5.37,2.3,3.28
CA-2016-161473,2016-Q2,East,Office Supplies,3,4.78,14.35,6.78,2.91,4.66
CA-2017-166576,2017-Q2,East,Office Supplies,2,110.51,221.02,193.4,82.88,-55.26
CA-2015-102491,2015-Q3,South,Technology,7,440.0,3080.0,1164.24,498.96,1416.8
CA-2015-102491,2015-Q3,South,Technology,4,19.99,79.96,43.1,18.47,18.39
CA-2015-102491,2015-Q3,South,Technology,3,195.99,587.97,292.22,125.24,170.51
CA-2014-116904,2014-Q3,Central,Office Supplies,5,6.48,32.4,11.79,5.06,15.55
CA-2014-116904,2014-Q3,Central,Office Supplies,5,80.98,404.9,272.09,116.61,16.2
CA-2014-116904,2014-Q3,Central,Office Supplies,5,1889.99,9449.95,3373.63,1445.84,4630.48
CA-2014-116904,2014-Q3,Central,Office Supplies,2,6.47,12.94,4.53,1.94,6.47
US-2017-102288,2017-Q2,Central,Office Supplies,1,2.26,2.26,5.23,2.24,-5.21
US-2017-102288,2017-Q2,Central,Office Supplies,1,0.44,0.44,1.08,0.47,-1.11
US-2017-102288,2017-Q2,Central,Office Supplies,8,18.27,146.18,69.07,29.6,47.51
CA-2017-137456,2017-Q4,Central,Furniture,2,7.96,15.92,6.24,2.68,7.0
US-2017-155999,2017-Q3,West,Technology,5,31.99,159.96,99.37,42.59,18.0
US-2017-155999,2017-Q3,West,Office Supplies,2,6.88,13.76,6.38,2.74,4.64
US-2016-148334,2016-Q3,Central,Office Supplies,2,2.15,4.31,7.85,3.36,-6.9
CA-2015-105599,2015-Q3,East,Office Supplies,2,6.98,13.96,9.58,4.1,0.28
CA-2015-105599,2015-Q3,East,Furniture,3,9.14,27.41,29.1,12.47,-14.16
CA-2015-153717,2015-Q4,Central,Technology,2,36.99,73.98,37.81,16.2,19.97
CA-2015-153717,2015-Q4,Central,Furniture,1,160.98,160.98,98.03,42.02,20.93
CA-2015-153717,2015-Q4,Central,Office Supplies,3,5.78,17.34,6.19,2.65,8.5
CA-2015-153717,2015-Q4,Central,Office Supplies,1,3.28,3.28,1.63,0.7,0.95
CA-2015-116687,2015-Q2,Central,Office Supplies,3,2.95,8.86,4.11,1.76,2.99
CA-2015-116687,2015-Q2,Central,Technology,3,52.79,158.38,101.16,43.36,13.86
CA-2016-163573,2016-Q4,West,Office Supplies,5,243.99,1219.96,587.1,251.62,381.24
CA-2015-153416,2015-Q4,West,Office Supplies,2,1.58,3.17,1.53,0.65,0.99
CA-2015-153416,2015-Q4,West,Office Supplies,3,6.48,19.44,7.08,3.03,9.33
CA-2015-153416,2015-Q4,West,Office Supplies,7,64.98,454.86,280.2,120.08,54.58
CA-2015-153416,2015-Q4,West,Office Supplies,8,11.42,91.39,43.18,18.51,29.7
CA-2017-117394,2017-Q3,East,Technology,4,4.76,19.04,14.33,6.14,-1.43
CA-2017-133823,2017-Q2,West,Office Supplies,6,6.24,37.44,14.41,6.18,16.85
CA-2017-133823,2017-Q2,West,Office Supplies,3,12.53,37.59,13.94,5.98,17.67
CA-2017-133823,2017-Q2,West,Office Supplies,2,13.02,26.03,11.61,4.98,9.44
CA-2014-127523,2014-Q2,East,Office Supplies,3,11.97,35.91,18.35,7.86,9.7
CA-2017-123239,2017-Q3,South,Furniture,3,30.34,91.03,65.32,27.99,-2.28
CA-2017-156769,2017-Q2,South,Office Supplies,6,9.11,54.66,25.63,10.99,18.04
CA-2014-127299,2014-Q3,South,Office Supplies,6,11.22,67.34,41.83,17.93,7.58
CA-2014-127299,2014-Q3,South,Technology,3,874.99,2624.98,2498.98,1070.99,-944.99
CA-2015-121272,2015-Q1,West,Office Supplies,4,18.32,73.28,36.42,15.61,21.25
CA-2014-115336,2014-Q4,Central,Office Supplies,5,2.9,14.48,26.86,11.51,-23.89
CA-2015-111703,2015-Q3,South,Office Supplies,3,3.98,11.95,5.54,2.38,4.03
CA-2015-111703,2015-Q3,South,Office Supplies,3,5.18,15.55,6.94,2.97,5.64
CA-2014-128839,2014-Q3,South,Office Supplies,9,5.0,45.0,16.38,7.02,21.6
CA-2014-128839,2014-Q3,South,Technology,3,69.99,209.97,83.78,35.9,90.29
CA-2017-105914,2017-Q4,West,Office Supplies,5,22.42,112.12,49.06,21.02,42.04
CA-2017-105914,2017-Q4,West,Office Supplies,7,225.02,1575.14,959.26,411.11,204.77
CA-2017-110926,2017-Q4,South,Office Supplies,7,3.58,25.06,8.77,3.76,12.53
CA-2016-117226,2016-Q4,Central,Office Supplies,6,1.15,6.92,12.12,5.19,-10.39
CA-2017-127313,2017-Q4,East,Office Supplies,3,12.46,37.39,24.53,10.52,2.34
CA-2017-127313,2017-Q4,East,Furniture,5,15.82,79.12,45.69,19.58,13.85
CA-2016-136287,2016-Q2,Central,Office Supplies,3,6.3,18.9,7.15,3.06,8.69
US-2014-107699,2014-Q2,Central,Office Supplies,9,6.38,57.42,21.71,9.3,26.41
CA-2017-112725,2017-Q1,West,Office Supplies,7,1.82,12.74,4.91,2.1,5.73
CA-2017-112725,2017-Q1,West,Office Supplies,3,2.94,8.82,4.51,1.93,2.38
CA-2017-112725,2017-Q1,West,Furniture,1,120.78,120.78,94.06,40.31,-13.59
CA-2015-136196,2015-Q4,East,Furniture,3,107.53,322.59,180.65,77.42,64.52
CA-2017-106068,2017-Q4,Central,Office Supplies,3,3.25,9.76,17.42,7.47,-15.13
CA-2017-106068,2017-Q4,Central,Office Supplies,1,13.72,13.72,8.76,3.76,1.2
CA-2017-106068,2017-Q4,Central,Technology,1,55.2,55.2,40.09,17.18,-2.07
CA-2017-106068,2017-Q4,Central,Office Supplies,4,64.78,259.14,222.21,95.24,-58.31
CA-2017-100160,2017-Q3,East,Office Supplies,5,5.85,29.24,13.56,5.81,9.87
CA-2017-100160,2017-Q3,East,Office Supplies,3,5.18,15.55,7.08,3.03,5.44
CA-2017-100160,2017-Q3,East,Office Supplies,3,1.63,4.9,2.28,0.97,1.65
CA-2016-139689,2016-Q4,South,Office Supplies,4,9.52,38.09,46.21,19.81,-27.93
CA-2016-139689,2016-Q4,South,Office Supplies,3,0.94,2.81,3.35,1.43,-1.97
CA-2015-101091,2015-Q4,East,Technology,2,23.99,47.98,33.17,14.21,0.6
CA-2015-101091,2015-Q4,East,Office Supplies,6,4.34,26.06,32.23,13.81,-19.98
CA-2014-126907,2014-Q4,Central,Office Supplies,3,5.23,15.7,7.42,3.18,5.1
US-2016-164588,2016-Q2,South,Office Supplies,3,4.28,12.84,6.38,2.74,3.72
CA-2017-115546,2017-Q2,East,Technology,3,179.99,539.97,283.49,121.49,134.99
CA-2017-115546,2017-Q2,East,Office Supplies,2,11.29,22.58,11.7,5.01,5.87
CA-2015-163587,2015-Q1,East,Office Supplies,4,4.13,16.52,6.24,2.68,7.6
CA-2015-163587,2015-Q1,East,Office Supplies,3,223.98,671.94,249.29,106.84,315.81
US-2017-106131,2017-Q1,West,Technology,7,24.15,169.06,128.69,55.16,-14.79
US-2017-106131,2017-Q1,West,Office Supplies,9,18.74,168.62,107.71,46.16,14.75
CA-2015-160213,2015-Q1,East,Office Supplies,3,6.48,19.44,7.08,3.03,9.33
CA-2014-157924,2014-Q4,West,Office Supplies,4,7.98,31.92,16.53,7.09,8.3
CA-2014-157924,2014-Q4,West,Furniture,2,216.78,433.57,349.03,149.58,-65.04
CA-2015-100216,2015-Q2,West,Office Supplies,6,5.18,31.1,14.15,6.06,10.89
CA-2015-100216,2015-Q2,West,Office Supplies,3,18.27,54.82,25.9,11.1,17.82
CA-2017-100601,2017-Q4,West,Office Supplies,7,6.98,48.86,33.52,14.36,0.98
CA-2016-152163,2016-Q3,South,Office Supplies,2,7.1,14.2,5.37,2.3,6.53
CA-2016-152163,2016-Q3,South,Office Supplies,2,6.48,12.96,4.72,2.02,6.22
CA-2016-152163,2016-Q3,South,Office Supplies,2,29.17,58.34,21.24,9.1,28.0
CA-2015-154340,2015-Q4,West,Office Supplies,2,28.15,56.3,28.38,12.16,15.76
CA-2014-128846,2014-Q2,South,Technology,5,125.99,629.95,326.31,139.85,163.79
CA-2014-128846,2014-Q2,South,Office Supplies,3,40.99,122.97,43.9,18.81,60.26
CA-2016-148593,2016-Q2,West,Office Supplies,5,9.27,46.35,17.2,7.37,21.78
US-2017-119039,2017-Q1,West,Office Supplies,9,1.66,14.98,6.69,2.86,5.43
CA-2017-128426,2017-Q4,Central,Office Supplies,5,0.85,4.24,7.42,3.18,-6.36
US-2017-136868,2017-Q4,East,Technology,4,79.99,319.96,143.34,61.43,115.19
US-2017-136868,2017-Q4,East,Office Supplies,3,5.68,17.04,6.56,2.81,7.67
US-2017-136868,2017-Q4,East,Office Supplies,3,114.97,344.91,234.19,100.37,10.35
CA-2016-143749,2016-Q4,East,Furniture,1,81.94,81.94,43.02,18.44,20.48
CA-2016-111493,2016-Q4,East,Technology,6,16.36,98.16,61.84,26.5,9.82
CA-2017-112536,2017-Q2,Central,Office Supplies,7,0.98,6.87,12.26,5.26,-10.65
CA-2017-112536,2017-Q2,Central,Office Supplies,1,2.0,2.0,3.7,1.59,-3.29
CA-2017-112536,2017-Q2,Central,Office Supplies,2,4.46,8.93,5.78,2.48,0.67
CA-2016-157714,2016-Q3,Central,Office Supplies,1,9.99,9.99,3.84,1.65,4.5
CA-2017-166709,2017-Q4,East,Technology,3,3499.99,10499.97,3821.99,1637.99,5039.99
CA-2015-129392,2015-Q3,Central,Office Supplies,5,4.22,21.12,10.16,4.36,6.6
CA-2015-150875,2015-Q4,West,Furniture,2,348.21,696.42,375.37,160.87,160.18
CA-2015-150875,2015-Q4,West,Technology,3,101.59,304.78,197.34,84.58,22.86
CA-2015-154200,2015-Q2,West,Office Supplies,2,25.99,51.98,25.84,11.07,15.07
CA-2016-124233,2016-Q2,West,Furniture,5,4.94,24.7,10.03,4.3,10.37
US-2015-134271,2015-Q2,East,Office Supplies,3,7.31,21.93,8.13,3.49,10.31
US-2016-161683,2016-Q4,East,Office Supplies,4,98.7,394.82,210.73,90.32,93.77
US-2016-161683,2016-Q4,East,Office Supplies,4,4.55,18.19,22.92,9.82,-14.55
CA-2015-143105,2015-Q4,East,Office Supplies,1,7.31,7.31,2.71,1.16,3.44
CA-2015-143105,2015-Q4,East,Technology,2,399.99,799.98,384.99,164.99,250.0
CA-2015-143105,2015-Q4,East,Office Supplies,6,6.88,41.28,15.6,6.69,18.99
CA-2015-143105,2015-Q4,East,Office Supplies,7,26.38,184.66,69.8,29.92,84.94
CA-2014-145387,2014-Q4,East,Office Supplies,5,9.85,49.25,21.37,9.16,18.72
CA-2014-145387,2014-Q4,East,Office Supplies,2,5.08,10.16,3.77,1.61,4.78
CA-2014-145387,2014-Q4,East,Furniture,2,7.38,14.76,7.34,3.14,4.28
CA-2014-145387,2014-Q4,East,Office Supplies,2,17.04,34.08,12.88,5.52,15.68
CA-2014-145387,2014-Q4,East,Furniture,3,5.89,17.67,6.93,2.97,7.77
CA-2014-145387,2014-Q4,East,Furniture,5,320.98,1604.9,786.4,337.03,481.47
CA-2014-145387,2014-Q4,East,Furniture,1,385.69,385.69,312.41,133.89,-60.61
CA-2017-109715,2017-Q4,Central,Office Supplies,2,7.99,15.98,7.69,3.29,5.0
CA-2014-166457,2014-Q2,South,Office Supplies,3,3.14,9.42,3.63,1.55,4.24
CA-2014-166457,2014-Q2,South,Office Supplies,2,3.28,6.56,3.26,1.4,1.9
CA-2014-166457,2014-Q2,South,Office Supplies,2,12.28,24.56,9.11,3.91,11.54
CA-2016-164637,2016-Q1,Central,Office Supplies,3,42.8,128.4,44.94,19.26,64.2
CA-2014-103590,2014-Q4,East,Office Supplies,4,15.57,62.28,23.11,9.9,29.27
CA-2015-111234,2015-Q1,West,Office Supplies,3,3.08,9.24,3.36,1.44,4.44
CA-2017-149881,2017-Q2,West,Furniture,8,60.33,482.66,278.24,119.24,85.18
CA-2017-149881,2017-Q2,West,Technology,2,2399.99,4799.98,3107.99,1331.99,360.0
CA-2017-134565,2017-Q2,West,Office Supplies,2,18.97,37.94,13.81,5.92,18.21
CA-2017-134565,2017-Q2,West,Office Supplies,6,3.05,18.29,8.16,3.5,6.63
CA-2017-134565,2017-Q2,West,Technology,5,77.16,385.8,178.91,76.68,130.21
CA-2017-134565,2017-Q2,West,Office Supplies,2,51.48,102.96,71.35,30.58,1.03
CA-2017-134565,2017-Q2,West,Furniture,3,58.14,174.42,92.79,39.77,41.86
CA-2016-108644,2016-Q3,Central,Office Supplies,2,0.98,1.96,3.64,1.56,-3.24
US-2014-102631,2014-Q4,Central,Furniture,3,31.48,94.43,95.84,41.08,-42.49
CA-2017-120327,2017-Q4,Central,Office Supplies,4,11.48,45.92,17.04,7.3,21.58
CA-2015-154970,2015-Q1,West,Furniture,1,61.58,61.58,47.96,20.55,-6.93
CA-2016-113803,2016-Q1,Central,Office Supplies,1,22.48,22.48,8.5,3.64,10.34
CA-2017-100223,2017-Q3,Central,Furniture,9,36.89,332.03,476.46,204.2,-348.63
CA-2017-100223,2017-Q3,Central,Office Supplies,9,1.27,11.39,20.34,8.71,-17.66
CA-2017-100223,2017-Q3,Central,Office Supplies,3,5.18,15.55,6.94,2.97,5.64
CA-2017-100223,2017-Q3,Central,Office Supplies,6,5.18,31.1,13.87,5.95,11.28
CA-2017-100223,2017-Q3,Central,Office Supplies,1,6.32,6.32,11.72,5.02,-10.42
CA-2014-168823,2014-Q3,East,Office Supplies,3,3.78,11.35,5.06,2.17,4.12
CA-2014-168823,2014-Q3,East,Office Supplies,9,2.31,20.81,9.65,4.14,7.02
CA-2016-162404,2016-Q3,Central,Office Supplies,4,2.86,11.42,21.18,9.08,-18.84
CA-2017-104024,2017-Q3,East,Office Supplies,7,1.34,9.41,6.09,2.61,0.71
CA-2017-147144,2017-Q1,West,Office Supplies,1,19.83,19.83,9.72,4.16,5.95
CA-2017-158673,2017-Q4,Central,Office Supplies,2,104.85,209.7,76.33,32.71,100.66
CA-2014-133704,2014-Q3,West,Office Supplies,4,10.98,43.92,22.44,9.62,11.86
CA-2014-133704,2014-Q3,West,Office Supplies,3,6.74,20.23,9.55,4.1,6.58
CA-2016-159142,2016-Q2,South,Technology,3,49.99,149.97,100.78,43.19,6.0
CA-2016-159142,2016-Q2,South,Office Supplies,3,9.27,27.81,10.32,4.42,13.07
CA-2014-138436,2014-Q1,West,Technology,3,22.1,66.3,40.38,17.3,8.62
CA-2017-117702,2017-Q4,East,Office Supplies,1,1.64,1.64,0.63,0.27,0.74
CA-2017-117702,2017-Q4,East,Furniture,5,209.84,1049.2,543.49,232.92,272.79
CA-2017-117702,2017-Q4,East,Furniture,5,4.18,20.9,9.37,4.01,7.52
CA-2016-157336,2016-Q4,East,Office Supplies,6,14.68,88.08,33.29,14.27,40.52
CA-2016-157336,2016-Q4,East,Furniture,4,187.98,751.92,421.08,180.46,150.38
CA-2014-168130,2014-Q3,East,Furniture,7,126.73,887.1,496.78,212.9,177.42
CA-2015-155068,2015-Q4,South,Technology,7,7.99,55.94,48.46,20.77,-13.29
CA-2015-155068,2015-Q4,South,Office Supplies,2,5.34,10.69,5.89,2.53,2.27
CA-2015-155068,2015-Q4,South,Technology,2,5.91,11.82,7.55,3.24,1.03
CA-2017-163160,2017-Q4,Central,Office Supplies,3,21.1,63.31,29.91,12.82,20.58
CA-2017-163160,2017-Q4,Central,Office Supplies,4,24.2,96.78,169.37,72.59,-145.18
CA-2017-163160,2017-Q4,Central,Furniture,3,3.49,10.48,12.1,5.19,-6.81
CA-2015-101924,2015-Q3,West,Office Supplies,2,4.88,9.76,11.61,4.98,-6.83
CA-2016-124793,2016-Q1,West,Furniture,2,98.39,196.78,153.24,65.68,-22.14
CA-2017-118367,2017-Q4,East,Office Supplies,2,23.99,47.98,16.79,7.2,23.99
CA-2017-164819,2017-Q4,East,Office Supplies,5,2.61,13.05,4.94,2.11,6.0
CA-2017-158344,2017-Q3,Central,Technology,4,15.99,63.96,30.89,13.24,19.83
CA-2017-123351,2017-Q3,South,Office Supplies,1,80.48,80.48,39.44,16.9,24.14
CA-2017-110429,2017-Q4,East,Office Supplies,3,3.89,11.67,13.61,5.84,-7.78
US-2016-131611,2016-Q4,Central,Furniture,8,107.89,863.13,716.4,307.03,-160.3
US-2016-131611,2016-Q4,Central,Office Supplies,3,1.19,3.56,6.86,2.94,-6.24
US-2016-131611,2016-Q4,Central,Furniture,7,136.67,956.66,827.23,354.53,-225.1
US-2016-131611,2016-Q4,Central,Office Supplies,3,4.2,12.59,22.91,9.82,-20.14
US-2016-131611,2016-Q4,Central,Technology,5,34.39,171.96,88.77,38.05,45.14
US-2017-124821,2017-Q2,West,Furniture,4,217.85,871.4,506.28,216.98,148.14
CA-2015-166975,2015-Q4,South,Furniture,11,62.95,692.47,351.43,150.61,190.43
CA-2016-123806,2016-Q4,East,Furniture,4,51.94,207.76,85.81,36.77,85.18
US-2017-158505,2017-Q3,West,Technology,9,7.99,71.93,45.95,19.69,6.29
US-2017-158505,2017-Q3,West,Office Supplies,1,25.99,25.99,12.91,5.54,7.54
CA-2015-142692,2015-Q4,West,Office Supplies,1,3.59,3.59,1.73,0.74,1.12
CA-2015-123456,2015-Q3,Central,Office Supplies,2,24.32,48.63,119.15,51.06,-121.58
CA-2017-151358,2017-Q3,West,Office Supplies,2,161.55,323.1,183.2,78.51,61.39
US-2016-107440,2016-Q2,East,Technology,7,1299.99,9099.93,4713.77,2020.18,2365.98
US-2016-107440,2016-Q2,East,Furniture,2,4.98,9.96,4.67,2.0,3.29
US-2016-107440,2016-Q2,East,Office Supplies,5,5.06,25.3,9.39,4.02,11.89
CA-2014-166989,2014-Q4,East,Office Supplies,2,5.68,11.36,4.29,1.84,5.23
CA-2014-166989,2014-Q4,East,Furniture,2,34.63,69.26,38.25,16.39,14.62
CA-2014-103100,2014-Q4,Central,Office Supplies,1,3.69,3.69,1.37,0.59,1.73
CA-2014-103100,2014-Q4,Central,Office Supplies,3,367.99,1103.97,425.03,182.15,496.79
CA-2015-105690,2015-Q4,Central,Furniture,2,123.06,246.13,225.5,96.64,-76.01
CA-2015-105690,2015-Q4,Central,Office Supplies,2,5.85,11.7,5.42,2.33,3.95
CA-2015-105690,2015-Q4,Central,Technology,1,439.99,439.99,192.49,82.5,165.0
CA-2017-127516,2017-Q4,South,Office Supplies,1,64.78,64.78,54.42,23.32,-12.96
US-2015-117184,2015-Q2,Central,Office Supplies,5,6.66,33.28,58.24,24.96,-49.92
US-2015-117184,2015-Q2,Central,Office Supplies,3,4.7,14.09,6.41,2.75,4.93
CA-2017-102407,2017-Q4,West,Office Supplies,2,5.58,11.16,5.86,2.51,2.79
CA-2017-102407,2017-Q4,West,Furniture,9,99.59,896.33,611.74,262.18,22.41
CA-2017-102407,2017-Q4,West,Office Supplies,1,189.0,189.0,84.67,36.29,68.04
CA-2017-130967,2017-Q1,East,Technology,3,17.99,53.98,45.35,19.43,-10.8
CA-2017-101581,2017-Q4,West,Furniture,5,35.44,177.22,208.41,89.32,-120.51
CA-2017-169124,2017-Q3,West,Furniture,3,43.13,129.39,52.53,22.52,54.34
CA-2017-117261,2017-Q3,West,Office Supplies,4,13.58,54.32,37.65,16.13,0.54
CA-2017-129021,2017-Q3,South,Technology,13,335.99,4367.9,2828.22,1212.09,327.59
CA-2017-129021,2017-Q3,South,Office Supplies,2,24.78,49.57,23.86,10.22,15.49
CA-2017-129021,2017-Q3,South,Office Supplies,6,26.9,161.38,104.5,44.78,12.1
CA-2017-129021,2017-Q3,South,Furniture,2,1.39,2.78,1.65,0.71,0.42
CA-2017-129021,2017-Q3,South,Office Supplies,5,1.74,8.72,4.05,1.73,2.94
CA-2014-123253,2014-Q3,East,Office Supplies,1,3.91,3.91,2.02,0.86,1.03
CA-2016-121601,2016-Q4,Central,Office Supplies,7,8.54,59.75,28.23,12.1,19.42
CA-2014-162278,2014-Q4,West,Furniture,4,15.98,63.92,42.5,18.22,3.2
CA-2014-162278,2014-Q4,West,Technology,5,76.79,383.96,241.89,103.67,38.4
CA-2016-161095,2016-Q2,West,Office Supplies,3,2.58,7.75,3.46,1.48,2.81
CA-2016-161095,2016-Q2,West,Office Supplies,2,16.78,33.57,15.27,6.55,11.75
CA-2014-125829,2014-Q4,West,Technology,7,95.19,666.34,419.8,179.91,66.63
CA-2014-125829,2014-Q4,West,Furniture,4,143.43,573.73,446.79,191.48,-64.54
CA-2014-125829,2014-Q4,West,Office Supplies,3,7.31,21.94,9.6,4.11,8.23
CA-2014-125829,2014-Q4,West,Office Supplies,3,6.48,19.44,7.08,3.03,9.33
CA-2014-125829,2014-Q4,West,Technology,4,111.99,447.97,215.59,92.39,139.99
CA-2014-123127,2014-Q3,East,Office Supplies,2,8.39,16.78,8.81,3.77,4.2
CA-2015-115945,2015-Q2,West,Office Supplies,2,10.48,20.96,11.0,4.72,5.24
CA-2015-115945,2015-Q2,West,Office Supplies,3,29.58,88.75,42.71,18.3,27.74
CA-2015-115945,2015-Q2,West,Office Supplies,3,101.41,304.23,206.57,88.53,9.13
CA-2015-136735,2015-Q3,West,Office Supplies,2,83.93,167.86,62.28,26.69,78.89
US-2017-136189,2017-Q4,South,Furniture,6,13.73,82.38,39.79,17.05,25.54
CA-2014-152345,2014-Q4,West,Technology,3,7.99,23.98,20.77,8.9,-5.69
CA-2014-152345,2014-Q4,West,Office Supplies,1,33.29,33.29,17.71,7.59,7.99
US-2015-147662,2015-Q1,East,Office Supplies,2,7.48,14.95,18.84,8.07,-11.96
US-2015-147662,2015-Q1,East,Technology,3,107.99,323.98,283.49,121.49,-81.0
US-2015-147662,2015-Q1,East,Office Supplies,2,1.14,2.29,2.78,1.19,-1.68
US-2015-147662,2015-Q1,East,Office Supplies,3,4.78,14.35,9.41,4.04,0.9
US-2015-147662,2015-Q1,East,Technology,3,23.99,71.98,49.76,21.32,0.9
CA-2016-153346,2016-Q1,East,Office Supplies,3,3.07,9.21,4.84,2.07,2.3
CA-2016-153346,2016-Q1,East,Office Supplies,5,3.6,18.0,6.8,2.92,8.28
CA-2017-118360,2017-Q2,East,Office Supplies,9,4.77,42.93,16.53,7.08,19.32
CA-2017-149853,2017-Q4,South,Office Supplies,3,5.18,15.55,7.08,3.03,5.44
CA-2017-149853,2017-Q4,South,Office Supplies,5,3.58,17.92,11.76,5.04,1.12
CA-2017-107909,2017-Q3,West,Technology,1,19.99,19.99,9.23,3.96,6.8
CA-2017-107909,2017-Q3,West,Office Supplies,5,4.58,22.92,10.43,4.47,8.02
CA-2015-112375,2015-Q4,South,Technology,6,8.48,50.88,25.38,10.87,14.63
CA-2015-112375,2015-Q4,South,Office Supplies,2,13.66,27.31,12.66,5.43,9.22
CA-2015-154795,2015-Q4,West,Office Supplies,1,7.92,7.92,3.6,1.55,2.77
CA-2015-154795,2015-Q4,West,Furniture,2,7.18,14.37,7.29,3.13,3.95
CA-2015-125234,2015-Q4,West,Technology,3,35.99,107.97,59.71,25.59,22.67
CA-2015-125234,2015-Q4,West,Office Supplies,3,37.94,113.82,42.22,18.1,53.5
CA-2017-133501,2017-Q3,South,Office Supplies,1,5.18,5.18,2.36,1.01,1.81
US-2014-129609,2014-Q1,Central,Office Supplies,2,8.14,16.28,6.84,2.93,6.51
CA-2017-130309,2017-Q4,South,Office Supplies,3,181.46,544.38,270.56,115.95,157.87
CA-2017-105410,2017-Q1,West,Office Supplies,6,3.3,19.82,9.19,3.94,6.69
CA-2017-105410,2017-Q1,West,Technology,6,109.58,657.5,552.3,236.7,-131.5
CA-2017-105410,2017-Q1,West,Technology,2,49.77,99.54,62.01,26.58,10.95
CA-2017-105410,2017-Q1,West,Technology,4,49.99,199.96,79.79,34.19,85.98
CA-2016-120355,2016-Q3,East,Furniture,2,315.89,631.78,343.97,147.41,140.4
CA-2016-120355,2016-Q3,East,Furniture,3,20.24,60.72,24.23,10.38,26.11
CA-2017-169894,2017-Q4,West,Office Supplies,2,10.36,20.72,25.14,10.78,-15.2
CA-2017-169894,2017-Q4,West,Office Supplies,8,51.98,415.87,320.22,137.24,-41.59
US-2017-100482,2017-Q2,East,Office Supplies,2,8.38,16.77,10.71,4.59,1.47
US-2017-100482,2017-Q2,East,Technology,2,13.56,27.12,22.31,9.56,-4.75
CA-2017-107748,2017-Q4,West,Technology,4,23.96,95.84,42.77,18.33,34.74
CA-2017-107748,2017-Q4,West,Office Supplies,2,6.48,12.96,4.72,2.02,6.22
CA-2017-153654,2017-Q4,South,Office Supplies,8,2.38,19.01,22.18,9.5,-12.67
CA-2015-155600,2015-Q4,South,Office Supplies,7,228.29,1598.06,1864.4,799.03,-1065.37
CA-2015-155600,2015-Q4,South,Office Supplies,4,9.24,36.96,17.46,7.49,12.01
CA-2017-162565,2017-Q4,Central,Office Supplies,2,5.18,10.37,4.72,2.02,3.63
CA-2017-162565,2017-Q4,Central,Furniture,1,77.72,77.72,100.65,43.13,-66.06
CA-2017-162565,2017-Q4,Central,Furniture,2,260.23,520.46,374.73,160.6,-14.87
CA-2016-127642,2016-Q2,East,Office Supplies,2,55.98,111.96,39.97,17.13,54.86
US-2017-163195,2017-Q1,South,Technology,3,9.72,29.16,14.49,6.21,8.46
CA-2017-111332,2017-Q2,Central,Office Supplies,3,43.98,131.94,67.42,28.9,35.62
CA-2017-111332,2017-Q2,Central,Office Supplies,4,6.48,25.92,12.34,5.29,8.29
CA-2017-111332,2017-Q2,Central,Office Supplies,4,176.19,704.76,379.87,162.8,162.09
CA-2017-111332,2017-Q2,Central,Office Supplies,3,2.47,7.41,2.75,1.18,3.48
CA-2017-111332,2017-Q2,Central,Office Supplies,10,2.15,21.5,10.08,4.32,7.1
CA-2017-117044,2017-Q3,Central,Office Supplies,4,2.63,10.53,5.07,2.17,3.29
CA-2017-117044,2017-Q3,Central,Office Supplies,6,3.42,20.54,9.88,4.24,6.42
US-2016-165078,2016-Q4,Central,Office Supplies,5,20.98,104.9,38.19,16.36,50.35
US-2016-165078,2016-Q4,Central,Office Supplies,2,19.84,39.68,16.39,7.02,16.27
US-2016-165078,2016-Q4,Central,Office Supplies,5,10.35,51.75,18.84,8.07,24.84
US-2017-169320,2017-Q3,Central,Office Supplies,2,5.84,11.68,4.33,1.86,5.49
US-2017-169320,2017-Q3,Central,Technology,5,31.95,159.75,104.0,44.57,11.18
CA-2016-158575,2016-Q4,East,Office Supplies,6,17.33,103.97,60.96,26.12,16.89
CA-2014-166954,2014-Q2,West,Furniture,5,60.65,303.25,167.7,71.87,63.68
CA-2014-166954,2014-Q2,West,Office Supplies,3,90.24,270.72,134.55,57.66,78.51
CA-2014-166954,2014-Q2,West,Furniture,5,297.41,1487.04,936.84,401.5,148.7
CA-2015-140830,2015-Q4,South,Office Supplies,2,8.74,17.48,6.48,2.78,8.22
CA-2015-140830,2015-Q4,South,Office Supplies,2,35.94,71.88,27.67,11.86,32.35
CA-2015-152891,2015-Q4,West,Office Supplies,3,20.15,60.45,30.89,13.24,16.32
CA-2015-152891,2015-Q4,West,Furniture,3,84.39,253.18,199.38,85.45,-31.65
US-2015-122784,2015-Q3,Central,Office Supplies,5,0.58,2.88,5.14,2.2,-4.46
US-2015-122784,2015-Q3,Central,Furniture,4,96.24,384.94,357.99,153.43,-126.48
US-2015-122784,2015-Q3,Central,Technology,2,76.79,153.58,98.1,42.04,13.44
US-2015-122784,2015-Q3,Central,Furniture,5,182.69,913.43,675.94,289.69,-52.2
CA-2016-156811,2016-Q4,West,Office Supplies,4,10.98,43.92,22.44,9.62,11.86
CA-2016-156811,2016-Q4,West,Office Supplies,3,8.34,25.03,12.05,5.16,7.82
CA-2017-111556,2017-Q4,East,Office Supplies,7,6.68,46.76,17.02,7.3,22.44
CA-2017-111556,2017-Q4,East,Furniture,2,91.98,183.97,146.49,62.78,-25.3
CA-2017-111556,2017-Q4,East,Technology,3,419.99,1259.97,652.67,279.71,327.59
CA-2017-111556,2017-Q4,East,Office Supplies,3,22.99,68.97,34.76,14.9,19.31
CA-2016-108868,2016-Q3,Central,Office Supplies,2,35.18,70.37,44.95,19.26,6.16
CA-2016-108868,2016-Q3,Central,Technology,5,11.99,59.96,26.75,11.47,21.74
CA-2014-142965,2014-Q3,East,Office Supplies,1,25.98,25.98,21.83,9.35,-5.2
CA-2014-142965,2014-Q3,East,Office Supplies,3,9.12,27.36,34.47,14.78,-21.89
CA-2016-148740,2016-Q4,West,Technology,2,180.69,361.38,234.0,100.28,27.1
US-2014-138758,2014-Q3,East,Furniture,2,86.1,172.19,153.25,65.68,-46.74
US-2014-138758,2014-Q3,East,Furniture,2,34.51,69.01,39.85,17.08,12.08
CA-2016-131737,2016-Q1,East,Office Supplies,5,39.98,199.9,76.96,32.98,89.96
CA-2016-131737,2016-Q1,East,Office Supplies,3,300.65,901.95,423.02,181.29,297.64
CA-2016-131737,2016-Q1,East,Furniture,5,194.3,971.5,503.24,215.67,252.59
CA-2016-114538,2016-Q4,West,Office Supplies,2,5.66,11.33,6.15,2.63,2.55
CA-2014-127936,2014-Q3,East,Office Supplies,3,7.08,21.24,9.22,3.95,8.07
CA-2015-164336,2015-Q3,East,Technology,3,11.6,34.8,22.84,9.79,2.17
CA-2015-164336,2015-Q3,East,Office Supplies,3,12.99,38.98,28.99,12.43,-2.44
CA-2016-100041,2016-Q4,Central,Office Supplies,2,4.54,9.08,3.49,1.5,4.09
CA-2016-100041,2016-Q4,Central,Office Supplies,3,104.85,314.55,114.5,49.07,150.98
CA-2016-100041,2016-Q4,Central,Office Supplies,1,4.91,4.91,1.82,0.78,2.31
US-2014-154879,2014-Q2,West,Office Supplies,2,2.89,5.78,2.14,0.92,2.72
US-2014-154879,2014-Q2,West,Office Supplies,6,17.99,107.94,54.4,23.32,30.22
CA-2014-130624,2014-Q2,East,Office Supplies,3,6.55,19.65,7.43,3.18,9.04
CA-2014-130624,2014-Q2,East,Technology,3,205.99,617.97,320.11,137.19,160.67
CA-2014-130624,2014-Q2,East,Office Supplies,3,19.9,59.7,22.99,9.85,26.86
CA-2017-132339,2017-Q3,East,Office Supplies,1,387.99,387.99,143.94,61.69,182.36
CA-2014-153983,2014-Q4,West,Technology,2,287.96,575.92,352.75,151.18,71.99
CA-2014-153983,2014-Q4,West,Office Supplies,5,6.08,30.4,10.64,4.56,15.2
CA-2017-112900,2017-Q2,Central,Office Supplies,8,59.78,478.24,180.77,77.48,219.99
CA-2014-160157,2014-Q4,East,Furniture,3,63.62,190.85,148.62,63.7,-21.47
CA-2014-139633,2014-Q4,East,Office Supplies,4,1.37,5.48,6.65,2.85,-4.02
CA-2015-163090,2015-Q4,Central,Office Supplies,5,8.18,40.92,26.5,11.35,3.07
CA-2014-117016,2014-Q1,South,Office Supplies,3,5.18,15.55,9.25,3.97,2.33
CA-2017-159464,2017-Q2,South,Office Supplies,2,8.62,17.24,8.93,3.83,4.48
CA-2017-159464,2017-Q2,South,Furniture,3,100.98,302.94,159.04,68.16,75.74
CA-2017-159464,2017-Q2,South,Technology,5,6.95,34.75,13.38,5.73,15.64
CA-2017-159464,2017-Q2,South,Office Supplies,6,18.99,113.94,41.47,17.78,54.69
CA-2017-159464,2017-Q2,South,Technology,2,27.99,55.98,28.22,12.09,15.67
US-2017-103226,2017-Q3,West,Office Supplies,3,9.06,27.18,10.46,4.49,12.23
CA-2017-119452,2017-Q1,Central,Furniture,6,300.98,1805.88,897.52,384.65,523.71
CA-2017-147725,2017-Q3,East,Office Supplies,3,23.65,70.95,36.75,15.75,18.45
CA-2016-168893,2016-Q4,South,Office Supplies,4,5.0,20.0,7.28,3.12,9.6
CA-2016-168893,2016-Q4,South,Office Supplies,3,2.66,7.98,4.14,1.77,2.07
CA-2016-168893,2016-Q4,South,Furniture,5,4.82,24.1,10.46,4.48,9.16
CA-2016-168893,2016-Q4,South,Office Supplies,1,8.75,8.75,4.29,1.84,2.62
CA-2016-168893,2016-Q4,South,Furniture,3,280.98,842.94,477.95,204.83,160.16
CA-2016-163398,2016-Q2,Central,Office Supplies,1,2.18,2.18,4.05,1.73,-3.6
CA-2016-163398,2016-Q2,Central,Office Supplies,7,3.91,27.38,17.25,7.39,2.74
CA-2016-163398,2016-Q2,Central,Office Supplies,3,8.8,26.41,68.4,29.31,-71.3
CA-2016-162726,2016-Q4,Central,Office Supplies,2,5.18,10.37,4.72,2.02,3.63
CA-2016-162726,2016-Q4,Central,Office Supplies,4,5.92,23.68,11.4,4.88,7.4
US-2016-111290,2016-Q3,Central,Technology,1,109.95,109.95,51.57,22.1,36.28
US-2016-111290,2016-Q3,Central,Office Supplies,5,193.17,965.85,581.44,249.19,135.22
US-2016-111290,2016-Q3,Central,Office Supplies,5,5.84,29.2,13.08,5.61,10.51
US-2016-111290,2016-Q3,Central,Office Supplies,5,6.48,32.4,11.79,5.06,15.55
US-2014-147704,2014-Q4,Central,Office Supplies,5,15.67,78.35,29.07,12.46,36.82
US-2014-147704,2014-Q4,Central,Office Supplies,6,5.28,31.68,12.19,5.23,14.26
US-2014-147704,2014-Q4,Central,Office Supplies,4,7.28,29.12,10.39,4.46,14.27
US-2014-147704,2014-Q4,Central,Office Supplies,5,33.89,169.45,88.96,38.13,42.36
CA-2015-121965,2015-Q2,West,Furniture,2,6.28,12.56,5.98,2.56,4.02
CA-2015-121965,2015-Q2,West,Office Supplies,1,6.48,6.48,2.36,1.01,3.11
CA-2015-121965,2015-Q2,West,Office Supplies,3,62.23,186.69,69.27,29.68,87.74
CA-2016-147137,2016-Q3,West,Furniture,5,5.08,25.4,11.73,5.03,8.64
CA-2016-147137,2016-Q3,West,Office Supplies,2,21.98,43.96,16.31,6.99,20.66
CA-2016-147137,2016-Q3,West,Furniture,5,255.83,1279.16,737.39,316.03,225.74
CA-2016-147137,2016-Q3,West,Office Supplies,4,6.98,27.92,19.15,8.21,0.56
US-2015-146745,2015-Q3,West,Furniture,2,64.78,129.57,99.77,42.76,-12.96
US-2015-146745,2015-Q3,West,Office Supplies,2,3.18,6.37,2.95,1.27,2.15
CA-2017-115175,2017-Q3,West,Office Supplies,5,48.91,244.55,90.73,38.88,114.94
CA-2017-105851,2017-Q1,West,Office Supplies,2,666.25,1332.5,1142.62,489.69,-299.81
US-2017-125717,2017-Q3,West,Furniture,1,32.78,32.78,20.65,8.85,3.28
US-2017-125717,2017-Q3,West,Office Supplies,2,73.59,147.18,123.63,52.99,-29.44
US-2017-125717,2017-Q3,West,Technology,2,27.19,54.38,37.11,15.91,1.36
US-2017-125717,2017-Q3,West,Office Supplies,4,19.2,76.78,94.95,40.69,-58.86
US-2017-125717,2017-Q3,West,Office Supplies,3,4.78,14.35,6.4,2.75,5.2
US-2017-125717,2017-Q3,West,Office Supplies,2,104.9,209.79,128.5,55.07,26.22
CA-2015-163895,2015-Q3,West,Office Supplies,1,3.3,3.3,1.53,0.65,1.12
CA-2017-168641,2017-Q4,East,Office Supplies,9,1.82,16.38,6.31,2.7,7.37
CA-2017-168641,2017-Q4,East,Office Supplies,2,83.98,167.96,62.31,26.71,78.94
CA-2017-168641,2017-Q4,East,Furniture,2,160.78,321.57,236.35,101.3,-16.08
CA-2017-168641,2017-Q4,East,Office Supplies,2,6.48,12.96,4.72,2.02,6.22
CA-2017-156895,2017-Q2,East,Furniture,3,42.69,128.06,106.29,45.55,-23.78
CA-2017-121300,2017-Q3,East,Furniture,1,63.69,63.69,55.41,23.75,-15.47
CA-2017-121300,2017-Q3,East,Technology,3,79.99,239.98,121.79,52.2,65.99
CA-2017-121300,2017-Q3,East,Furniture,2,172.11,344.22,373.48,160.06,-189.32
CA-2017-121300,2017-Q3,East,Office Supplies,3,5.18,15.55,7.08,3.03,5.44
CA-2017-121300,2017-Q3,East,Furniture,4,5.31,21.25,9.67,4.14,7.44
CA-2017-121300,2017-Q3,East,Office Supplies,2,4.22,8.45,4.07,1.74,2.64
CA-2017-130211,2017-Q4,Central,Office Supplies,3,111.03,333.09,216.84,92.93,23.32
CA-2017-130211,2017-Q4,Central,Furniture,2,124.49,248.98,135.94,58.26,54.78
CA-2014-147235,2014-Q1,East,Office Supplies,5,4.98,24.9,9.24,3.96,11.7
CA-2016-109365,2016-Q4,West,Office Supplies,7,2.18,15.26,7.15,3.07,5.04
CA-2016-109365,2016-Q4,West,Office Supplies,2,21.66,43.32,20.31,8.71,14.3
CA-2016-109365,2016-Q4,West,Office Supplies,12,3.63,43.58,19.45,8.33,15.8
CA-2016-109365,2016-Q4,West,Office Supplies,3,38.76,116.28,41.51,17.79,56.98
CA-2016-109365,2016-Q4,West,Office Supplies,2,4.65,9.3,4.4,1.88,3.02
CA-2016-109365,2016-Q4,West,Office Supplies,3,6.48,19.44,7.08,3.03,9.33
CA-2016-109365,2016-Q4,West,Office Supplies,3,104.85,314.55,114.5,49.07,150.98
CA-2015-162621,2015-Q3,Central,Office Supplies,5,3.25,16.27,29.04,12.45,-25.22
CA-2015-162621,2015-Q3,Central,Office Supplies,9,7.68,69.12,58.67,25.14,-14.69
CA-2015-162621,2015-Q3,Central,Office Supplies,3,1.49,4.47,8.6,3.69,-7.82
CA-2017-105921,2017-Q3,West,Furniture,3,139.43,418.3,289.15,123.92,5.23
CA-2014-150798,2014-Q4,East,Technology,2,330.0,659.99,384.99,165.0,110.0
CA-2014-150798,2014-Q4,East,Furniture,2,4.07,8.13,4.7,2.01,1.42
CA-2014-150798,2014-Q4,East,Office Supplies,7,5.18,36.29,16.51,7.08,12.7
CA-2014-150798,2014-Q4,East,Furniture,6,151.62,909.72,673.19,288.51,-51.98
CA-2017-112753,2017-Q2,West,Furniture,9,101.99,917.92,589.63,252.7,75.59
CA-2017-112753,2017-Q2,West,Office Supplies,6,6.48,38.88,13.88,5.95,19.05
CA-2017-155075,2017-Q4,East,Office Supplies,4,157.79,631.18,765.83,328.21,-462.86
CA-2014-103401,2014-Q4,West,Office Supplies,2,6.48,12.96,4.72,2.02,6.22
CA-2016-124814,2016-Q2,West,Office Supplies,2,6.48,12.96,4.72,2.02,6.22
CA-2016-124814,2016-Q2,West,Office Supplies,5,4.64,23.2,10.56,4.52,8.12
CA-2014-116757,2014-Q2,Central,Office Supplies,5,5.18,25.92,11.79,5.06,9.07
CA-2014-116757,2014-Q2,Central,Office Supplies,6,3.55,21.31,9.88,4.24,7.19
US-2014-138247,2014-Q4,West,Technology,7,24.81,173.66,109.4,46.89,17.37
US-2014-138247,2014-Q4,West,Office Supplies,2,180.98,361.96,182.43,78.18,101.35
US-2014-138247,2014-Q4,West,Technology,3,20.95,62.85,34.76,14.89,13.2
US-2014-138247,2014-Q4,West,Technology,3,272.79,818.38,537.06,230.17,51.15
US-2014-138247,2014-Q4,West,Office Supplies,1,20.34,20.34,14.1,6.04,0.2
US-2014-138247,2014-Q4,West,Furniture,1,23.99,23.99,12.93,5.54,5.52
CA-2017-167003,2017-Q2,West,Furniture,3,57.1,171.29,124.4,53.31,-6.42
CA-2016-119935,2016-Q4,Central,Furniture,2,18.65,37.3,14.1,6.04,17.16
CA-2016-119935,2016-Q4,Central,Office Supplies,2,40.98,81.96,29.83,12.79,39.34
CA-2016-118969,2016-Q4,West,Office Supplies,6,9.13,54.79,66.48,28.49,-40.18
CA-2016-145240,2016-Q3,Central,Office Supplies,1,10.78,10.78,6.98,2.99,0.81
CA-2016-120873,2016-Q4,South,Furniture,1,290.98,290.98,150.73,64.6,75.65
US-2017-111920,2017-Q4,Central,Office Supplies,4,9.11,36.44,17.09,7.32,12.03
US-2016-128678,2016-Q3,West,Office Supplies,5,4.28,21.4,7.94,3.4,10.06
US-2016-128678,2016-Q3,West,Office Supplies,7,6.95,48.66,22.99,9.85,15.82
CA-2016-101385,2016-Q3,West,Office Supplies,4,4.14,16.56,6.72,2.88,6.96
CA-2017-107167,2017-Q2,South,Office Supplies,8,168.44,1347.52,884.31,378.99,84.22
CA-2014-109491,2014-Q1,Central,Technology,3,20.77,62.31,27.92,11.96,22.43
CA-2014-109491,2014-Q1,Central,Furniture,4,5.08,20.32,9.39,4.02,6.91
CA-2017-105445,2017-Q1,West,Office Supplies,3,3.14,9.43,4.45,1.91,3.07
CA-2014-107454,2014-Q4,East,Office Supplies,7,4.98,34.86,13.17,5.65,16.04
CA-2014-107454,2014-Q4,East,Furniture,6,14.89,89.34,45.65,19.57,24.12
US-2017-105046,2017-Q3,East,Technology,2,134.99,269.98,141.74,60.74,67.5
US-2017-105046,2017-Q3,East,Office Supplies,5,19.98,99.9,36.37,15.58,47.95
US-2017-105046,2017-Q3,East,Furniture,4,9.77,39.08,17.23,7.39,14.46
CA-2017-152856,2017-Q3,East,Technology,4,29.21,116.83,58.27,24.97,33.59
CA-2016-134691,2016-Q4,Central,Office Supplies,2,1.15,2.3,4.34,1.86,-3.9
CA-2016-118759,2016-Q4,East,Furniture,2,204.0,408.01,234.84,100.64,72.53
CA-2016-118759,2016-Q4,East,Office Supplies,3,13.48,40.44,20.95,8.98,10.51
CA-2014-140403,2014-Q4,West,Furniture,3,40.78,122.35,76.01,32.58,13.76
CA-2014-140403,2014-Q4,West,Office Supplies,2,7.64,15.28,5.45,2.34,7.49
CA-2015-163104,2015-Q1,West,Office Supplies,2,5.98,11.96,4.27,1.83,5.86
CA-2017-138464,2017-Q3,West,Furniture,3,5.28,15.84,7.65,3.28,4.91
CA-2017-138464,2017-Q3,West,Office Supplies,3,28.79,86.38,39.3,16.85,30.23
CA-2017-138464,2017-Q3,West,Office Supplies,3,6.08,18.24,8.43,3.61,6.2
CA-2017-138464,2017-Q3,West,Office Supplies,4,3.28,13.12,6.15,2.64,4.33
CA-2015-104129,2015-Q1,East,Technology,2,52.99,105.98,73.44,31.48,1.06
CA-2015-104129,2015-Q1,East,Furniture,7,70.56,493.92,365.5,156.64,-28.22
US-2017-132206,2017-Q2,Central,Office Supplies,7,0.85,5.94,10.39,4.45,-8.9
CA-2017-113474,2017-Q1,Central,Office Supplies,2,162.93,325.86,123.17,52.79,149.9
CA-2015-126557,2015-Q3,Central,Furniture,9,42.62,383.61,272.36,116.73,-5.48
CA-2015-126557,2015-Q3,Central,Technology,2,74.24,148.48,92.25,39.53,16.7
CA-2015-126557,2015-Q3,Central,Technology,7,76.79,537.54,338.65,145.14,53.75
CA-2015-126557,2015-Q3,Central,Office Supplies,2,0.96,1.93,3.44,1.48,-2.99
CA-2015-126557,2015-Q3,Central,Office Supplies,3,2.3,6.91,4.35,1.87,0.69
CA-2015-126557,2015-Q3,Central,Furniture,1,7.76,7.76,6.92,2.97,-2.13
CA-2015-126557,2015-Q3,Central,Technology,4,164.79,659.17,426.81,182.92,49.44
US-2017-107636,2017-Q2,East,Office Supplies,2,2.88,5.76,2.06,0.88,2.82
US-2014-165862,2014-Q3,West,Furniture,3,117.07,351.22,242.78,104.05,4.39
US-2014-106334,2014-Q4,West,Furniture,3,76.76,230.28,145.07,62.18,23.03
US-2014-106334,2014-Q4,West,Office Supplies,3,4.28,12.84,4.94,2.12,5.78
CA-2016-101448,2016-Q1,Central,Office Supplies,3,18.94,56.82,19.89,8.52,28.41
CA-2015-130218,2015-Q1,South,Office Supplies,4,7.89,31.56,12.15,5.21,14.2
CA-2015-130218,2015-Q1,South,Office Supplies,4,6.98,27.92,19.15,8.21,0.56
US-2017-117331,2017-Q4,West,Office Supplies,1,8.56,8.56,10.58,4.54,-6.56
CA-2014-127383,2014-Q4,Central,Office Supplies,2,24.78,49.57,22.12,9.48,17.97
CA-2014-110219,2014-Q2,Central,Furniture,3,42.62,127.87,95.9,41.1,-9.13
CA-2015-118871,2015-Q4,West,Office Supplies,3,90.48,271.44,104.5,44.79,122.15
CA-2015-118871,2015-Q4,West,Technology,3,36.78,110.35,71.45,30.62,8.28
CA-2015-118871,2015-Q4,West,Furniture,5,7.28,36.4,15.8,6.77,13.83
CA-2017-129490,2017-Q3,South,Furniture,4,104.78,419.14,333.74,143.03,-57.63
CA-2014-101175,2014-Q4,West,Office Supplies,6,16.78,100.7,71.37,30.59,-1.26
US-2017-149510,2017-Q4,South,Office Supplies,3,15.07,45.22,28.49,12.21,4.52
US-2017-149510,2017-Q4,South,Office Supplies,6,4.8,28.78,34.92,14.97,-21.11
US-2017-149510,2017-Q4,South,Office Supplies,4,6.11,24.45,10.91,4.68,8.86
CA-2015-111990,2015-Q4,Central,Office Supplies,6,1.75,10.48,19.44,8.33,-17.29
CA-2014-169460,2014-Q2,West,Furniture,3,25.38,76.14,34.64,14.85,26.65
US-2015-152128,2015-Q2,Central,Office Supplies,3,7.08,21.24,9.22,3.95,8.07
US-2015-152128,2015-Q2,Central,Office Supplies,2,63.98,127.96,47.47,20.35,60.14
CA-2017-126662,2017-Q3,West,Technology,2,239.99,479.98,272.99,116.99,90.0
CA-2016-139395,2016-Q4,Central,Technology,7,93.99,657.93,331.6,142.11,184.22
CA-2016-139395,2016-Q4,Central,Furniture,4,8.37,33.48,17.35,7.43,8.7
CA-2016-139395,2016-Q4,Central,Office Supplies,5,2.78,13.9,7.2,3.09,3.61
CA-2016-139395,2016-Q4,Central,Office Supplies,2,13.43,26.86,14.1,6.04,6.72
US-2014-121734,2014-Q2,West,Office Supplies,1,9.58,9.58,4.36,1.87,3.35
CA-2015-110947,2015-Q2,South,Office Supplies,3,37.7,113.1,39.58,16.97,56.55
US-2014-150126,2014-Q3,East,Office Supplies,11,5.98,65.78,23.49,10.06,32.23
CA-2015-164427,2015-Q3,South,Technology,6,39.95,239.7,93.96,40.27,105.47
CA-2016-120250,2016-Q3,East,Furniture,3,8.54,25.63,15.25,6.54,3.84
CA-2016-121993,2016-Q2,East,Office Supplies,8,2.95,23.62,10.96,4.69,7.97
US-2016-100405,2016-Q3,West,Office Supplies,2,4.13,8.26,3.12,1.34,3.8
US-2017-163790,2017-Q4,West,Office Supplies,7,10.94,76.58,26.8,11.49,38.29
US-2017-163790,2017-Q4,West,Office Supplies,5,1.76,8.8,3.21,1.37,4.22
US-2017-163790,2017-Q4,West,Office Supplies,6,98.39,590.35,268.61,115.12,206.62
US-2017-163790,2017-Q4,West,Office Supplies,3,1.86,5.58,3.79,1.62,0.17
US-2017-163790,2017-Q4,West,Furniture,3,8.34,25.02,10.16,4.35,10.51
US-2017-163790,2017-Q4,West,Office Supplies,7,64.65,452.55,300.94,128.98,22.63
CA-2016-129868,2016-Q4,West,Office Supplies,2,8.88,17.76,8.95,3.84,4.97
CA-2016-129868,2016-Q4,West,Technology,2,151.19,302.38,190.5,81.64,30.24
CA-2016-129868,2016-Q4,West,Furniture,3,48.78,146.35,106.29,45.55,-5.49
CA-2016-129868,2016-Q4,West,Office Supplies,2,3.95,7.9,4.09,1.76,2.05
CA-2016-129868,2016-Q4,West,Furniture,3,300.9,902.71,608.2,260.66,33.85
CA-2016-129868,2016-Q4,West,Office Supplies,3,17.99,53.97,27.2,11.66,15.11
CA-2016-140564,2016-Q4,East,Office Supplies,8,4.24,33.92,14.48,6.21,13.23
US-2017-169502,2017-Q3,Central,Office Supplies,3,7.27,21.81,11.14,4.78,5.89
US-2017-169502,2017-Q3,Central,Office Supplies,5,18.32,91.6,45.53,19.51,26.56
CA-2015-146948,2015-Q3,East,Furniture,1,150.98,150.98,75.04,32.16,43.78
CA-2015-146948,2015-Q3,East,Office Supplies,9,15.25,137.25,51.88,22.23,63.14
CA-2015-146948,2015-Q3,East,Office Supplies,4,2.88,11.52,4.28,1.83,5.41
US-2015-113327,2015-Q2,South,Office Supplies,1,18.27,18.27,8.63,3.7,5.94
US-2015-113327,2015-Q2,South,Office Supplies,4,38.43,153.73,69.95,29.98,53.8
US-2015-113327,2015-Q2,South,Office Supplies,2,6.11,12.22,5.45,2.34,4.43
US-2015-113327,2015-Q2,South,Technology,7,23.99,167.94,82.29,35.27,50.38
CA-2015-135020,2015-Q2,East,Technology,1,45.99,45.99,22.86,9.79,13.34
CA-2015-135020,2015-Q2,East,Office Supplies,3,178.47,535.41,262.35,112.44,160.62
CA-2015-135020,2015-Q2,East,Office Supplies,2,3.05,6.1,2.83,1.21,2.06
CA-2015-135020,2015-Q2,East,Office Supplies,7,6.48,45.36,16.51,7.08,21.77
US-2017-141852,2017-Q4,West,Furniture,8,5.89,47.12,18.47,7.92,20.73
CA-2016-109407,2016-Q1,South,Office Supplies,4,7.84,31.36,10.98,4.7,15.68
US-2017-165953,2016-Q4,South,Office Supplies,3,15.87,47.62,30.83,13.22,3.57
US-2017-165953,2016-Q4,South,Office Supplies,5,4.7,23.48,10.68,4.58,8.22
CA-2016-144540,2016-Q3,Central,Office Supplies,3,20.93,62.79,160.43,68.75,-166.39
CA-2016-144540,2016-Q3,Central,Office Supplies,9,3.16,28.44,16.92,7.25,4.27
CA-2015-159863,2015-Q3,Central,Technology,3,44.79,134.38,89.36,38.3,6.72
CA-2015-117800,2015-Q3,East,Technology,2,294.95,589.9,309.69,132.73,147.48
CA-2015-117800,2015-Q3,East,Furniture,3,180.98,542.94,281.25,120.53,141.16
CA-2017-145219,2017-Q4,West,Technology,6,479.99,2879.95,1310.38,561.59,1007.98
CA-2017-145219,2017-Q4,West,Office Supplies,3,30.16,90.48,39.59,16.96,33.93
CA-2015-161214,2015-Q4,East,Office Supplies,5,15.51,77.55,39.09,16.75,21.71
CA-2017-147228,2017-Q3,South,Office Supplies,3,2.94,8.83,7.57,3.25,-1.99
CA-2017-147228,2017-Q3,South,Office Supplies,4,44.38,177.54,80.78,34.62,62.14
CA-2017-147228,2017-Q3,South,Office Supplies,2,129.24,258.48,183.2,78.51,-3.23
CA-2017-147228,2017-Q3,South,Furniture,3,4.71,14.14,6.93,2.97,4.24
CA-2016-101336,2016-Q4,East,Office Supplies,5,15.51,77.55,40.17,17.22,20.16
CA-2016-101336,2016-Q4,East,Office Supplies,2,12.44,24.88,12.54,5.37,6.97
CA-2016-101336,2016-Q4,East,Office Supplies,5,28.15,140.75,70.94,30.4,39.41
CA-2016-101336,2016-Q4,East,Office Supplies,3,12.21,36.63,18.72,8.02,9.89
US-2015-126235,2015-Q4,Central,Furniture,2,8.57,17.14,7.68,3.29,6.17
CA-2017-168396,2017-Q3,West,Office Supplies,5,10.35,51.75,18.84,8.07,24.84
CA-2017-168396,2017-Q3,West,Furniture,3,41.32,123.96,78.96,33.84,11.16
CA-2015-130456,2015-Q3,West,Furniture,6,97.73,586.4,386.34,165.57,34.49
CA-2015-130456,2015-Q3,West,Office Supplies,1,80.98,80.98,54.42,23.32,3.24
CA-2017-116288,2017-Q1,West,Office Supplies,3,80.98,242.94,163.25,69.97,9.72
CA-2017-168228,2017-Q2,West,Office Supplies,4,30.98,123.92,63.32,27.14,33.46
CA-2017-168228,2017-Q2,West,Office Supplies,3,4.13,12.39,4.68,2.01,5.7
CA-2017-168228,2017-Q2,West,Office Supplies,2,23.65,47.3,24.5,10.5,12.3
CA-2016-102162,2016-Q3,South,Technology,8,199.99,1599.92,593.57,254.39,751.96
CA-2016-102162,2016-Q3,South,Office Supplies,1,11.09,11.09,3.96,1.7,5.43
CA-2017-130141,2017-Q4,West,Office Supplies,4,0.79,3.17,3.99,1.71,-2.53
CA-2017-130141,2017-Q4,West,Furniture,4,144.78,579.14,425.67,182.43,-28.96
CA-2015-147501,2015-Q3,West,Office Supplies,2,3.18,6.37,2.95,1.27,2.15
CA-2015-147501,2015-Q3,West,Technology,2,279.2,558.4,361.56,154.96,41.88
CA-2016-143910,2016-Q3,East,Furniture,2,72.88,145.76,107.7,46.16,-8.1
CA-2014-146885,2014-Q2,South,Office Supplies,3,4.54,13.62,5.24,2.25,6.13
CA-2016-139556,2016-Q2,East,Furniture,3,144.88,434.65,260.31,111.56,62.78
CA-2017-129357,2017-Q2,West,Office Supplies,9,48.91,440.19,163.31,69.99,206.89
CA-2017-129357,2017-Q2,West,Office Supplies,5,12.88,64.4,43.73,18.74,1.93
CA-2017-150987,2017-Q2,West,Office Supplies,5,48.91,244.55,90.73,38.88,114.94
CA-2017-150987,2017-Q2,West,Office Supplies,4,48.94,195.76,68.52,29.36,97.88
CA-2017-132647,2017-Q1,East,Office Supplies,2,5.88,11.76,4.2,1.8,5.76
CA-2017-132647,2017-Q1,East,Office Supplies,5,33.29,166.45,88.55,37.95,39.95
CA-2017-159107,2017-Q2,West,Office Supplies,1,2.88,2.88,1.07,0.46,1.35
CA-2014-160738,2014-Q2,Central,Office Supplies,2,22.62,45.25,28.9,12.39,3.96
CA-2015-112130,2015-Q2,East,Office Supplies,2,29.95,59.9,31.97,13.7,14.23
CA-2015-112130,2015-Q2,East,Office Supplies,2,11.85,23.7,12.03,5.15,6.52
CA-2015-112130,2015-Q2,East,Office Supplies,2,3.98,7.97,3.56,1.52,2.89
CA-2015-112130,2015-Q2,East,Office Supplies,7,2.6,18.2,11.3,4.85,2.05
CA-2015-112130,2015-Q2,East,Technology,3,9.18,27.55,19.52,8.37,-0.34
CA-2015-112130,2015-Q2,East,Furniture,6,140.69,844.12,616.21,264.09,-36.18
CA-2015-112130,2015-Q2,East,Office Supplies,3,25.58,76.75,60.44,25.9,-9.59
CA-2016-111409,2016-Q3,South,Office Supplies,1,3.0,3.0,1.36,0.59,1.05
CA-2016-116232,2016-Q3,South,Office Supplies,9,0.83,7.51,9.46,4.05,-6.0
CA-2016-116232,2016-Q3,South,Office Supplies,2,8.28,16.56,7.53,3.23,5.8
CA-2016-116547,2016-Q1,West,Furniture,4,19.98,79.92,31.89,13.66,34.37
CA-2016-116547,2016-Q1,West,Technology,2,34.99,69.98,39.68,17.0,13.3
US-2017-133200,2017-Q2,Central,Office Supplies,10,1.11,11.06,20.9,8.96,-18.8
US-2017-133200,2017-Q2,Central,Furniture,7,89.07,623.46,519.86,222.79,-119.19
US-2017-133200,2017-Q2,Central,Office Supplies,5,154.54,772.68,581.44,249.19,-57.95
CA-2016-133550,2016-Q3,Central,Office Supplies,4,70.78,283.14,147.55,63.23,72.36
CA-2016-133550,2016-Q3,Central,Technology,4,158.99,635.96,329.43,141.18,165.35
CA-2016-133550,2016-Q3,Central,Technology,1,118.99,118.99,59.97,25.7,33.32
CA-2016-133550,2016-Q3,Central,Furniture,3,90.98,272.94,170.04,72.88,30.02
CA-2017-139416,2017-Q1,East,Furniture,2,7.5,15.01,9.46,4.05,1.5
CA-2014-114510,2014-Q1,West,Office Supplies,4,8.27,33.09,15.34,6.58,11.17
CA-2014-114510,2014-Q1,West,Office Supplies,1,80.98,80.98,54.42,23.32,3.24
CA-2014-114510,2014-Q1,West,Technology,12,6.9,82.8,53.33,22.85,6.62
CA-2014-114510,2014-Q1,West,Office Supplies,2,10.68,21.36,10.91,4.68,5.77
CA-2014-114510,2014-Q1,West,Office Supplies,2,31.02,62.05,29.32,12.56,20.17
CA-2016-169215,2016-Q3,East,Office Supplies,9,3.29,29.61,11.4,4.89,13.32
CA-2016-127698,2016-Q4,South,Technology,9,95.99,863.93,544.28,233.26,86.39
CA-2016-159912,2016-Q3,East,Furniture,4,60.48,241.92,208.86,89.51,-56.45
CA-2016-159912,2016-Q3,East,Furniture,4,40.97,163.88,172.07,73.75,-81.94
CA-2016-159912,2016-Q3,East,Office Supplies,2,1.74,3.49,4.4,1.88,-2.79
CA-2016-159912,2016-Q3,East,Office Supplies,7,1.51,10.58,9.07,3.89,-2.38
CA-2016-101987,2016-Q2,Central,Technology,9,48.99,440.91,222.22,95.24,123.45
US-2017-154851,2017-Q1,East,Office Supplies,5,1.14,5.72,7.34,3.14,-4.76
CA-2014-138681,2014-Q4,West,Furniture,2,25.98,51.97,29.11,12.47,10.39
CA-2014-138681,2014-Q4,West,Technology,3,23.99,71.98,35.27,15.12,21.59
CA-2014-138681,2014-Q4,West,Furniture,3,80.78,242.35,199.33,85.43,-42.41
CA-2014-138681,2014-Q4,West,Office Supplies,5,44.38,221.92,100.97,43.28,77.67
CA-2014-138681,2014-Q4,West,Office Supplies,2,4.22,8.45,4.07,1.74,2.64
US-2015-138121,2015-Q4,Central,Office Supplies,4,7.38,29.52,10.54,4.52,14.46
US-2015-138121,2015-Q4,Central,Furniture,3,100.98,302.94,178.13,76.34,48.47
US-2015-138121,2015-Q4,Central,Furniture,2,71.18,142.36,72.74,31.18,38.44
US-2015-138121,2015-Q4,Central,Furniture,9,60.74,546.66,287.0,123.0,136.66
US-2015-138121,2015-Q4,Central,Furniture,3,70.71,212.13,138.1,59.18,14.85
CA-2017-140298,2017-Q2,Central,Office Supplies,2,2.62,5.25,3.26,1.4,0.59
CA-2017-140298,2017-Q2,Central,Office Supplies,2,37.21,74.42,62.51,26.79,-14.88
CA-2017-140298,2017-Q2,Central,Office Supplies,2,3.42,6.85,3.3,1.41,2.14
CA-2017-140298,2017-Q2,Central,Furniture,1,8.0,8.0,10.5,4.5,-7.0
CA-2016-166240,2016-Q2,Central,Office Supplies,2,4.36,8.71,19.82,8.49,-19.6
CA-2016-158435,2016-Q2,East,Office Supplies,7,9.31,65.17,32.39,13.88,18.9
CA-2016-158435,2016-Q2,East,Office Supplies,2,7.31,14.62,5.42,2.33,6.87
CA-2016-158435,2016-Q2,East,Furniture,4,43.31,173.24,109.14,46.78,17.32
CA-2017-138149,2017-Q2,West,Office Supplies,5,179.18,895.92,415.48,178.07,302.37
CA-2017-138149,2017-Q2,West,Office Supplies,3,43.57,130.71,64.05,27.45,39.21
CA-2017-138149,2017-Q2,West,Office Supplies,2,5.84,11.68,6.05,2.59,3.04
CA-2017-138149,2017-Q2,West,Technology,3,20.77,62.31,27.92,11.96,22.43
CA-2014-112403,2014-Q1,East,Office Supplies,1,0.85,0.85,1.01,0.44,-0.6
CA-2014-108273,2014-Q4,Central,Office Supplies,7,5.18,36.29,16.51,7.08,12.7
CA-2014-108273,2014-Q4,Central,Furniture,2,28.28,56.57,92.06,39.46,-74.95
CA-2017-121643,2017-Q2,West,Technology,2,172.35,344.7,214.14,91.78,38.78
US-2015-122910,2015-Q2,West,Technology,2,100.79,201.58,126.99,54.43,20.16
CA-2017-143126,2017-Q4,West,Furniture,2,260.98,521.96,303.26,129.97,88.73
CA-2015-129042,2015-Q4,East,Office Supplies,3,2.74,8.22,4.2,1.8,2.22
CA-2015-109736,2015-Q4,West,Office Supplies,7,6.48,45.36,16.51,7.08,21.77
CA-2015-142601,2015-Q2,West,Office Supplies,7,135.31,947.17,656.39,281.31,9.47
CA-2015-142601,2015-Q2,West,Office Supplies,2,30.98,61.96,23.86,10.22,27.88
CA-2014-106229,2014-Q2,Central,Furniture,3,89.65,268.94,335.1,143.61,-209.77
US-2017-135230,2017-Q3,West,Office Supplies,1,7.58,7.58,3.23,1.39,2.96
CA-2016-159653,2016-Q2,South,Office Supplies,3,4.91,14.73,5.26,2.25,7.22
CA-2016-131968,2016-Q4,South,Office Supplies,2,4.94,9.89,11.77,5.04,-6.92
CA-2016-131968,2016-Q4,South,Office Supplies,3,223.85,671.54,434.82,186.35,50.37
CA-2014-119151,2014-Q4,East,Office Supplies,4,279.48,1117.92,743.41,318.61,55.9
CA-2014-119151,2014-Q4,East,Furniture,3,91.98,275.95,219.72,94.17,-37.94
CA-2014-123323,2014-Q4,West,Office Supplies,7,17.59,123.14,53.87,23.09,46.18
CA-2016-124681,2016-Q3,Central,Technology,3,5.19,15.58,8.59,3.68,3.31
US-2015-103996,2015-Q1,West,Office Supplies,6,35.44,212.64,78.89,33.81,99.94
US-2015-103996,2015-Q1,West,Office Supplies,3,3.29,9.87,3.73,1.6,4.54
US-2015-103996,2015-Q1,West,Technology,3,17.75,53.25,22.74,9.74,20.77
US-2015-103996,2015-Q1,West,Furniture,3,6.64,19.92,7.25,3.11,9.56
CA-2016-120530,2016-Q2,East,Furniture,3,219.58,658.75,358.65,153.71,146.39
CA-2015-155054,2015-Q2,East,Office Supplies,2,4.13,8.26,3.07,1.31,3.88
CA-2015-155054,2015-Q2,East,Office Supplies,2,14.92,29.84,11.49,4.92,13.43
CA-2015-155054,2015-Q2,East,Technology,2,33.99,67.98,37.11,15.91,14.96
CA-2015-105725,2015-Q1,West,Office Supplies,2,30.53,61.06,23.08,9.89,28.09
CA-2015-105725,2015-Q1,West,Furniture,1,35.54,35.54,25.5,10.93,-0.89
CA-2017-164364,2017-Q4,West,Office Supplies,2,4.98,9.96,3.77,1.61,4.58
CA-2017-164364,2017-Q4,West,Office Supplies,3,3.07,9.21,4.84,2.07,2.3
CA-2017-164364,2017-Q4,West,Office Supplies,3,9.31,27.93,13.88,5.95,8.1
CA-2017-168123,2017-Q1,Central,Office Supplies,2,3.95,7.9,3.76,1.61,2.53
CA-2017-168123,2017-Q1,Central,Office Supplies,4,55.29,221.16,114.56,49.1,57.5
CA-2017-168123,2017-Q1,Central,Office Supplies,2,63.98,127.96,45.68,19.58,62.7
CA-2017-168123,2017-Q1,Central,Office Supplies,3,6.23,18.69,6.67,2.86,9.16
CA-2016-120005,2016-Q1,West,Office Supplies,3,8.45,25.35,12.42,5.33,7.6
CA-2016-120005,2016-Q1,West,Furniture,3,11.76,35.28,16.3,6.98,12.0
CA-2016-123526,2016-Q4,West,Office Supplies,5,6.68,33.4,12.16,5.21,16.03
CA-2016-127649,2016-Q4,West,Technology,3,279.2,837.6,542.35,232.43,62.82
CA-2016-159989,2016-Q4,South,Technology,3,13.56,40.68,34.88,14.95,-9.15
CA-2017-103499,2017-Q4,South,Furniture,2,104.78,209.57,163.2,69.95,-23.58
US-2015-167220,2015-Q4,Central,Technology,4,5.59,22.37,11.16,4.78,6.43
CA-2017-126354,2017-Q1,South,Office Supplies,2,1.94,3.88,4.53,1.94,-2.59
CA-2017-126354,2017-Q1,South,Office Supplies,3,38.43,115.3,52.46,22.49,40.35
CA-2017-169817,2017-Q3,East,Office Supplies,2,0.96,1.91,2.41,1.03,-1.53
US-2017-144582,2017-Q2,Central,Office Supplies,7,6.2,43.37,78.94,33.83,-69.4
CA-2014-121573,2014-Q4,East,Technology,4,195.99,783.96,395.12,169.33,219.51
CA-2014-121573,2014-Q4,East,Office Supplies,2,24.45,48.9,21.39,9.17,18.34
CA-2014-121573,2014-Q4,East,Office Supplies,2,3.93,7.86,3.51,1.5,2.85
CA-2016-117660,2016-Q4,East,Office Supplies,2,2.95,5.9,2.74,1.17,1.99
CA-2016-117660,2016-Q4,East,Office Supplies,2,6.86,13.71,8.88,3.8,1.03
CA-2014-112851,2014-Q3,West,Office Supplies,3,60.98,182.94,67.87,29.09,85.98
CA-2017-123701,2017-Q4,West,Office Supplies,4,6.94,27.76,12.44,5.33,9.99
CA-2015-118227,2015-Q2,East,Office Supplies,1,25.99,25.99,12.91,5.54,7.54
CA-2015-123155,2015-Q1,Central,Technology,5,22.7,113.52,58.6,25.12,29.8
CA-2015-123155,2015-Q1,Central,Technology,3,119.96,359.88,236.17,101.22,22.49
CA-2017-158883,2017-Q2,South,Office Supplies,4,6.34,25.34,11.3,4.85,9.19
US-2016-114888,2016-Q3,West,Office Supplies,3,3.98,11.95,5.44,2.33,4.18
US-2016-114888,2016-Q3,West,Office Supplies,3,2.08,6.24,3.06,1.31,1.87
US-2014-167262,2014-Q4,West,Technology,8,92.79,742.34,461.18,197.65,83.51
CA-2017-119746,2017-Q4,Central,Furniture,1,6.46,6.46,7.35,3.15,-4.04
CA-2017-119746,2017-Q4,Central,Office Supplies,5,2.3,11.52,5.14,2.2,4.18
CA-2017-119746,2017-Q4,Central,Technology,2,111.19,222.38,143.99,61.71,16.68
CA-2017-108091,2017-Q4,West,Office Supplies,4,5.84,23.36,12.1,5.19,6.07
CA-2016-101630,2016-Q1,East,Office Supplies,3,2.89,8.67,3.22,1.38,4.07
CA-2016-101630,2016-Q1,East,Office Supplies,3,8.57,25.71,13.32,5.71,6.68
CA-2017-132346,2017-Q4,East,Office Supplies,7,14.42,100.94,47.34,20.29,33.31
CA-2014-150301,2014-Q3,East,Furniture,1,63.88,63.88,37.26,15.97,10.65
CA-2014-159310,2014-Q4,Central,Furniture,4,170.78,683.14,478.2,204.94,0.0
CA-2014-159310,2014-Q4,Central,Office Supplies,3,0.49,1.48,2.58,1.11,-2.21
CA-2014-159310,2014-Q4,Central,Office Supplies,7,5.82,40.71,26.0,11.15,3.56
US-2017-147984,2017-Q1,Central,Office Supplies,5,55.98,279.9,99.92,42.83,137.15
CA-2015-104346,2015-Q4,West,Office Supplies,5,2.62,13.12,8.38,3.59,1.15
CA-2015-104346,2015-Q4,West,Furniture,4,17.4,69.58,149.36,64.01,-143.79
CA-2015-104346,2015-Q4,West,Office Supplies,3,1.41,4.22,2.62,1.12,0.48
CA-2015-104346,2015-Q4,West,Technology,4,14.52,58.08,45.23,19.38,-6.53
CA-2015-104346,2015-Q4,West,Furniture,9,5.82,52.42,26.14,11.21,15.07
CA-2015-104346,2015-Q4,West,Furniture,5,10.98,54.92,30.76,13.18,10.98
CA-2015-104346,2015-Q4,West,Furniture,5,72.99,364.95,429.18,183.94,-248.17
CA-2015-104346,2015-Q4,West,Office Supplies,3,28.35,85.06,39.45,16.9,28.71
CA-2015-104346,2015-Q4,West,Office Supplies,3,9.23,27.7,12.61,5.4,9.69
US-2015-141684,2015-Q2,East,Office Supplies,4,6.24,24.96,9.61,4.12,11.23
CA-2015-144722,2015-Q1,West,Furniture,1,43.13,43.13,17.51,7.51,18.11
CA-2015-120516,2015-Q3,South,Office Supplies,3,1.88,5.64,2.05,0.88,2.71
US-2016-148901,2016-Q2,South,Office Supplies,3,19.19,57.58,71.21,30.52,-44.15
US-2016-148901,2016-Q2,South,Office Supplies,6,5.18,31.1,14.15,6.06,10.89
US-2016-148901,2016-Q2,South,Furniture,3,10.06,30.19,15.32,6.57,8.3
US-2016-148901,2016-Q2,South,Technology,5,8.72,43.6,27.47,11.77,4.36
US-2016-148901,2016-Q2,South,Office Supplies,2,2.38,4.77,3.04,1.31,0.42
US-2016-148901,2016-Q2,South,Office Supplies,2,5.19,10.38,12.59,5.4,-7.61
US-2016-148901,2016-Q2,South,Office Supplies,8,1.67,13.39,16.25,6.96,-9.82
CA-2017-136364,2017-Q3,East,Technology,1,39.59,39.59,32.8,14.05,-7.26
CA-2017-136364,2017-Q3,East,Furniture,9,10.11,91.01,50.17,21.5,19.34
CA-2015-137708,2015-Q4,West,Office Supplies,2,18.97,37.94,13.81,5.92,18.21
CA-2015-137708,2015-Q4,West,Office Supplies,10,4.28,42.8,16.48,7.06,19.26
CA-2015-137708,2015-Q4,West,Office Supplies,3,11.21,33.63,16.48,7.06,10.09
CA-2014-149055,2014-Q4,East,Office Supplies,3,20.94,62.81,29.13,12.48,21.2
CA-2015-151589,2015-Q4,Central,Office Supplies,4,48.91,195.64,72.58,31.11,91.95
CA-2015-151589,2015-Q4,Central,Technology,2,119.95,239.9,117.55,50.38,71.97
CA-2016-121370,2016-Q4,East,Furniture,3,126.69,380.06,281.25,120.53,-21.72
CA-2016-121370,2016-Q4,East,Technology,4,300.0,1199.98,713.99,305.99,180.0
CA-2016-121370,2016-Q4,East,Furniture,3,16.19,48.58,27.2,11.66,9.72
CA-2016-111696,2016-Q2,West,Office Supplies,3,5.98,17.94,6.91,2.96,8.07
CA-2014-139598,2014-Q4,East,Office Supplies,3,6.09,18.26,8.47,3.63,6.16
CA-2014-139598,2014-Q4,East,Office Supplies,2,17.33,34.66,20.32,8.71,5.63
CA-2014-139598,2014-Q4,East,Office Supplies,2,40.78,81.55,51.37,22.02,8.16
CA-2014-139598,2014-Q4,East,Office Supplies,4,56.78,227.14,188.81,80.92,-42.59
CA-2017-117436,2017-Q2,East,Office Supplies,2,5.18,10.36,3.7,1.58,5.08
CA-2015-140025,2015-Q2,Central,Office Supplies,8,57.91,463.25,1151.17,493.36,-1181.28
CA-2015-140025,2015-Q2,Central,Technology,6,63.99,383.95,235.17,100.79,47.99
CA-2016-134222,2016-Q3,West,Office Supplies,6,7.48,44.86,56.52,24.22,-35.88
CA-2016-140018,2016-Q4,East,Technology,7,4.33,30.34,38.23,16.39,-24.28
CA-2016-140018,2016-Q4,East,Furniture,3,42.52,127.55,95.66,41.0,-9.11
CA-2016-140018,2016-Q4,East,Furniture,3,25.98,77.95,43.65,18.71,15.59
US-2017-136707,2017-Q4,West,Office Supplies,4,3.5,14.02,6.38,2.73,4.91
CA-2014-152562,2014-Q4,South,Office Supplies,2,34.76,69.52,35.03,15.02,19.47
CA-2014-152562,2014-Q4,South,Office Supplies,3,1.88,5.64,2.8,1.2,1.64
CA-2016-152408,2016-Q2,East,Office Supplies,3,4.59,13.78,6.51,2.79,4.48
CA-2014-120278,2014-Q4,Central,Office Supplies,6,40.98,245.88,123.92,53.11,68.85
CA-2014-120278,2014-Q4,Central,Office Supplies,3,12.21,36.63,18.72,8.02,9.89
CA-2014-120278,2014-Q4,Central,Office Supplies,2,11.29,22.58,11.7,5.01,5.87
CA-2014-120278,2014-Q4,Central,Office Supplies,3,4.13,12.39,4.6,1.97,5.82
CA-2017-167661,2017-Q4,West,Office Supplies,5,7.98,39.92,18.52,7.93,13.47
CA-2017-167661,2017-Q4,West,Office Supplies,2,30.98,61.96,23.86,10.22,27.88
CA-2017-167661,2017-Q4,West,Office Supplies,4,4.99,19.94,8.9,3.81,7.23
CA-2017-106831,2017-Q2,East,Office Supplies,2,1.9,3.8,4.52,1.94,-2.66
CA-2017-106831,2017-Q2,East,Office Supplies,6,4.62,27.74,12.38,5.3,10.06
CA-2017-106831,2017-Q2,East,Technology,4,39.6,158.38,134.88,57.81,-34.31
CA-2017-154123,2017-Q4,South,Furniture,2,13.79,27.58,11.2,4.8,11.58
CA-2016-136049,2016-Q4,East,Office Supplies,3,1.85,5.55,6.73,2.89,-4.07
CA-2017-118402,2017-Q3,South,Office Supplies,5,48.78,243.92,209.16,89.64,-54.88
US-2016-139388,2016-Q4,East,Office Supplies,4,3.74,14.96,10.26,4.4,0.3
US-2014-128685,2014-Q2,West,Office Supplies,2,3.59,7.18,3.46,1.48,2.24
CA-2015-124044,2015-Q3,East,Office Supplies,3,3.5,10.51,4.78,2.05,3.68
CA-2014-164469,2014-Q2,West,Technology,5,52.79,263.96,170.91,73.25,19.8
CA-2014-164469,2014-Q2,West,Office Supplies,11,6.51,71.63,37.6,16.12,17.91
CA-2014-164469,2014-Q2,West,Office Supplies,1,9.33,9.33,5.96,2.55,0.82
CA-2014-107818,2014-Q3,West,Office Supplies,2,2.94,5.88,2.26,0.97,2.65
CA-2014-107818,2014-Q3,West,Furniture,5,195.18,975.92,597.75,256.18,121.99
CA-2014-107818,2014-Q3,West,Office Supplies,8,37.98,303.84,148.88,63.81,91.15
CA-2014-107818,2014-Q3,West,Office Supplies,6,80.98,485.88,326.51,139.93,19.44
CA-2014-113320,2014-Q4,West,Furniture,3,4.18,12.54,5.62,2.41,4.51
CA-2014-113320,2014-Q4,West,Office Supplies,3,2.98,8.94,5.82,2.49,0.63
CA-2014-113320,2014-Q4,West,Furniture,3,3.08,9.24,3.36,1.44,4.44
CA-2015-137526,2015-Q1,West,Office Supplies,3,23.34,70.01,31.86,13.65,24.5
CA-2015-137526,2015-Q1,West,Furniture,4,19.4,77.6,27.71,11.87,38.02
CA-2015-137526,2015-Q1,West,Furniture,9,51.65,464.85,260.32,111.56,92.97
CA-2017-136063,2017-Q4,Central,Office Supplies,7,1.46,10.19,6.42,2.75,1.02
CA-2016-101546,2016-Q4,East,Office Supplies,2,896.99,1793.98,665.57,285.24,843.17
CA-2014-138940,2014-Q2,Central,Technology,6,126.39,758.35,345.05,147.88,265.42
CA-2016-125164,2016-Q4,East,Office Supplies,1,20.37,20.37,9.09,3.9,7.38
CA-2016-125164,2016-Q4,East,Office Supplies,3,16.62,49.85,23.12,9.91,16.82
CA-2017-163531,2017-Q2,East,Technology,3,79.99,239.97,120.95,51.83,67.19
CA-2017-122490,2017-Q4,West,Furniture,6,400.78,2404.7,1578.09,676.32,150.29
CA-2017-122490,2017-Q4,West,Office Supplies,11,51.18,563.02,261.1,111.9,190.02
CA-2017-122490,2017-Q4,West,Office Supplies,3,114.97,344.91,234.19,100.37,10.35
CA-2017-122490,2017-Q4,West,Office Supplies,3,2.88,8.64,3.09,1.32,4.23
CA-2017-131366,2017-Q4,East,Technology,2,45.0,89.99,73.49,31.5,-15.0
CA-2017-131366,2017-Q4,East,Office Supplies,7,32.79,229.54,102.43,43.9,83.21
CA-2017-164042,2017-Q2,Central,Office Supplies,2,0.91,1.82,0.84,0.36,0.62
CA-2017-164042,2017-Q2,Central,Office Supplies,5,3.66,18.32,45.53,19.51,-46.72
CA-2017-164042,2017-Q2,Central,Office Supplies,3,16.27,48.82,42.29,18.12,-11.59
CA-2017-164042,2017-Q2,Central,Office Supplies,1,1.19,1.19,2.2,0.95,-1.96
CA-2014-132864,2014-Q4,East,Technology,5,23.96,119.8,62.89,26.96,29.95
US-2014-155817,2014-Q4,South,Office Supplies,2,30.78,61.57,39.87,17.08,4.62
US-2014-155817,2014-Q4,South,Office Supplies,3,2.06,6.19,4.01,1.72,0.46
US-2016-131891,2016-Q3,South,Office Supplies,3,0.74,2.21,2.58,1.11,-1.48
CA-2017-143567,2017-Q4,South,Office Supplies,2,2.66,5.32,1.9,0.81,2.61
CA-2017-143567,2017-Q4,South,Furniture,4,243.98,975.92,478.2,204.94,292.78
CA-2017-143567,2017-Q4,South,Technology,9,249.99,2249.91,1212.7,519.73,517.48
CA-2017-143567,2017-Q4,South,Office Supplies,4,14.98,59.92,30.2,12.94,16.78
CA-2017-104080,2017-Q1,West,Office Supplies,5,34.24,171.2,74.9,32.1,64.2
CA-2017-104080,2017-Q1,West,Office Supplies,2,1.68,3.36,1.74,0.75,0.87
CA-2014-151379,2014-Q4,Central,Office Supplies,5,22.84,114.2,43.17,18.5,52.53
CA-2016-163167,2016-Q4,South,Furniture,3,60.89,182.67,90.79,38.91,52.97
CA-2016-163167,2016-Q4,South,Technology,6,16.95,101.7,66.92,28.68,6.1
CA-2016-163167,2016-Q4,South,Office Supplies,3,375.34,1126.02,748.8,320.92,56.3
CA-2016-163167,2016-Q4,South,Office Supplies,6,210.55,1263.3,663.24,284.24,315.82
CA-2016-135776,2016-Q4,West,Office Supplies,3,2.94,8.82,4.38,1.88,2.56
CA-2016-135776,2016-Q4,West,Office Supplies,2,18.97,37.94,13.81,5.92,18.21
CA-2016-135776,2016-Q4,West,Office Supplies,2,2.1,4.2,2.11,0.91,1.18
CA-2016-135776,2016-Q4,West,Office Supplies,2,113.64,227.28,157.51,67.5,2.27
CA-2016-135776,2016-Q4,West,Office Supplies,1,47.9,47.9,17.44,7.47,22.99
CA-2016-135776,2016-Q4,West,Office Supplies,2,30.98,61.96,22.12,9.48,30.36
CA-2016-135776,2016-Q4,West,Office Supplies,4,279.48,1117.92,743.41,318.61,55.9
US-2014-122021,2014-Q4,East,Furniture,2,91.68,183.37,133.86,57.37,-7.86
US-2014-122021,2014-Q4,East,Office Supplies,2,3.98,7.97,3.56,1.52,2.89
CA-2016-130484,2016-Q3,West,Office Supplies,8,3.29,26.35,31.36,13.44,-18.45
CA-2017-120936,2017-Q4,West,Office Supplies,4,120.33,481.32,249.33,106.85,125.14
CA-2017-120936,2017-Q4,West,Office Supplies,1,13.98,13.98,7.25,3.1,3.63
CA-2017-110884,2017-Q1,East,Office Supplies,6,4.32,25.92,11.79,5.06,9.07
CA-2017-110884,2017-Q1,East,Office Supplies,3,30.53,91.59,34.62,14.84,42.13
US-2014-161613,2014-Q4,Central,Furniture,3,224.69,674.06,485.32,208.0,-19.26
US-2014-146353,2014-Q4,East,Office Supplies,4,5.73,22.92,8.34,3.58,11.0
US-2014-146353,2014-Q4,East,Office Supplies,5,53.98,269.9,177.6,76.11,16.19
CA-2014-133809,2014-Q4,East,Office Supplies,8,1.48,11.81,14.33,6.14,-8.66
CA-2014-133809,2014-Q4,East,Technology,2,4.8,9.59,8.17,3.5,-2.08
CA-2017-127306,2017-Q1,South,Office Supplies,3,6.11,18.34,8.18,3.51,6.65
CA-2017-127306,2017-Q1,South,Office Supplies,7,5.18,36.29,16.51,7.08,12.7
CA-2017-127306,2017-Q1,South,Technology,2,55.99,111.98,73.49,31.49,7.0
CA-2017-127306,2017-Q1,South,Office Supplies,5,1.19,5.97,7.38,3.17,-4.58
CA-2017-127306,2017-Q1,South,Office Supplies,2,1.25,2.51,3.04,1.31,-1.84
CA-2015-161830,2015-Q3,West,Office Supplies,2,17.98,35.96,17.87,7.66,10.43
CA-2015-161830,2015-Q3,West,Office Supplies,3,4.98,14.95,6.67,2.86,5.42
CA-2017-163125,2017-Q4,Central,Office Supplies,7,9.59,67.14,42.88,18.38,5.88
CA-2017-163125,2017-Q4,Central,Furniture,3,84.69,254.06,200.7,86.02,-32.66
CA-2016-160304,2016-Q1,East,Furniture,3,57.98,173.94,94.97,40.7,38.27
CA-2016-160304,2016-Q1,East,Technology,2,115.99,231.98,115.3,49.41,67.27
CA-2017-101728,2017-Q3,Central,Office Supplies,2,1.15,2.3,4.34,1.86,-3.9
CA-2017-114055,2017-Q4,South,Office Supplies,2,48.04,96.08,34.97,14.99,46.12
CA-2017-114055,2017-Q4,South,Office Supplies,2,1.81,3.62,1.7,0.73,1.19
CA-2017-114055,2017-Q4,South,Office Supplies,6,104.85,629.1,228.99,98.14,301.97
CA-2017-114055,2017-Q4,South,Technology,2,45.24,90.48,46.87,20.09,23.52
CA-2017-126438,2017-Q3,East,Office Supplies,2,7.44,14.88,7.81,3.35,3.72
CA-2017-117653,2017-Q4,Central,Furniture,1,91.28,91.28,111.17,47.65,-67.54
CA-2017-143245,2017-Q4,East,Office Supplies,3,6.48,19.44,7.08,3.03,9.33
CA-2017-143245,2017-Q4,East,Furniture,3,299.05,897.15,452.17,193.78,251.2
US-2014-138828,2014-Q3,East,Office Supplies,5,11.55,57.75,29.11,12.47,16.17
US-2014-138828,2014-Q3,East,Office Supplies,3,4.98,14.94,5.54,2.38,7.02
CA-2017-143651,2017-Q1,West,Office Supplies,2,11.55,23.1,11.32,4.85,6.93
CA-2015-106978,2015-Q3,West,Office Supplies,1,12.54,12.54,5.82,2.49,4.23
CA-2015-106978,2015-Q3,West,Office Supplies,2,0.54,1.08,1.31,0.56,-0.79
CA-2015-106978,2015-Q3,West,Office Supplies,3,1.5,4.51,2.56,1.1,0.85
CA-2015-155124,2015-Q1,West,Technology,3,5.59,16.78,10.57,4.53,1.68
CA-2017-150931,2017-Q1,South,Office Supplies,7,4.82,33.74,12.75,5.47,15.52
CA-2014-157147,2014-Q1,West,Office Supplies,5,265.17,1325.85,761.04,326.16,238.65
CA-2014-157147,2014-Q1,West,Furniture,3,111.33,334.0,231.05,99.02,3.93
CA-2014-157147,2014-Q1,West,Office Supplies,5,3.98,19.9,9.33,4.0,6.57
CA-2015-156482,2015-Q1,East,Furniture,9,140.98,1268.82,701.66,300.71,266.45
CA-2015-156482,2015-Q1,East,Furniture,4,70.98,283.92,141.11,60.47,82.34
CA-2015-156482,2015-Q1,East,Office Supplies,2,2.84,5.68,2.74,1.18,1.76
CA-2017-106782,2017-Q4,Central,Office Supplies,1,375.34,375.34,249.6,106.97,18.77
CA-2016-151372,2016-Q3,West,Office Supplies,2,48.04,96.08,34.97,14.99,46.12
CA-2016-151372,2016-Q3,West,Office Supplies,2,5.84,11.68,5.42,2.32,3.94
CA-2016-151372,2016-Q3,West,Office Supplies,2,2.18,4.36,1.8,0.77,1.79
CA-2014-102085,2014-Q4,West,Office Supplies,4,7.31,29.24,10.85,4.65,13.74
CA-2017-107125,2017-Q4,West,Office Supplies,7,16.78,117.49,53.46,22.91,41.12
CA-2017-107125,2017-Q4,West,Furniture,3,6.28,18.84,8.97,3.84,6.03
CA-2016-125815,2016-Q4,East,Office Supplies,3,4.14,12.42,5.04,2.16,5.22
CA-2015-144190,2015-Q2,Central,Office Supplies,2,6.48,12.96,4.72,2.02,6.22
CA-2017-117926,2017-Q4,West,Office Supplies,1,69.48,69.48,34.05,14.59,20.84
CA-2015-153906,2015-Q1,East,Technology,2,42.95,85.9,58.32,25.0,2.58
CA-2014-160262,2014-Q2,West,Office Supplies,7,2.58,18.06,9.35,4.01,4.7
CA-2014-160262,2014-Q2,West,Office Supplies,3,26.38,79.14,29.92,12.82,36.4
CA-2014-160262,2014-Q2,West,Furniture,2,18.7,37.4,16.23,6.96,14.21
CA-2015-127607,2015-Q1,Central,Office Supplies,2,1.25,2.51,4.84,2.07,-4.4
CA-2015-127607,2015-Q1,Central,Office Supplies,9,2.1,18.86,8.91,3.82,6.13
CA-2016-166226,2016-Q4,West,Technology,1,61.19,61.19,38.55,16.52,6.12
CA-2016-166226,2016-Q4,West,Office Supplies,1,67.84,67.84,34.66,14.86,18.32
CA-2014-156587,2014-Q1,West,Furniture,1,48.71,48.71,30.26,12.97,5.48
CA-2014-156587,2014-Q1,West,Office Supplies,3,5.98,17.94,9.3,3.98,4.66
CA-2014-156587,2014-Q1,West,Office Supplies,3,80.98,242.94,166.66,71.42,4.86
CA-2016-141180,2016-Q2,South,Office Supplies,4,1.94,7.76,9.06,3.88,-5.18
CA-2015-109708,2015-Q2,South,Technology,4,116.76,467.04,286.06,122.6,58.38
CA-2015-122406,2015-Q3,East,Technology,3,42.95,128.85,87.49,37.49,3.87
CA-2015-122406,2015-Q3,East,Office Supplies,2,4.2,8.4,3.0,1.28,4.12
CA-2015-122406,2015-Q3,East,Technology,2,99.99,199.98,81.19,34.8,83.99
CA-2015-122406,2015-Q3,East,Furniture,1,110.98,110.98,66.81,28.63,15.54
US-2016-153815,2016-Q4,South,Furniture,2,103.99,207.98,165.61,70.97,-28.6
US-2016-153815,2016-Q4,South,Office Supplies,2,18.06,36.11,16.43,7.04,12.64
US-2016-153815,2016-Q4,South,Furniture,2,17.78,35.57,20.85,8.94,5.78
US-2016-153815,2016-Q4,South,Office Supplies,2,44.38,88.77,40.39,17.31,31.07
CA-2016-164896,2016-Q4,West,Office Supplies,2,6.45,12.9,4.61,1.97,6.32
CA-2015-142202,2015-Q3,South,Technology,9,79.68,717.12,395.31,169.42,152.39
CA-2015-165050,2015-Q4,East,Office Supplies,5,4.27,21.36,9.9,4.25,7.21
CA-2015-165050,2015-Q4,East,Office Supplies,2,3.34,6.69,3.05,1.3,2.34
CA-2015-165050,2015-Q4,East,Technology,6,128.99,773.94,384.65,164.85,224.44
US-2016-131114,2016-Q4,Central,Office Supplies,3,6.86,20.57,13.32,5.71,1.54
US-2016-131114,2016-Q4,Central,Office Supplies,2,2.18,4.36,11.28,4.84,-11.76
US-2016-131114,2016-Q4,Central,Technology,4,4.76,19.04,14.33,6.14,-1.43
CA-2014-160066,2014-Q4,West,Office Supplies,2,2.61,5.22,1.97,0.85,2.4
CA-2016-109925,2016-Q4,West,Office Supplies,3,28.28,84.84,43.35,18.58,22.91
CA-2015-160696,2015-Q3,South,Office Supplies,5,1.45,7.24,4.24,1.82,1.18
CA-2014-125171,2014-Q3,East,Office Supplies,5,2.88,14.4,5.14,2.2,7.06
CA-2016-149279,2016-Q2,West,Office Supplies,3,5.18,15.55,7.08,3.03,5.44
CA-2016-149279,2016-Q2,West,Furniture,6,220.96,1325.76,823.63,352.98,149.15
CA-2016-149279,2016-Q2,West,Office Supplies,2,1.56,3.11,3.7,1.59,-2.18
CA-2017-107321,2017-Q3,West,Office Supplies,3,2.22,6.67,3.15,1.35,2.17
CA-2017-107321,2017-Q3,West,Technology,4,172.35,689.41,428.29,183.56,77.56
US-2017-122714,2017-Q4,Central,Office Supplies,5,378.0,1889.99,3373.63,1445.84,-2929.48
CA-2015-153038,2015-Q4,South,Office Supplies,8,6.99,55.94,25.94,11.12,18.88
CA-2015-153038,2015-Q4,South,Office Supplies,8,2.3,18.43,8.71,3.73,5.99
CA-2015-153038,2015-Q4,South,Furniture,5,4.06,20.32,11.73,5.03,3.56
CA-2014-132227,2014-Q4,East,Office Supplies,4,13.02,52.06,23.23,9.96,18.87
CA-2017-155824,2017-Q1,South,Office Supplies,1,48.78,48.78,31.58,13.54,3.66
CA-2017-155824,2017-Q1,South,Office Supplies,4,3.27,13.09,16.19,6.94,-10.04
CA-2016-129238,2016-Q1,West,Technology,1,109.59,109.59,70.96,30.41,8.22
CA-2016-129238,2016-Q1,West,Office Supplies,5,11.34,56.7,20.24,8.68,27.78
CA-2017-159688,2017-Q2,West,Technology,1,79.99,79.99,35.83,15.36,28.8
CA-2016-136126,2016-Q2,South,Office Supplies,5,13.9,69.5,34.54,14.8,20.16
CA-2016-136126,2016-Q2,South,Office Supplies,4,47.9,191.6,69.74,29.89,91.97
CA-2016-155033,2016-Q4,West,Office Supplies,2,5.28,10.56,3.84,1.65,5.07
CA-2014-156006,2014-Q2,South,Technology,3,15.93,47.79,22.08,9.46,16.25
CA-2015-158659,2015-Q4,Central,Office Supplies,5,142.86,714.3,355.0,152.15,207.15
CA-2015-169796,2015-Q4,East,Technology,2,1160.95,2321.9,845.17,362.22,1114.51
CA-2015-169796,2015-Q4,East,Office Supplies,3,5.98,17.94,10.42,4.47,3.05
CA-2015-102876,2015-Q3,East,Office Supplies,1,9.52,9.52,11.55,4.95,-6.98
CA-2015-102876,2015-Q3,East,Technology,6,131.99,791.96,646.76,277.19,-131.99
CA-2015-102876,2015-Q3,East,Office Supplies,3,1.64,4.92,6.2,2.66,-3.94
US-2017-139647,2017-Q2,West,Furniture,7,30.0,209.98,396.86,170.08,-356.96
US-2017-160465,2017-Q3,East,Office Supplies,3,11.31,33.93,39.58,16.97,-22.62
US-2017-160465,2017-Q3,East,Office Supplies,7,31.76,222.32,138.12,59.19,25.01
US-2017-160465,2017-Q3,East,Technology,6,35.09,210.56,184.24,78.96,-52.64
CA-2014-153850,2014-Q4,East,Furniture,7,5.02,35.17,17.85,7.65,9.67
CA-2014-153850,2014-Q4,East,Technology,4,375.6,1502.38,1226.95,525.83,-250.4
CA-2014-127558,2014-Q4,West,Furniture,3,3.37,10.11,4.81,2.06,3.24
CA-2014-127558,2014-Q4,West,Technology,3,257.49,772.47,437.99,187.71,146.77
CA-2014-127558,2014-Q4,West,Office Supplies,2,10.23,20.46,10.6,4.54,5.32
CA-2017-136511,2017-Q1,East,Office Supplies,3,115.86,347.58,231.14,99.06,17.38
CA-2016-133795,2016-Q4,West,Technology,2,36.32,72.64,35.59,15.26,21.79
CA-2016-133795,2016-Q4,West,Technology,3,257.49,772.47,437.99,187.71,146.77
CA-2016-133795,2016-Q4,West,Furniture,4,9.98,39.92,20.12,8.62,11.18
US-2017-130953,2017-Q3,Central,Office Supplies,2,16.74,33.48,11.95,5.12,16.41
US-2017-130953,2017-Q3,Central,Technology,3,153.99,461.97,229.6,98.4,133.97
US-2017-130953,2017-Q3,Central,Office Supplies,2,68.81,137.62,53.95,23.12,60.55
US-2017-130953,2017-Q3,Central,Furniture,3,100.89,302.67,161.02,69.01,72.64
CA-2014-151792,2014-Q3,Central,Technology,3,79.99,239.98,130.19,55.8,53.99
CA-2017-139304,2017-Q1,West,Office Supplies,3,2.78,8.34,4.32,1.85,2.17
CA-2017-139304,2017-Q1,West,Office Supplies,1,8.57,8.57,4.44,1.9,2.23
CA-2017-139304,2017-Q1,West,Office Supplies,8,14.95,119.62,55.47,23.78,40.37
CA-2016-155166,2016-Q4,East,Furniture,3,70.98,212.94,131.17,56.22,25.55
CA-2016-155166,2016-Q4,East,Office Supplies,1,26.49,26.49,13.35,5.72,7.42
CA-2015-103954,2015-Q3,Central,Furniture,5,137.48,687.4,447.5,191.78,48.12
CA-2014-169803,2014-Q2,West,Furniture,3,217.85,653.55,379.71,162.74,111.1
CA-2014-169803,2014-Q2,West,Technology,2,16.95,33.9,22.31,9.56,2.03
CA-2017-141719,2017-Q4,Central,Technology,5,47.99,239.96,109.18,46.79,83.99
CA-2015-136469,2015-Q3,East,Furniture,4,49.96,199.84,165.86,71.09,-37.11
CA-2015-136469,2015-Q3,East,Technology,2,358.0,716.0,365.88,156.8,193.32
CA-2015-136469,2015-Q3,East,Office Supplies,7,31.58,221.06,82.01,35.15,103.9
CA-2016-158694,2016-Q4,West,Office Supplies,3,22.57,67.71,24.65,10.56,32.5
CA-2016-158694,2016-Q4,West,Office Supplies,4,32.48,129.92,63.66,27.28,38.98
CA-2016-158694,2016-Q4,West,Furniture,9,51.94,467.46,193.06,82.74,191.66
CA-2016-158694,2016-Q4,West,Office Supplies,5,12.28,61.4,22.78,9.76,28.86
CA-2016-158694,2016-Q4,West,Office Supplies,4,180.19,720.76,373.35,160.01,187.4
CA-2016-158694,2016-Q4,West,Office Supplies,3,1.73,5.18,2.36,1.01,1.81
CA-2016-158694,2016-Q4,West,Office Supplies,5,2.94,14.7,7.51,3.22,3.97
US-2014-104759,2014-Q1,Central,Office Supplies,7,1.16,8.13,15.37,6.59,-13.83
US-2014-104759,2014-Q1,Central,Technology,2,39.99,79.98,46.19,19.79,14.0
CA-2015-150511,2015-Q3,West,Office Supplies,2,9.27,18.54,6.88,2.95,8.71
CA-2015-134922,2015-Q4,East,Office Supplies,2,12.2,24.4,11.53,4.94,7.93
US-2017-120607,2017-Q2,South,Office Supplies,4,48.91,195.64,72.58,31.11,91.95
CA-2015-141243,2015-Q1,Central,Technology,5,79.68,398.4,219.62,94.12,84.66
CA-2015-141243,2015-Q1,Central,Office Supplies,3,2.35,7.06,4.39,1.88,0.79
CA-2015-141243,2015-Q1,Central,Furniture,9,150.27,1352.4,1252.96,536.98,-437.54
CA-2015-162166,2015-Q3,West,Office Supplies,5,5.28,26.4,10.16,4.36,11.88
CA-2015-162166,2015-Q3,West,Office Supplies,6,6.98,41.88,28.73,12.31,0.84
CA-2016-120796,2016-Q2,East,Office Supplies,9,11.09,99.85,128.13,54.92,-83.2
CA-2016-109722,2016-Q4,South,Technology,2,349.99,699.98,352.79,151.2,195.99
CA-2016-109722,2016-Q4,South,Office Supplies,9,64.98,584.82,360.25,154.39,70.18
CA-2015-136798,2015-Q2,Central,Office Supplies,2,21.99,43.98,15.39,6.6,21.99
CA-2015-136798,2015-Q2,Central,Technology,3,125.99,377.97,190.5,81.64,105.83
CA-2015-136798,2015-Q2,Central,Furniture,3,41.32,123.96,78.96,33.84,11.16
CA-2017-122196,2017-Q3,East,Technology,2,195.99,391.98,194.82,83.49,113.67
CA-2017-142090,2017-Q4,South,Technology,3,127.99,383.98,211.67,90.72,81.59
CA-2017-142090,2017-Q4,South,Furniture,7,254.53,1781.68,1704.47,730.49,-653.28
CA-2017-160934,2017-Q1,West,Office Supplies,5,4.28,21.4,10.63,4.56,6.21
CA-2014-124478,2014-Q3,Central,Technology,1,549.99,549.99,192.49,82.5,275.0
CA-2014-124478,2014-Q3,Central,Office Supplies,3,55.85,167.54,91.22,39.09,37.23
CA-2014-124478,2014-Q3,Central,Office Supplies,3,12.78,38.34,14.76,6.33,17.25
CA-2014-124478,2014-Q3,Central,Furniture,6,8.98,53.88,21.88,9.37,22.63
CA-2014-124478,2014-Q3,Central,Technology,2,149.99,299.98,151.19,64.8,83.99
CA-2015-145485,2015-Q4,West,Office Supplies,4,15.7,62.8,32.97,14.13,15.7
CA-2017-151071,2017-Q2,West,Office Supplies,2,6.95,13.9,6.57,2.81,4.52
CA-2014-134572,2014-Q2,Central,Furniture,5,148.82,744.1,587.84,251.93,-95.67
CA-2014-134572,2014-Q2,Central,Office Supplies,5,8.97,44.84,27.47,11.77,5.6
CA-2014-134572,2014-Q2,Central,Furniture,2,200.8,401.59,373.48,160.06,-131.95
CA-2017-143217,2017-Q4,Central,Office Supplies,3,6.08,18.24,6.77,2.9,8.57
US-2017-133312,2017-Q4,West,Furniture,3,119.83,359.5,272.38,116.73,-29.61
US-2017-133312,2017-Q4,West,Office Supplies,1,10.48,10.48,5.35,2.3,2.83
US-2015-137533,2015-Q4,East,Office Supplies,4,5.18,20.74,9.44,4.04,7.26
CA-2016-155138,2016-Q3,South,Technology,4,8.79,35.17,18.77,8.05,8.35
CA-2016-155138,2016-Q3,South,Office Supplies,3,21.57,64.7,28.87,12.37,23.46
CA-2016-108350,2016-Q2,East,Office Supplies,4,26.38,105.52,39.89,17.09,48.54
CA-2015-144302,2015-Q2,Central,Office Supplies,2,2.9,5.79,10.75,4.6,-9.56
CA-2015-109001,2015-Q1,East,Technology,7,66.59,466.16,391.57,167.82,-93.23
CA-2015-109001,2015-Q1,East,Technology,1,10.31,10.31,8.12,3.48,-1.29
CA-2015-109001,2015-Q1,East,Office Supplies,3,0.85,2.56,3.04,1.31,-1.79
CA-2017-132738,2017-Q3,West,Office Supplies,2,3.98,7.97,3.56,1.52,2.89
CA-2017-132738,2017-Q3,West,Office Supplies,1,8.78,8.78,3.92,1.68,3.18
CA-2017-156720,2017-Q4,West,Office Supplies,3,1.01,3.02,2.53,1.09,-0.6
CA-2015-119102,2015-Q2,East,Office Supplies,3,17.15,51.45,26.29,11.27,13.89
US-2014-140452,2014-Q4,Central,Office Supplies,4,3.5,14.02,31.89,13.67,-31.54
US-2014-140452,2014-Q4,Central,Furniture,5,42.99,214.95,234.72,100.6,-120.37
US-2014-140452,2014-Q4,Central,Technology,4,8.76,35.04,29.43,12.62,-7.01
US-2014-140452,2014-Q4,Central,Furniture,3,3.59,10.78,10.94,4.69,-4.85
US-2014-140452,2014-Q4,Central,Office Supplies,2,2.3,4.6,8.86,3.79,-8.05
US-2014-140452,2014-Q4,Central,Office Supplies,2,17.58,35.17,30.46,13.06,-8.35
CA-2015-141936,2015-Q3,West,Office Supplies,3,6.38,19.15,8.88,3.81,6.46
CA-2014-158442,2014-Q1,Central,Office Supplies,2,2.22,4.45,2.88,1.24,0.33
CA-2014-158442,2014-Q1,Central,Office Supplies,1,5.18,5.18,2.31,0.99,1.88
CA-2014-158442,2014-Q1,Central,Office Supplies,3,5.18,15.55,7.08,3.03,5.44
CA-2015-167374,2015-Q1,East,Office Supplies,6,6.67,40.03,19.26,8.26,12.51
CA-2015-167374,2015-Q1,East,Technology,3,5.59,16.78,8.22,3.53,5.03
CA-2014-116568,2014-Q4,South,Furniture,4,46.58,186.3,120.63,51.7,13.97
CA-2015-147102,2015-Q3,South,Technology,4,16.59,66.36,30.19,12.94,23.23
CA-2017-132213,2017-Q2,South,Office Supplies,9,4.67,42.05,25.75,11.04,5.26
CA-2017-132213,2017-Q2,South,Office Supplies,5,13.58,67.92,42.79,18.34,6.79
CA-2014-138450,2014-Q4,East,Office Supplies,6,8.75,52.51,22.97,9.85,19.69
CA-2014-138450,2014-Q4,East,Office Supplies,6,31.15,186.91,155.37,66.59,-35.05
CA-2014-138450,2014-Q4,East,Office Supplies,4,2.51,10.05,4.84,2.07,3.14
CA-2015-153073,2015-Q4,Central,Furniture,9,1.94,17.5,17.46,7.48,-7.44
CA-2016-147970,2016-Q1,Central,Office Supplies,3,5.18,15.55,7.08,3.03,5.44
CA-2016-150658,2016-Q4,West,Office Supplies,3,3.59,10.78,5.19,2.22,3.37
CA-2017-125640,2017-Q3,East,Office Supplies,1,3.3,3.3,1.56,0.67,1.07
CA-2017-154137,2017-Q4,East,Office Supplies,1,35.48,35.48,24.84,10.64,0.0
CA-2015-127173,2015-Q3,East,Office Supplies,3,11.48,34.44,12.77,5.48,16.19
CA-2015-127173,2015-Q3,East,Technology,7,89.99,629.93,233.7,100.16,296.07
CA-2015-127173,2015-Q3,East,Office Supplies,9,8.78,79.06,35.28,15.12,28.66
CA-2014-149538,2014-Q2,South,Office Supplies,5,46.51,232.55,156.27,66.98,9.3
CA-2014-149538,2014-Q2,South,Technology,2,49.99,99.98,39.89,17.1,42.99
CA-2014-149538,2014-Q2,South,Office Supplies,3,6.48,19.44,7.08,3.03,9.33
CA-2014-149538,2014-Q2,South,Office Supplies,2,6.48,12.96,4.63,1.98,6.35
CA-2014-160766,2014-Q3,East,Furniture,9,51.59,464.29,400.83,171.79,-108.33
CA-2014-160766,2014-Q3,East,Office Supplies,7,9.78,68.46,25.88,11.09,31.49
CA-2014-160766,2014-Q3,East,Technology,4,699.99,2799.96,999.59,428.39,1371.98
CA-2014-160766,2014-Q3,East,Office Supplies,2,300.65,601.3,282.01,120.86,198.43
CA-2014-160766,2014-Q3,East,Technology,1,16.99,16.99,8.8,3.77,4.42
CA-2014-160766,2014-Q3,East,Technology,3,95.99,287.97,145.14,62.2,80.63
CA-2014-160766,2014-Q3,East,Office Supplies,9,4.98,44.82,16.62,7.13,21.07
CA-2017-146626,2017-Q4,West,Furniture,8,12.64,101.12,44.6,19.11,37.41
CA-2015-123330,2015-Q2,South,Technology,3,35.99,107.98,49.13,21.06,37.79
CA-2017-155607,2017-Q4,East,Office Supplies,7,8.39,58.73,30.83,13.22,14.68
CA-2017-155607,2017-Q4,East,Office Supplies,4,23.34,93.34,42.47,18.2,32.67
CA-2016-151323,2016-Q4,West,Office Supplies,5,3.41,17.05,6.21,2.66,8.18
CA-2015-146696,2015-Q4,West,Office Supplies,2,4.05,8.1,3.76,1.61,2.73
CA-2016-128972,2016-Q4,Central,Furniture,4,7.59,30.36,12.12,5.19,13.05
CA-2017-128335,2017-Q3,East,Office Supplies,3,7.78,23.34,8.66,3.71,10.97
CA-2017-128335,2017-Q3,East,Office Supplies,5,10.31,51.55,19.12,8.2,24.23
CA-2015-154886,2015-Q4,West,Technology,2,59.95,119.9,53.72,23.02,43.16
CA-2016-111213,2016-Q2,East,Furniture,6,219.58,1317.49,717.3,307.41,292.78
CA-2016-111213,2016-Q2,East,Office Supplies,8,7.98,63.84,31.73,13.6,18.51
CA-2016-111213,2016-Q2,East,Office Supplies,1,3.59,3.59,1.73,0.74,1.12
CA-2017-161333,2017-Q1,West,Furniture,2,43.13,86.26,39.85,17.08,29.33
CA-2017-161333,2017-Q1,West,Office Supplies,4,34.76,139.04,70.08,30.03,38.93
CA-2017-161333,2017-Q1,West,Office Supplies,4,11.7,46.8,21.29,9.13,16.38
CA-2017-128734,2017-Q4,West,Furniture,4,2.13,8.54,4.63,1.99,1.92
CA-2017-128734,2017-Q4,West,Furniture,3,280.79,842.38,515.96,221.12,105.3
CA-2014-141796,2014-Q2,East,Technology,3,404.95,1214.85,603.78,258.76,352.31
CA-2017-125101,2017-Q1,West,Office Supplies,2,33.89,67.78,35.59,15.25,16.94
CA-2017-169929,2017-Q3,West,Office Supplies,5,7.98,39.9,20.67,8.86,10.37
US-2014-121566,2014-Q2,East,Office Supplies,1,2.69,2.69,1.29,0.56,0.84
US-2014-121566,2014-Q2,East,Office Supplies,3,2.2,6.6,2.59,1.11,2.9
US-2015-124219,2015-Q3,Central,Office Supplies,4,7.1,28.4,10.74,4.6,13.06
US-2015-124219,2015-Q3,Central,Furniture,3,70.98,212.94,125.21,53.66,34.07
CA-2017-163006,2017-Q2,Central,Technology,2,500.79,1001.58,613.47,262.91,125.2
CA-2017-163006,2017-Q2,Central,Furniture,3,189.69,569.06,523.54,224.37,-178.85
CA-2017-163006,2017-Q2,Central,Furniture,2,7.11,14.22,17.17,7.36,-10.31
CA-2015-156146,2015-Q4,West,Technology,2,52.79,105.58,67.44,28.9,9.24
CA-2015-156146,2015-Q4,West,Technology,2,34.36,68.72,58.32,25.0,-14.6
CA-2014-111192,2014-Q3,West,Furniture,8,170.98,1367.84,775.56,332.39,259.89
CA-2016-115378,2016-Q4,Central,Furniture,2,150.98,301.96,188.12,80.62,33.22
CA-2015-161627,2015-Q3,West,Furniture,3,56.78,170.35,131.17,56.22,-17.04
CA-2014-121006,2014-Q4,Central,Office Supplies,2,1.95,3.9,1.67,0.71,1.52
CA-2014-121006,2014-Q4,Central,Office Supplies,3,4.28,12.84,4.94,2.12,5.78
CA-2014-121006,2014-Q4,Central,Office Supplies,3,5.28,15.84,6.1,2.61,7.13
CA-2014-121006,2014-Q4,Central,Furniture,3,187.98,563.94,315.81,135.34,112.79
CA-2014-121006,2014-Q4,Central,Office Supplies,3,20.98,62.94,35.69,15.29,11.96
CA-2014-121006,2014-Q4,Central,Office Supplies,3,178.47,535.41,262.35,112.44,160.62
CA-2016-122903,2016-Q2,Central,Furniture,5,700.98,3504.9,1962.74,841.18,700.98
CA-2016-122903,2016-Q2,Central,Office Supplies,3,48.04,144.12,52.46,22.48,69.18
CA-2016-122903,2016-Q2,Central,Office Supplies,3,104.85,314.55,114.5,49.07,150.98
CA-2015-107741,2015-Q1,West,Office Supplies,1,3.41,3.41,1.76,0.76,0.89
CA-2017-106432,2017-Q4,Central,Office Supplies,2,1.03,2.07,3.91,1.68,-3.52
CA-2017-106432,2017-Q4,Central,Furniture,3,109.47,328.4,294.11,126.05,-91.76
CA-2016-148908,2016-Q4,West,Office Supplies,2,26.62,53.25,23.3,9.98,19.97
CA-2016-123015,2016-Q4,East,Office Supplies,3,1.66,4.99,2.32,0.99,1.68
US-2015-120502,2015-Q2,West,Furniture,2,18.84,37.68,15.29,6.56,15.83
US-2015-120502,2015-Q2,West,Technology,2,129.29,258.58,167.43,71.76,19.39
US-2015-120502,2015-Q2,West,Office Supplies,2,37.92,75.84,32.38,13.88,29.58
CA-2017-108749,2017-Q3,East,Office Supplies,7,6.48,45.36,16.51,7.08,21.77
CA-2017-108749,2017-Q3,East,Office Supplies,3,15.26,45.78,16.02,6.87,22.89
CA-2017-163335,2017-Q3,South,Office Supplies,3,13.43,40.29,21.15,9.07,10.07
CA-2017-163335,2017-Q3,South,Office Supplies,7,5.53,38.71,14.63,6.27,17.81
CA-2015-134719,2015-Q4,South,Office Supplies,6,300.27,1801.63,1497.61,641.83,-337.81
US-2015-154389,2015-Q4,East,Technology,8,93.59,748.75,637.69,273.29,-162.23
CA-2015-115567,2015-Q3,Central,Technology,4,49.99,199.96,128.77,55.19,16.0
CA-2015-115567,2015-Q3,Central,Furniture,7,216.6,1516.2,785.39,336.6,394.21
US-2017-136679,2017-Q4,Central,Technology,6,27.99,167.95,136.67,58.57,-27.29
US-2017-136679,2017-Q4,Central,Office Supplies,2,22.52,45.04,28.38,12.16,4.5
US-2017-141943,2017-Q2,West,Office Supplies,2,11.58,23.16,8.11,3.47,11.58
CA-2014-101560,2014-Q4,South,Furniture,5,79.52,397.6,247.7,106.16,43.74
CA-2014-101560,2014-Q4,South,Office Supplies,7,12.28,85.96,31.89,13.67,40.4
CA-2014-101560,2014-Q4,South,Office Supplies,4,3.28,13.12,6.15,2.64,4.33
CA-2014-101560,2014-Q4,South,Office Supplies,3,15.22,45.66,16.3,6.99,22.37
CA-2014-159709,2014-Q2,West,Office Supplies,3,52.71,158.13,56.45,24.2,77.48
CA-2014-159709,2014-Q2,West,Technology,5,8.72,43.6,27.47,11.77,4.36
CA-2016-103982,2016-Q1,Central,Office Supplies,3,1310.02,3930.07,3301.26,1414.82,-786.01
CA-2016-103982,2016-Q1,Central,Office Supplies,1,2.3,2.3,1.06,0.46,0.78
CA-2016-103982,2016-Q1,Central,Technology,3,143.99,431.98,279.71,119.87,32.4
CA-2016-103982,2016-Q1,Central,Technology,7,5.96,41.72,25.19,10.79,5.74
CA-2015-142454,2015-Q3,West,Furniture,7,14.89,104.23,53.26,22.83,28.14
CA-2015-142454,2015-Q3,West,Office Supplies,3,23.42,70.26,35.9,15.39,18.97
CA-2015-102015,2015-Q3,East,Office Supplies,2,4.63,9.26,4.34,1.86,3.06
CA-2015-102015,2015-Q3,East,Office Supplies,2,52.99,105.98,71.22,30.52,4.24
CA-2015-102015,2015-Q3,East,Office Supplies,1,1.24,1.24,0.46,0.2,0.58
CA-2015-102015,2015-Q3,East,Office Supplies,2,10.35,20.7,7.53,3.23,9.94
CA-2015-102015,2015-Q3,East,Office Supplies,5,5.78,28.9,10.32,4.42,14.16
CA-2015-102015,2015-Q3,East,Office Supplies,1,27.18,27.18,10.09,4.32,12.77
CA-2015-156755,2015-Q1,East,Office Supplies,3,155.06,465.18,240.96,103.27,120.95
CA-2015-130876,2015-Q2,East,Office Supplies,3,12.21,36.63,18.72,8.02,9.89
CA-2016-145898,2016-Q3,West,Office Supplies,3,17.15,51.45,26.29,11.27,13.89
CA-2016-145898,2016-Q3,West,Office Supplies,3,2.61,7.83,2.96,1.27,3.6
CA-2016-145898,2016-Q3,West,Office Supplies,5,7.08,35.4,15.36,6.59,13.45
CA-2016-145898,2016-Q3,West,Office Supplies,5,5.98,29.9,11.51,4.93,13.46
US-2017-159562,2017-Q3,Central,Office Supplies,2,8.74,17.48,6.48,2.78,8.22
CA-2017-134635,2017-Q2,West,Office Supplies,3,26.38,79.14,29.92,12.82,36.4
CA-2017-167080,2017-Q2,East,Office Supplies,5,1.68,8.4,2.94,1.26,4.2
CA-2017-145653,2017-Q3,Central,Furniture,7,71.18,498.26,254.61,109.12,134.53
CA-2014-140487,2014-Q2,Central,Furniture,3,70.98,212.94,108.81,46.64,57.49
CA-2017-117401,2017-Q2,Central,Office Supplies,7,100.98,706.86,356.26,152.68,197.92
CA-2017-117401,2017-Q2,Central,Technology,5,22.99,114.95,78.86,33.79,2.3
CA-2017-117401,2017-Q2,Central,Office Supplies,7,6.17,43.19,15.72,6.74,20.73
US-2017-109582,2017-Q3,West,Office Supplies,3,55.48,166.44,60.58,25.97,79.89
CA-2016-119865,2016-Q2,East,Office Supplies,5,7.31,36.56,16.63,7.13,12.8
CA-2016-119865,2016-Q2,East,Office Supplies,6,31.02,186.14,87.95,37.69,60.5
CA-2016-119865,2016-Q2,East,Furniture,2,176.78,353.57,278.44,119.33,-44.2
US-2014-147648,2014-Q4,West,Office Supplies,2,40.99,81.98,29.27,12.54,40.17
CA-2017-124436,2017-Q1,West,Office Supplies,2,7.31,14.62,6.65,2.85,5.12
CA-2017-124436,2017-Q1,West,Furniture,5,139.43,697.16,481.91,206.54,8.71
CA-2017-124436,2017-Q1,West,Furniture,1,30.93,30.93,12.77,5.48,12.68
CA-2017-124436,2017-Q1,West,Office Supplies,7,3.93,27.5,12.75,5.47,9.28
CA-2014-115084,2014-Q4,South,Furniture,6,100.89,605.34,322.04,138.02,145.28
CA-2017-131037,2017-Q3,West,Furniture,1,210.01,210.01,145.17,62.21,2.63
CA-2016-111143,2016-Q4,Central,Office Supplies,3,18.32,54.96,27.31,11.71,15.94
CA-2014-166744,2014-Q3,East,Furniture,3,54.74,164.22,79.32,33.99,50.91
CA-2014-166744,2014-Q3,East,Furniture,3,120.98,362.94,228.65,98.0,36.29
CA-2014-166744,2014-Q3,East,Technology,2,29.99,59.98,23.51,10.08,26.39
CA-2016-116561,2016-Q3,West,Office Supplies,3,110.98,332.94,228.4,97.88,6.66
CA-2016-116561,2016-Q3,West,Office Supplies,2,19.93,39.87,18.84,8.07,12.96
CA-2016-110730,2016-Q3,West,Office Supplies,2,6.84,13.68,6.99,3.0,3.69
CA-2017-146367,2017-Q3,Central,Office Supplies,3,1.11,3.32,6.27,2.69,-5.64
CA-2016-149454,2016-Q3,South,Office Supplies,1,10.44,10.44,3.95,1.69,4.8
CA-2016-156265,2016-Q3,West,Furniture,2,68.23,136.46,84.78,36.33,15.35
CA-2016-156265,2016-Q3,West,Technology,3,111.19,333.58,210.15,90.07,33.36
CA-2016-156265,2016-Q3,West,Office Supplies,2,6.27,12.54,5.49,2.35,4.7
US-2015-168914,2015-Q2,Central,Office Supplies,8,2.6,20.77,51.61,22.12,-52.96
US-2017-110989,2017-Q4,West,Technology,3,14.5,43.5,22.83,9.79,10.88
CA-2015-106215,2015-Q2,East,Office Supplies,4,3.14,12.58,5.94,2.55,4.09
US-2016-169369,2016-Q4,South,Technology,5,49.99,249.95,160.96,68.99,20.0
US-2016-169369,2016-Q4,South,Office Supplies,4,12.28,49.12,18.22,7.81,23.09
CA-2015-132318,2015-Q4,South,Office Supplies,3,60.97,182.91,90.91,38.96,53.04
US-2014-131982,2014-Q1,West,Office Supplies,2,53.82,107.65,51.81,22.2,33.64
CA-2015-125185,2015-Q1,East,Furniture,2,49.68,99.37,74.53,31.94,-7.1
CA-2015-125185,2015-Q1,East,Furniture,2,16.78,33.57,27.31,11.71,-5.45
CA-2016-130078,2016-Q3,Central,Office Supplies,2,5.28,10.56,4.07,1.74,4.75
US-2017-114034,2017-Q1,West,Office Supplies,6,6.48,38.88,14.15,6.07,18.66
US-2017-115595,2017-Q4,West,Office Supplies,5,7.04,35.2,13.06,5.6,16.54
CA-2017-158722,2017-Q4,East,Office Supplies,3,15.18,45.53,20.72,8.88,15.93
CA-2014-105165,2014-Q3,Central,Technology,3,65.59,196.78,127.41,54.61,14.76
CA-2014-105165,2014-Q3,Central,Office Supplies,2,1.46,2.92,5.42,2.32,-4.82
CA-2014-105165,2014-Q3,Central,Furniture,1,200.8,200.8,156.62,67.13,-22.95
CA-2014-105165,2014-Q3,Central,Technology,4,11.67,46.69,34.73,14.88,-2.92
CA-2014-105165,2014-Q3,Central,Office Supplies,3,7.29,21.86,12.82,5.49,3.55
CA-2017-147452,2017-Q3,West,Office Supplies,2,5.88,11.76,4.2,1.8,5.76
CA-2017-147452,2017-Q3,West,Office Supplies,3,55.98,167.94,59.95,25.7,82.29
CA-2017-147452,2017-Q3,West,Office Supplies,1,3.89,3.89,2.02,0.86,1.01
US-2017-114657,2017-Q4,East,Technology,4,13.11,52.44,19.82,8.5,24.12
CA-2017-144484,2017-Q3,West,Furniture,4,8.09,32.36,14.5,6.21,11.65
CA-2017-144484,2017-Q3,West,Office Supplies,5,81.32,406.6,204.92,87.83,113.85
CA-2017-125913,2017-Q1,West,Furniture,4,6.98,27.92,13.87,5.95,8.1
CA-2017-125913,2017-Q1,West,Furniture,7,57.1,399.67,290.26,124.4,-14.99
US-2016-158309,2016-Q4,South,Office Supplies,4,0.94,3.74,4.45,1.91,-2.62
CA-2015-162887,2015-Q4,East,Furniture,3,238.4,715.2,375.48,160.92,178.8
CA-2017-147333,2017-Q4,South,Technology,4,39.95,159.8,62.64,26.85,70.31
CA-2017-147333,2017-Q4,South,Technology,5,8.95,44.75,25.38,10.87,8.5
CA-2014-113859,2014-Q3,Central,Furniture,6,56.69,340.12,244.89,104.95,-9.72
CA-2014-159681,2014-Q4,South,Office Supplies,4,26.38,105.52,39.89,17.09,48.54
US-2017-104094,2017-Q3,Central,Technology,1,13.48,13.48,8.11,3.48,1.89
CA-2017-152709,2017-Q4,Central,Office Supplies,2,42.76,85.52,44.3,18.98,22.24
CA-2015-105158,2015-Q3,Central,Furniture,2,3.08,6.16,2.24,0.96,2.96
CA-2015-105158,2015-Q3,Central,Office Supplies,3,12.28,36.84,13.67,5.86,17.31
CA-2014-133424,2014-Q1,West,Office Supplies,3,5.28,15.84,11.09,4.75,0.0
CA-2014-133424,2014-Q1,West,Office Supplies,3,14.8,44.4,15.54,6.66,22.2
CA-2017-105991,2017-Q2,West,Office Supplies,9,2.36,21.24,9.67,4.14,7.43
CA-2017-105991,2017-Q2,West,Office Supplies,8,1.19,9.55,11.81,5.06,-7.32
CA-2017-105991,2017-Q2,West,Furniture,3,30.0,89.99,170.08,72.89,-152.98
US-2017-136784,2017-Q2,West,Office Supplies,4,40.99,163.96,58.53,25.09,80.34
CA-2014-146283,2014-Q3,Central,Office Supplies,2,8.95,17.9,8.14,3.49,6.27
CA-2014-146283,2014-Q3,Central,Furniture,5,193.34,966.7,686.36,294.15,-13.81
CA-2014-146283,2014-Q3,Central,Office Supplies,6,30.35,182.11,84.45,36.2,61.46
CA-2017-151218,2017-Q2,South,Office Supplies,1,4.46,4.46,2.89,1.24,0.33
CA-2015-111073,2015-Q4,East,Furniture,1,51.59,51.59,46.95,20.12,-15.48
CA-2017-144883,2017-Q3,Central,Office Supplies,8,6.3,50.4,19.05,8.17,23.18
CA-2017-142174,2017-Q1,Central,Office Supplies,2,44.78,89.57,39.97,17.13,32.47
CA-2017-108791,2017-Q3,East,Furniture,1,14.89,14.89,7.61,3.26,4.02
CA-2017-108791,2017-Q3,East,Technology,8,67.99,543.92,285.56,122.38,135.98
CA-2016-106656,2016-Q3,West,Office Supplies,2,2.04,4.08,1.51,0.65,1.92
CA-2016-106656,2016-Q3,West,Office Supplies,3,6.3,18.9,7.15,3.06,8.69
CA-2016-113831,2016-Q2,South,Furniture,10,227.55,2275.5,1322.06,566.6,386.84
CA-2016-113831,2016-Q2,South,Technology,6,329.95,1979.7,928.48,397.92,653.3
CA-2016-113831,2016-Q2,South,Office Supplies,6,10.35,62.1,22.6,9.69,29.81
US-2014-139500,2014-Q4,Central,Furniture,2,18.65,37.3,26.86,11.51,-1.07
US-2014-166310,2014-Q3,Central,Furniture,2,4.27,8.54,11.21,4.81,-7.48
US-2016-168410,2016-Q1,East,Furniture,5,13.79,68.95,27.99,12.0,28.96
US-2016-168410,2016-Q1,East,Office Supplies,3,98.79,296.37,151.44,64.91,80.02
US-2016-168410,2016-Q1,East,Technology,2,19.99,39.98,26.59,11.39,2.0
CA-2017-131254,2017-Q4,Central,Furniture,3,63.69,191.06,166.22,71.24,-46.4
CA-2017-131254,2017-Q4,Central,Office Supplies,5,2.61,13.04,6.39,2.74,3.91
CA-2017-131254,2017-Q4,Central,Office Supplies,6,254.2,1525.19,2669.08,1143.89,-2287.78
CA-2016-123414,2016-Q3,South,Office Supplies,4,2.31,9.22,4.12,1.76,3.34
CA-2016-123414,2016-Q3,South,Office Supplies,2,14.02,28.05,17.18,7.36,3.51
CA-2017-137876,2017-Q2,West,Furniture,2,32.48,64.96,30.46,13.06,21.44
CA-2017-137876,2017-Q2,West,Office Supplies,4,7.64,30.56,10.91,4.68,14.97
CA-2016-154060,2016-Q2,South,Furniture,9,20.78,187.06,122.76,52.61,11.69
US-2017-162558,2017-Q4,South,Furniture,2,5.9,11.81,7.34,3.14,1.33
US-2017-162558,2017-Q4,South,Furniture,1,9.66,9.66,5.66,2.43,1.57
US-2017-162558,2017-Q4,South,Office Supplies,4,5.18,20.74,9.44,4.04,7.26
US-2017-162558,2017-Q4,South,Office Supplies,3,9.12,27.36,34.47,14.78,-21.89
US-2017-162558,2017-Q4,South,Furniture,7,330.59,2314.12,2321.83,995.07,-1002.78
US-2017-162558,2017-Q4,South,Office Supplies,4,8.56,34.24,42.34,18.15,-26.25
US-2017-162558,2017-Q4,South,Furniture,2,9.88,19.76,9.68,4.15,5.93
CA-2017-134439,2017-Q3,Central,Office Supplies,2,7.98,15.96,5.59,2.39,7.98
CA-2015-119508,2015-Q4,West,Office Supplies,5,3.38,16.9,7.45,3.2,6.25
CA-2015-119508,2015-Q4,West,Furniture,6,4.18,25.08,11.23,4.82,9.03
CA-2015-152681,2015-Q1,East,Office Supplies,2,3.34,6.68,3.28,1.4,2.0
CA-2014-130813,2014-Q1,West,Office Supplies,3,6.48,19.44,7.08,3.03,9.33
CA-2015-120320,2015-Q1,Central,Technology,2,15.96,31.92,20.67,8.86,2.39
CA-2016-111941,2016-Q4,East,Office Supplies,2,16.78,33.57,15.27,6.55,11.75
CA-2016-123120,2016-Q3,East,Furniture,1,63.94,63.94,27.3,11.7,24.94
CA-2016-123120,2016-Q3,East,Office Supplies,5,12.12,60.6,28.11,12.04,20.45
CA-2016-123120,2016-Q3,East,Office Supplies,4,5.68,22.72,11.29,4.84,6.59
CA-2014-103331,2014-Q3,East,Furniture,4,2.67,10.68,4.63,1.99,4.06
CA-2014-103331,2014-Q3,East,Office Supplies,3,5.78,17.34,6.19,2.65,8.5
CA-2014-103331,2014-Q3,East,Office Supplies,1,3.38,3.38,1.28,0.55,1.55
CA-2015-169278,2015-Q2,West,Office Supplies,4,6.74,26.98,12.75,5.46,8.77
CA-2017-111577,2017-Q4,West,Office Supplies,7,43.97,307.78,137.35,58.86,111.57
CA-2015-146486,2015-Q4,East,Office Supplies,5,48.91,244.55,167.76,71.9,4.89
CA-2015-146486,2015-Q4,East,Office Supplies,6,2.04,12.24,4.54,1.95,5.75
CA-2015-146486,2015-Q4,East,Technology,2,6.99,13.98,5.58,2.39,6.01
CA-2015-146486,2015-Q4,East,Technology,5,179.99,899.95,592.16,253.79,54.0
US-2014-168501,2014-Q4,Central,Office Supplies,1,1.63,1.63,0.76,0.32,0.55
US-2014-168501,2014-Q4,Central,Technology,5,53.59,267.96,175.85,75.36,16.75
CA-2015-112053,2015-Q4,East,Technology,1,31.95,31.95,20.8,8.91,2.24
CA-2017-108539,2017-Q1,West,Office Supplies,4,181.46,725.84,360.75,154.6,210.49
CA-2017-108539,2017-Q1,West,Office Supplies,3,3.63,10.9,4.87,2.08,3.95
CA-2017-108539,2017-Q1,West,Office Supplies,2,4.27,8.54,3.96,1.7,2.88
CA-2015-149811,2015-Q1,Central,Office Supplies,3,10.78,32.34,11.77,5.05,15.52
CA-2015-149811,2015-Q1,Central,Office Supplies,5,7.98,39.9,13.96,5.99,19.95
US-2017-103814,2017-Q4,Central,Office Supplies,9,15.98,143.86,66.72,28.59,48.55
CA-2016-123932,2016-Q3,Central,Office Supplies,4,10.48,41.92,18.7,8.02,15.2
CA-2016-123932,2016-Q3,Central,Technology,2,164.79,329.58,204.75,87.75,37.08
US-2016-101616,2016-Q3,South,Office Supplies,8,10.91,87.28,32.38,13.88,41.02
CA-2014-113768,2014-Q2,West,Furniture,6,46.58,279.46,180.95,77.55,20.96
CA-2014-113768,2014-Q2,West,Office Supplies,2,4.0,8.0,2.91,1.25,3.84
CA-2016-138037,2016-Q3,West,Office Supplies,5,5.45,27.24,12.4,5.31,9.53
CA-2014-150490,2014-Q3,West,Technology,1,16.36,16.36,10.3,4.42,1.64
CA-2014-150490,2014-Q3,West,Office Supplies,2,7.89,15.78,10.6,4.55,0.63
CA-2014-150490,2014-Q3,West,Office Supplies,2,22.99,45.98,23.18,9.93,12.87
US-2017-126060,2017-Q2,South,Furniture,8,24.78,198.27,161.34,69.15,-32.22
CA-2017-100951,2017-Q2,Central,Office Supplies,5,144.15,720.76,466.69,200.01,54.06
CA-2016-122017,2016-Q4,Central,Furniture,6,11.76,70.56,32.6,13.97,23.99
CA-2016-122017,2016-Q4,Central,Office Supplies,2,40.98,81.96,41.31,17.7,22.95
CA-2014-123477,2014-Q1,West,Office Supplies,4,16.22,64.86,40.86,17.51,6.49
CA-2016-107790,2016-Q4,Central,Technology,1,151.19,151.19,96.57,41.39,13.23
CA-2017-158071,2017-Q2,West,Technology,3,29.59,88.78,56.71,24.3,7.77
CA-2017-158071,2017-Q2,West,Office Supplies,4,2.89,11.56,4.29,1.84,5.43
CA-2017-158071,2017-Q2,West,Office Supplies,1,15.58,15.58,8.18,3.5,3.9
CA-2017-147403,2017-Q3,East,Office Supplies,3,28.35,85.06,39.45,16.9,28.71
US-2017-136721,2017-Q2,Central,Furniture,2,136.98,273.96,141.91,60.82,71.23
US-2017-136721,2017-Q2,Central,Furniture,3,102.3,306.9,158.98,68.13,79.79
CA-2015-118738,2015-Q4,Central,Office Supplies,3,5.18,15.55,7.08,3.03,5.44
CA-2015-118738,2015-Q4,Central,Furniture,7,49.62,347.36,291.78,125.05,-69.47
CA-2015-118738,2015-Q4,Central,Office Supplies,2,5.18,10.37,4.72,2.02,3.63
CA-2017-134152,2017-Q2,West,Technology,6,16.36,98.16,61.84,26.5,9.82
CA-2017-134152,2017-Q2,West,Office Supplies,3,10.48,31.44,16.51,7.07,7.86
CA-2014-125542,2014-Q4,East,Office Supplies,7,49.78,348.49,161.62,69.26,117.61
CA-2014-125542,2014-Q4,East,Office Supplies,4,43.18,172.74,142.08,60.89,-30.23
CA-2016-136021,2016-Q3,West,Office Supplies,3,5.18,15.54,5.55,2.38,7.61
CA-2016-136021,2016-Q3,West,Technology,6,17.59,105.55,48.95,20.98,35.62
CA-2016-149195,2016-Q3,Central,Office Supplies,5,5.18,25.92,11.79,5.06,9.07
CA-2016-149195,2016-Q3,Central,Office Supplies,8,1.98,15.81,7.33,3.14,5.34
CA-2016-149195,2016-Q3,Central,Office Supplies,2,5.18,10.37,4.63,1.98,3.76
CA-2017-161410,2017-Q2,East,Technology,3,119.4,358.2,221.49,94.92,41.79
CA-2017-161410,2017-Q2,East,Technology,14,38.99,545.92,331.19,141.94,72.79
CA-2017-152786,2017-Q1,South,Office Supplies,9,4.49,40.41,15.27,6.55,18.59
CA-2017-164707,2017-Q1,West,Technology,3,55.99,167.98,110.24,47.24,10.5
CA-2017-164707,2017-Q1,West,Technology,3,36.51,109.53,43.7,18.73,47.1
CA-2017-164707,2017-Q1,West,Office Supplies,2,4.91,9.82,3.51,1.5,4.81
CA-2017-163874,2017-Q4,West,Office Supplies,3,8.78,26.35,11.76,5.04,9.55
US-2014-123183,2014-Q4,East,Office Supplies,6,3.75,22.5,8.19,3.51,10.8
US-2014-123183,2014-Q4,East,Office Supplies,2,4.98,9.96,3.77,1.61,4.58
US-2014-123183,2014-Q4,East,Office Supplies,7,30.44,213.08,77.56,33.24,102.28
US-2014-123183,2014-Q4,East,Furniture,6,170.98,1025.88,552.95,236.98,235.95
CA-2014-104829,2014-Q4,West,Office Supplies,7,3.14,21.98,8.46,3.63,9.89
US-2016-147340,2016-Q3,West,Furniture,5,12.64,63.2,27.87,11.95,23.38
CA-2016-145492,2016-Q4,West,Office Supplies,12,3.25,39.0,19.38,8.31,11.31
CA-2016-163202,2016-Q3,East,Office Supplies,3,0.97,2.91,3.46,1.48,-2.03
CA-2016-117681,2016-Q2,West,Furniture,5,111.33,556.66,385.08,165.03,6.55
CA-2017-132262,2017-Q3,West,Technology,2,35.99,71.98,39.8,17.06,15.12
CA-2017-132262,2017-Q3,West,Technology,2,39.99,79.98,37.51,16.08,26.39
CA-2017-123043,2017-Q3,East,Office Supplies,4,6.17,24.67,11.87,5.09,7.71
CA-2017-123043,2017-Q3,East,Office Supplies,1,3.74,3.74,1.7,0.73,1.31
US-2016-143280,2016-Q1,West,Technology,5,89.19,445.96,273.15,117.07,55.74
US-2016-143280,2016-Q1,West,Technology,1,36.24,36.24,14.71,6.31,15.22
US-2016-143280,2016-Q1,West,Office Supplies,3,3.55,10.65,3.95,1.69,5.01
CA-2017-108854,2017-Q4,West,Office Supplies,4,21.98,87.92,33.24,14.24,40.44
CA-2017-108854,2017-Q4,West,Office Supplies,1,22.42,22.42,9.81,4.2,8.41
CA-2017-108854,2017-Q4,West,Office Supplies,3,30.16,90.48,39.59,16.96,33.93
CA-2017-108854,2017-Q4,West,Office Supplies,1,42.76,42.76,22.15,9.49,11.12
CA-2017-166856,2017-Q3,West,Office Supplies,7,1.44,10.08,4.58,1.97,3.53
CA-2017-166856,2017-Q3,West,Technology,3,33.78,101.34,65.26,27.97,8.11
CA-2016-153157,2016-Q3,Central,Technology,5,44.95,224.75,113.27,48.55,62.93
US-2017-125647,2017-Q3,Central,Office Supplies,6,12.2,73.18,189.53,81.23,-197.58
US-2017-125647,2017-Q3,Central,Office Supplies,4,5.18,20.74,9.44,4.04,7.26
US-2017-125647,2017-Q3,Central,Technology,2,19.99,39.98,34.29,14.69,-9.0
CA-2014-132542,2014-Q4,Central,Office Supplies,2,7.68,15.36,5.38,2.3,7.68
CA-2015-110877,2015-Q4,Central,Office Supplies,7,5.18,36.29,16.51,7.08,12.7
CA-2015-110877,2015-Q4,Central,Technology,2,75.19,150.38,94.74,40.6,15.04
US-2016-151827,2016-Q1,East,Technology,3,93.59,280.78,239.13,102.49,-60.84
US-2016-151827,2016-Q1,East,Technology,2,15.99,31.98,21.55,9.23,1.2
US-2016-163258,2016-Q4,West,Office Supplies,3,3.74,11.23,5.11,2.19,3.93
CA-2017-103009,2017-Q4,South,Office Supplies,5,5.28,26.4,10.16,4.36,11.88
US-2017-120649,2017-Q1,East,Office Supplies,2,1.76,3.52,1.75,0.75,1.02
CA-2016-153598,2016-Q4,West,Technology,5,329.99,1649.95,692.98,296.99,659.98
CA-2016-153598,2016-Q4,West,Furniture,6,18.65,111.9,42.3,18.13,51.47
US-2016-108497,2016-Q2,West,Furniture,5,119.83,599.16,394.74,169.18,35.24
CA-2016-113096,2016-Q3,West,Office Supplies,3,15.51,46.53,24.1,10.33,12.1
CA-2014-136861,2014-Q3,South,Furniture,2,15.99,31.98,20.99,8.99,2.0
CA-2017-117422,2017-Q4,East,Office Supplies,2,80.78,161.57,101.79,43.62,16.16
CA-2017-117422,2017-Q4,East,Office Supplies,1,4.06,4.06,1.88,0.81,1.37
CA-2017-117422,2017-Q4,East,Office Supplies,4,1.56,6.22,7.83,3.36,-4.97
CA-2017-129707,2017-Q2,West,Office Supplies,4,2.22,8.9,5.76,2.47,0.67
CA-2015-160171,2015-Q4,West,Office Supplies,5,328.14,1640.7,826.91,354.39,459.4
CA-2015-160171,2015-Q4,West,Technology,3,90.0,270.0,120.96,51.84,97.2
CA-2014-103317,2014-Q3,South,Furniture,2,9.76,19.52,9.9,4.25,5.37
CA-2014-103317,2014-Q3,South,Office Supplies,5,1.96,9.81,11.68,5.0,-6.87
CA-2014-103317,2014-Q3,South,Furniture,3,71.07,213.22,138.06,59.17,15.99
CA-2016-167115,2016-Q2,East,Office Supplies,2,294.39,588.78,283.35,121.43,184.0
US-2017-153633,2017-Q4,South,Office Supplies,1,2.06,2.06,1.34,0.57,0.15
CA-2017-155929,2017-Q3,West,Office Supplies,2,3.18,6.37,2.79,1.19,2.39
CA-2015-148712,2015-Q2,East,Technology,1,99.6,99.6,43.92,18.83,36.85
CA-2015-148712,2015-Q2,East,Office Supplies,13,4.79,62.3,28.9,12.38,21.02
CA-2015-148712,2015-Q2,East,Office Supplies,3,3.57,10.71,5.55,2.38,2.78
CA-2016-128307,2016-Q3,Central,Office Supplies,1,20.94,20.94,9.71,4.16,7.07
US-2016-127425,2016-Q3,East,Technology,6,5.5,33.0,17.32,7.43,8.25
US-2016-127425,2016-Q3,East,Technology,5,49.99,249.95,113.73,48.74,87.48
US-2014-119081,2014-Q3,Central,Office Supplies,3,119.31,357.93,245.54,105.23,7.16
US-2014-119081,2014-Q3,Central,Technology,5,11.48,57.4,32.54,13.95,10.91
US-2014-119081,2014-Q3,Central,Office Supplies,2,165.98,331.96,127.81,54.77,149.38
US-2014-119081,2014-Q3,Central,Furniture,2,20.28,40.56,19.31,8.27,12.98
CA-2016-140613,2016-Q3,West,Office Supplies,5,17.24,86.2,42.84,18.36,25.0
US-2017-108700,2017-Q2,Central,Office Supplies,6,6.34,38.02,16.97,7.27,13.78
CA-2017-160962,2017-Q2,East,Office Supplies,1,8.38,8.38,5.35,2.3,0.73
CA-2017-160962,2017-Q2,East,Office Supplies,2,3.42,6.85,4.26,1.82,0.77
CA-2017-130631,2017-Q4,West,Office Supplies,5,3.92,19.6,7.0,3.0,9.6
CA-2017-130631,2017-Q4,West,Furniture,2,34.23,68.46,33.54,14.38,20.54
CA-2017-116680,2017-Q3,West,Office Supplies,6,2.22,13.34,6.3,2.7,4.34
CA-2017-116680,2017-Q3,West,Furniture,8,184.78,1478.27,970.12,415.76,92.39
US-2014-107405,2014-Q1,South,Office Supplies,1,16.27,16.27,14.09,6.04,-3.86
CA-2017-101574,2017-Q3,West,Furniture,3,3.08,9.24,3.36,1.44,4.44
CA-2014-146591,2014-Q1,West,Office Supplies,10,3.23,32.34,39.24,16.82,-23.72
CA-2014-146591,2014-Q1,West,Office Supplies,4,14.02,56.06,25.51,10.93,19.62
CA-2014-146591,2014-Q1,West,Office Supplies,5,21.74,108.72,50.42,21.61,36.69
CA-2014-146591,2014-Q1,West,Furniture,5,36.29,181.47,351.45,150.62,-320.6
CA-2014-107706,2014-Q1,Central,Office Supplies,3,5.39,16.18,7.08,3.03,6.07
CA-2016-122448,2016-Q2,West,Furniture,3,40.78,122.35,76.01,32.58,13.76
CA-2014-132451,2014-Q3,West,Furniture,3,195.18,585.55,358.65,153.71,73.19
CA-2014-132451,2014-Q3,West,Office Supplies,3,6.48,19.44,7.08,3.03,9.33
CA-2016-158547,2016-Q2,East,Office Supplies,5,24.78,123.92,80.24,34.39,9.29
CA-2017-116946,2017-Q4,West,Furniture,5,2.67,13.36,6.54,2.81,4.01
CA-2017-116946,2017-Q4,West,Office Supplies,2,39.13,78.26,67.11,28.76,-17.61
CA-2017-116946,2017-Q4,West,Furniture,7,14.57,102.02,199.95,85.7,-183.63
CA-2017-121741,2017-Q4,Central,Office Supplies,2,375.34,750.68,499.2,213.95,37.53
CA-2017-169691,2017-Q2,Central,Office Supplies,3,14.8,44.4,15.54,6.66,22.2
CA-2017-169691,2017-Q2,Central,Office Supplies,5,16.91,84.55,43.2,18.52,22.83
CA-2017-169691,2017-Q2,Central,Office Supplies,3,5.98,17.94,6.41,2.74,8.79
CA-2016-121356,2016-Q4,East,Office Supplies,3,42.8,128.4,45.84,19.64,62.92
CA-2014-101770,2014-Q1,South,Office Supplies,1,1.87,1.87,2.23,0.95,-1.31
CA-2017-105487,2017-Q4,West,Technology,1,103.19,103.19,64.11,27.47,11.61
CA-2017-105487,2017-Q4,West,Technology,2,18.0,36.0,20.66,8.86,6.48
CA-2017-105487,2017-Q4,West,Technology,4,59.99,239.96,87.35,37.43,115.18
CA-2017-105487,2017-Q4,West,Office Supplies,2,20.34,40.68,28.19,12.08,0.41
CA-2017-148999,2017-Q1,South,Furniture,4,104.78,419.14,341.07,146.18,-68.11
CA-2014-107573,2014-Q4,South,Office Supplies,3,7.82,23.47,11.09,4.75,7.63
CA-2015-156608,2015-Q4,Central,Office Supplies,4,0.9,3.59,6.92,2.96,-6.29
CA-2017-134495,2017-Q2,South,Technology,3,7.99,23.98,20.77,8.9,-5.69
CA-2017-134495,2017-Q2,South,Office Supplies,3,2.09,6.26,2.95,1.27,2.04
CA-2017-134495,2017-Q2,South,Office Supplies,3,6.94,20.81,13.29,5.7,1.82
CA-2017-134495,2017-Q2,South,Furniture,3,72.78,218.35,166.22,71.24,-19.11
CA-2017-164098,2017-Q1,Central,Office Supplies,2,9.08,18.16,11.44,4.9,1.82
CA-2014-105249,2014-Q4,West,Office Supplies,2,3.68,7.36,5.05,2.16,0.15
CA-2014-105249,2014-Q4,West,Office Supplies,4,10.35,41.4,15.07,6.46,19.87
CA-2014-105249,2014-Q4,West,Furniture,4,102.83,411.33,291.32,124.85,-4.84
CA-2015-113523,2015-Q3,East,Office Supplies,4,1.92,7.66,9.65,4.13,-6.12
CA-2017-117821,2017-Q2,East,Technology,2,31.96,63.92,31.32,13.42,19.18
CA-2017-164378,2017-Q3,East,Office Supplies,2,3.28,6.56,3.26,1.4,1.9
CA-2017-164378,2017-Q3,East,Office Supplies,3,2.61,7.83,2.96,1.27,3.6
CA-2017-164378,2017-Q3,East,Technology,2,20.95,41.9,23.17,9.93,8.8
CA-2017-164378,2017-Q3,East,Furniture,6,110.69,664.15,402.92,172.68,88.55
CA-2017-164378,2017-Q3,East,Office Supplies,2,4.48,8.96,3.2,1.37,4.39
CA-2017-127782,2017-Q4,East,Furniture,1,3.31,3.31,1.85,0.8,0.66
CA-2017-127782,2017-Q4,East,Office Supplies,3,6.71,20.14,13.22,5.66,1.26
CA-2017-127782,2017-Q4,East,Office Supplies,3,2.95,8.86,4.19,1.79,2.88
CA-2017-127782,2017-Q4,East,Technology,4,214.8,859.2,731.75,313.61,-186.16
US-2016-162026,2016-Q4,West,Office Supplies,2,30.98,61.96,23.86,10.22,27.88
CA-2016-150000,2016-Q2,South,Office Supplies,4,4.48,17.92,6.52,2.8,8.6
CA-2015-168529,2015-Q4,West,Furniture,5,29.18,145.9,58.21,24.95,62.74
US-2017-152569,2017-Q2,Central,Office Supplies,2,28.35,56.7,26.29,11.27,19.14
US-2017-152569,2017-Q2,Central,Technology,2,5.56,11.12,5.35,2.29,3.48
US-2014-137680,2014-Q1,West,Office Supplies,4,8.22,32.9,15.26,6.54,11.1
US-2014-137680,2014-Q1,West,Office Supplies,3,7.59,22.78,10.56,4.53,7.69
CA-2015-103177,2015-Q2,East,Technology,3,79.99,239.97,166.3,71.27,2.4
CA-2015-103177,2015-Q2,East,Office Supplies,2,80.16,160.32,80.8,34.63,44.89
CA-2015-103177,2015-Q2,East,Technology,3,42.95,128.85,87.49,37.49,3.87
US-2016-138408,2016-Q4,South,Technology,4,329.99,1319.96,554.39,237.59,527.98
CA-2017-117667,2017-Q4,East,Furniture,10,24.0,239.96,175.17,75.07,-10.28
CA-2017-117667,2017-Q4,East,Furniture,2,27.38,54.77,33.54,14.38,6.85
CA-2017-117667,2017-Q4,East,Office Supplies,3,4.46,13.39,7.15,3.06,3.18
CA-2017-117667,2017-Q4,East,Office Supplies,5,4.78,23.92,10.68,4.57,8.67
CA-2017-117667,2017-Q4,East,Technology,4,63.99,255.97,199.34,85.43,-28.8
CA-2016-110982,2016-Q2,West,Office Supplies,6,3.59,21.55,10.19,4.36,7.0
CA-2016-110982,2016-Q2,West,Office Supplies,4,14.56,58.24,29.76,12.76,15.72
CA-2016-147123,2016-Q4,West,Office Supplies,12,6.69,80.28,30.34,13.01,36.93
CA-2017-154501,2017-Q2,West,Office Supplies,2,4.89,9.78,4.04,1.73,4.01
CA-2017-166933,2017-Q2,West,Office Supplies,1,1.81,1.81,0.81,0.35,0.65
CA-2015-142055,2015-Q2,East,Office Supplies,2,18.97,37.94,13.81,5.92,18.21
CA-2015-137106,2015-Q1,South,Technology,5,15.99,79.96,36.38,15.59,27.99
CA-2017-136609,2017-Q3,Central,Office Supplies,3,38.43,115.3,52.46,22.49,40.35
CA-2017-160885,2017-Q4,Central,Technology,4,619.99,2479.96,1215.18,520.79,743.99
US-2016-167472,2016-Q2,South,Technology,6,29.99,179.94,73.06,31.31,75.57
US-2016-167472,2016-Q2,South,Technology,3,8.95,26.85,15.22,6.53,5.1
US-2016-167472,2016-Q2,South,Technology,3,107.79,323.37,135.81,58.21,129.35
US-2016-167472,2016-Q2,South,Office Supplies,3,19.98,59.94,22.24,9.53,28.17
US-2016-167472,2016-Q2,South,Office Supplies,3,21.38,64.14,23.34,10.01,30.79
US-2016-167472,2016-Q2,South,Office Supplies,3,3.89,11.67,4.25,1.82,5.6
US-2016-167472,2016-Q2,South,Office Supplies,2,6.48,12.96,4.72,2.02,6.22
CA-2015-120551,2015-Q2,Central,Office Supplies,3,5.81,17.43,6.59,2.82,8.02
US-2017-150595,2017-Q2,Central,Furniture,2,91.0,181.99,165.61,70.98,-54.6
US-2017-150595,2017-Q2,Central,Office Supplies,2,0.8,1.59,2.95,1.27,-2.63
US-2017-150595,2017-Q2,Central,Office Supplies,3,7.45,22.34,13.88,5.95,2.51
CA-2016-134936,2016-Q4,West,Furniture,6,76.0,455.97,472.39,202.45,-218.87
CA-2016-134936,2016-Q4,West,Office Supplies,6,1.74,10.44,12.67,5.43,-7.66
CA-2016-134936,2016-Q4,West,Office Supplies,2,2.6,5.21,6.57,2.81,-4.17
CA-2017-102967,2017-Q3,East,Office Supplies,5,13.48,67.4,34.92,14.96,17.52
CA-2017-151008,2017-Q3,West,Furniture,2,12.58,25.16,10.21,4.38,10.57
CA-2017-151008,2017-Q3,West,Technology,4,31.64,126.56,55.37,23.73,47.46
CA-2014-159800,2014-Q4,West,Office Supplies,3,14.56,43.68,22.32,9.57,11.79
CA-2014-159800,2014-Q4,West,Technology,7,19.99,139.93,73.47,31.48,34.98
US-2014-159618,2014-Q4,Central,Office Supplies,1,2.67,2.67,1.64,0.7,0.33
US-2014-159618,2014-Q4,Central,Office Supplies,6,2.78,16.66,13.85,5.93,-3.12
US-2014-159618,2014-Q4,Central,Technology,3,26.5,79.51,41.05,17.59,20.87
US-2014-159618,2014-Q4,Central,Office Supplies,7,5.18,36.29,16.51,7.08,12.7
US-2014-159618,2014-Q4,Central,Furniture,1,67.99,67.99,56.69,24.3,-13.0
CA-2017-116113,2017-Q4,South,Furniture,2,5.08,10.16,4.7,2.01,3.45
CA-2015-125066,2015-Q4,South,Furniture,2,3.08,6.16,2.93,1.26,1.97
CA-2015-125066,2015-Q4,South,Office Supplies,2,28.15,56.3,28.38,12.16,15.76
US-2015-114741,2015-Q4,West,Office Supplies,1,6.48,6.48,2.36,1.01,3.11
US-2015-114741,2015-Q4,West,Office Supplies,5,265.17,1325.85,761.04,326.16,238.65
US-2015-114741,2015-Q4,West,Office Supplies,3,4.98,14.94,5.65,2.42,6.87
CA-2017-133263,2017-Q1,South,Office Supplies,1,34.54,34.54,12.09,5.18,17.27
CA-2017-133263,2017-Q1,South,Technology,5,599.99,2999.95,1091.98,467.99,1439.98
CA-2017-133263,2017-Q1,South,Office Supplies,4,16.03,64.12,23.34,10.0,30.78
CA-2017-157966,2017-Q1,Central,Office Supplies,4,4.86,19.46,12.09,5.18,2.19
CA-2017-157966,2017-Q1,Central,Technology,2,105.0,209.99,140.69,60.3,9.0
CA-2017-157966,2017-Q1,Central,Office Supplies,5,5.95,29.76,19.53,8.37,1.86
CA-2017-157966,2017-Q1,Central,Furniture,1,89.77,89.77,64.63,27.7,-2.56
CA-2017-157966,2017-Q1,Central,Technology,2,479.99,959.98,436.79,187.2,335.99
CA-2017-157966,2017-Q1,Central,Office Supplies,3,5.18,15.55,6.94,2.97,5.64
CA-2017-157966,2017-Q1,Central,Technology,1,34.36,34.36,29.16,12.5,-7.3
CA-2014-151162,2014-Q4,East,Office Supplies,3,32.79,98.38,43.9,18.82,35.66
CA-2014-151162,2014-Q4,East,Office Supplies,4,7.48,29.94,37.72,16.17,-23.95
CA-2014-151162,2014-Q4,East,Office Supplies,3,5.82,17.47,8.25,3.54,5.68
CA-2014-151162,2014-Q4,East,Technology,1,36.74,36.74,32.14,13.78,-9.18
CA-2014-151162,2014-Q4,East,Technology,2,89.97,179.94,157.44,67.48,-44.98
CA-2016-136686,2016-Q4,West,Furniture,6,63.94,383.64,182.62,78.26,122.76
CA-2016-136686,2016-Q4,West,Office Supplies,3,18.84,56.52,28.48,12.21,15.83
CA-2017-137498,2017-Q3,West,Office Supplies,2,3.28,6.56,3.26,1.4,1.9
CA-2017-137498,2017-Q3,West,Furniture,5,48.78,243.92,181.41,77.75,-15.24
CA-2017-137498,2017-Q3,West,Office Supplies,9,5.28,47.52,17.3,7.41,22.81
CA-2017-163818,2017-Q4,East,Furniture,1,19.98,19.98,7.97,3.42,8.59
CA-2016-161158,2016-Q2,East,Office Supplies,5,1.6,8.0,3.19,1.37,3.44
CA-2014-116673,2014-Q4,West,Furniture,2,3.08,6.16,2.93,1.26,1.97
CA-2017-105333,2017-Q4,East,Office Supplies,4,20.89,83.56,57.32,24.57,1.67
CA-2017-105333,2017-Q4,East,Technology,3,182.02,546.06,267.57,114.67,163.82
CA-2017-105333,2017-Q4,East,Office Supplies,3,89.83,269.49,184.87,79.23,5.39
CA-2015-149993,2015-Q1,West,Office Supplies,5,2.18,10.9,5.11,2.19,3.6
CA-2014-168158,2014-Q3,West,Office Supplies,2,3.05,6.1,2.72,1.17,2.21
CA-2016-115224,2016-Q4,West,Office Supplies,3,11.35,34.05,17.16,7.36,9.53
CA-2016-115224,2016-Q4,West,Office Supplies,2,176.19,352.38,189.93,81.4,81.05
CA-2014-164742,2014-Q4,East,Furniture,2,122.99,245.98,153.24,65.68,27.06
CA-2014-164742,2014-Q4,East,Office Supplies,1,18.94,18.94,6.63,2.84,9.47
US-2017-108014,2017-Q4,East,Office Supplies,7,8.56,59.91,74.09,31.75,-45.93
CA-2017-160325,2017-Q3,East,Technology,2,195.99,391.98,197.56,84.67,109.75
CA-2017-160325,2017-Q3,East,Technology,3,145.95,437.85,214.55,91.95,131.35
CA-2015-159779,2015-Q3,East,Office Supplies,2,34.31,68.62,25.46,10.91,32.25
CA-2017-151176,2017-Q1,East,Office Supplies,3,8.34,25.02,12.96,5.55,6.51
CA-2017-151176,2017-Q1,East,Office Supplies,3,3.57,10.71,5.55,2.38,2.78
CA-2014-108903,2014-Q4,East,Office Supplies,2,27.99,55.98,36.25,15.53,4.2
CA-2014-108903,2014-Q4,East,Office Supplies,5,2.9,14.48,6.71,2.88,4.89
CA-2014-108903,2014-Q4,East,Technology,3,47.5,142.49,102.23,43.82,-3.56
CA-2016-117919,2016-Q3,Central,Office Supplies,1,14.16,14.16,9.17,3.93,1.06
CA-2016-117919,2016-Q3,Central,Office Supplies,5,15.98,79.92,36.37,15.58,27.97
CA-2015-142475,2015-Q4,East,Office Supplies,6,98.39,590.35,268.61,115.12,206.62
CA-2016-134516,2016-Q3,South,Furniture,2,8.54,17.09,11.21,4.81,1.07
CA-2016-134516,2016-Q3,South,Furniture,1,98.39,98.39,76.62,32.84,-11.07
CA-2017-105193,2017-Q1,East,Office Supplies,5,2.21,11.05,5.65,2.42,2.98
CA-2015-168634,2015-Q4,West,Office Supplies,2,3.89,7.78,4.03,1.73,2.02
CA-2017-117198,2017-Q3,South,Technology,2,329.95,659.9,309.49,132.64,217.77
CA-2015-145828,2015-Q4,East,Technology,3,17.68,53.04,40.38,17.3,-4.64
CA-2017-121027,2017-Q3,West,Technology,2,421.95,843.9,330.81,141.77,371.32
CA-2017-121027,2017-Q3,West,Technology,9,166.24,1496.16,890.22,381.52,224.42
CA-2016-147431,2016-Q1,East,Office Supplies,2,58.98,117.96,78.44,33.62,5.9
CA-2016-158001,2016-Q3,East,Office Supplies,5,4.26,21.3,8.8,3.77,8.73
CA-2016-158001,2016-Q3,East,Office Supplies,5,208.16,1040.8,531.85,227.93,281.02
CA-2016-158001,2016-Q3,East,Office Supplies,6,4.89,29.34,14.99,6.43,7.92
CA-2017-125745,2017-Q2,South,Furniture,2,9.76,19.52,9.9,4.25,5.37
CA-2015-101154,2015-Q3,West,Office Supplies,4,110.98,443.92,304.53,130.51,8.88
US-2016-124163,2016-Q3,Central,Technology,5,99.99,499.95,227.48,97.49,174.98
US-2016-124163,2016-Q3,Central,Office Supplies,1,3.04,3.04,1.41,0.6,1.03
US-2016-124163,2016-Q3,Central,Furniture,2,100.98,201.96,106.03,45.44,50.49
US-2016-124163,2016-Q3,Central,Furniture,11,6.24,68.64,36.04,15.44,17.16
CA-2016-121748,2016-Q4,West,Technology,4,25.0,100.0,55.3,23.7,21.0
CA-2016-121748,2016-Q4,West,Technology,2,179.99,359.98,236.87,101.51,21.6
CA-2014-126683,2014-Q3,West,Furniture,2,3.08,6.16,2.24,0.96,2.96
CA-2014-126683,2014-Q3,West,Furniture,9,260.98,2348.82,1364.66,584.86,399.3
CA-2017-148810,2017-Q2,South,Office Supplies,6,2.31,13.87,6.43,2.76,4.68
CA-2017-148810,2017-Q2,South,Furniture,3,91.18,273.55,201.06,86.17,-13.68
US-2016-146066,2016-Q3,East,Furniture,9,90.59,815.29,808.49,346.5,-339.7
CA-2014-127614,2014-Q1,South,Technology,3,78.15,234.45,91.9,39.39,103.16
CA-2014-127614,2014-Q1,South,Furniture,6,209.37,1256.22,826.59,354.26,75.37
CA-2014-127614,2014-Q1,South,Office Supplies,2,8.73,17.46,6.47,2.78,8.21
CA-2016-101742,2016-Q3,East,Office Supplies,7,1.5,10.53,4.79,2.06,3.68
CA-2015-134943,2015-Q4,Central,Office Supplies,5,30.56,152.8,53.48,22.92,76.4
CA-2017-123022,2017-Q3,West,Office Supplies,5,16.51,82.56,37.56,16.1,28.9
CA-2017-123022,2017-Q3,West,Technology,3,94.99,284.97,139.64,59.84,85.49
CA-2017-113208,2017-Q1,Central,Furniture,3,20.28,60.84,26.4,11.32,23.12
CA-2014-154893,2014-Q4,West,Furniture,6,220.96,1325.76,823.63,352.98,149.15
CA-2014-154893,2014-Q4,West,Furniture,3,190.72,572.16,375.48,160.92,35.76
CA-2014-147900,2014-Q3,East,Office Supplies,9,3.2,28.8,13.1,5.62,10.08
CA-2017-106355,2017-Q2,East,Office Supplies,4,2.78,11.12,5.76,2.47,2.89
CA-2016-127985,2016-Q2,South,Furniture,4,1.76,7.04,2.76,1.18,3.1
CA-2015-166604,2015-Q2,South,Office Supplies,3,5.98,17.94,6.41,2.74,8.79
CA-2017-120719,2017-Q1,West,Office Supplies,5,6.95,34.76,16.42,7.04,11.3
CA-2017-127117,2017-Q2,East,Furniture,5,14.89,74.45,38.05,16.3,20.1
CA-2015-104241,2015-Q1,South,Furniture,14,13.73,192.22,86.11,36.91,69.2
CA-2017-168179,2017-Q4,West,Office Supplies,3,6.48,19.44,7.08,3.03,9.33
CA-2017-142342,2017-Q3,West,Office Supplies,5,6.48,32.4,11.79,5.06,15.55
CA-2017-142342,2017-Q3,West,Office Supplies,5,11.58,57.9,20.26,8.69,28.95
CA-2017-142342,2017-Q3,West,Office Supplies,2,5.28,10.56,7.39,3.17,0.0
CA-2017-142342,2017-Q3,West,Furniture,5,238.83,1194.16,688.39,295.03,210.74
CA-2017-109099,2017-Q4,East,Office Supplies,1,40.99,40.99,14.63,6.27,20.09
US-2014-134187,2014-Q4,West,Office Supplies,1,2.94,2.94,1.5,0.65,0.79
CA-2016-145261,2016-Q4,West,Office Supplies,4,11.31,45.24,52.78,22.62,-30.16
CA-2016-145261,2016-Q4,West,Office Supplies,4,4.67,18.69,11.45,4.9,2.34
CA-2016-145261,2016-Q4,West,Office Supplies,2,5.82,11.65,5.5,2.36,3.79
CA-2016-145261,2016-Q4,West,Technology,3,37.59,112.78,84.87,36.37,-8.46
CA-2016-145261,2016-Q4,West,Furniture,5,75.49,377.45,449.16,192.5,-264.21
CA-2016-145261,2016-Q4,West,Office Supplies,4,3.98,15.94,7.53,3.23,5.18
CA-2016-145261,2016-Q4,West,Technology,3,9.56,28.68,25.09,10.76,-7.17
CA-2016-108875,2016-Q3,West,Furniture,2,10.72,21.44,9.76,4.18,7.5
CA-2016-108875,2016-Q3,West,Office Supplies,9,56.78,511.06,424.82,182.06,-95.82
CA-2016-141957,2016-Q3,East,Office Supplies,2,9.33,18.66,12.08,5.18,1.4
CA-2016-141957,2016-Q3,East,Office Supplies,7,1.58,11.09,13.45,5.77,-8.13
CA-2016-141957,2016-Q3,East,Office Supplies,1,66.69,66.69,43.76,18.76,4.17
CA-2016-141957,2016-Q3,East,Office Supplies,2,49.74,99.49,63.55,27.23,8.71
CA-2016-142405,2016-Q2,West,Office Supplies,2,7.31,14.62,5.42,2.33,6.87
CA-2016-142405,2016-Q2,West,Office Supplies,14,3.86,53.98,25.51,10.93,17.54
CA-2016-142405,2016-Q2,West,Technology,3,129.99,389.97,180.17,77.21,132.59
CA-2015-141012,2015-Q2,West,Furniture,4,88.84,355.36,184.08,78.89,92.39
CA-2015-141012,2015-Q2,West,Technology,3,46.79,140.38,92.13,39.48,8.77
CA-2017-127922,2017-Q4,Central,Office Supplies,2,7.92,15.84,7.21,3.09,5.54
CA-2017-127922,2017-Q4,Central,Office Supplies,2,4.22,8.45,4.07,1.74,2.64
CA-2016-146318,2016-Q1,West,Office Supplies,2,6.48,12.96,4.72,2.02,6.22
CA-2014-135993,2014-Q2,West,Technology,6,9.57,57.41,36.17,15.5,5.74
CA-2014-135993,2014-Q2,West,Technology,4,6.9,27.6,17.77,7.62,2.21
CA-2014-126802,2014-Q4,Central,Furniture,3,12.99,38.98,62.76,26.89,-50.67
CA-2016-143924,2016-Q3,Central,Office Supplies,7,2.92,20.44,7.87,3.37,9.2
CA-2016-143924,2016-Q3,Central,Office Supplies,2,54.96,109.92,39.24,16.82,53.86
CA-2016-141551,2016-Q3,Central,Office Supplies,1,6.38,6.38,2.41,1.04,2.93
CA-2016-141551,2016-Q3,Central,Office Supplies,1,6.48,6.48,2.36,1.01,3.11
CA-2014-164315,2014-Q2,South,Office Supplies,3,5.28,15.84,6.1,2.61,7.13
CA-2014-164315,2014-Q2,South,Technology,7,149.99,1049.93,529.16,226.79,293.98
CA-2014-164315,2014-Q2,South,Office Supplies,5,30.98,154.9,80.24,34.39,40.27
CA-2015-131072,2015-Q4,West,Office Supplies,3,32.78,98.35,43.89,18.81,35.65
CA-2014-131541,2014-Q3,South,Office Supplies,5,2.86,14.32,6.39,2.74,5.19
CA-2014-131541,2014-Q3,South,Furniture,6,21.65,129.89,81.83,35.07,12.99
CA-2014-131541,2014-Q3,South,Office Supplies,7,6.99,48.94,22.69,9.73,16.52
CA-2015-119550,2015-Q4,Central,Furniture,3,91.69,275.06,255.81,109.63,-90.38
US-2015-138093,2015-Q4,East,Office Supplies,9,3.04,27.36,12.64,5.42,9.3
US-2015-138093,2015-Q4,East,Office Supplies,5,8.95,44.75,16.92,7.25,20.58
US-2015-138093,2015-Q4,East,Technology,1,134.99,134.99,68.98,29.56,36.45
US-2015-138093,2015-Q4,East,Office Supplies,5,5.28,26.4,9.61,4.12,12.67
US-2015-138093,2015-Q4,East,Furniture,3,180.98,542.94,281.25,120.53,141.16
CA-2016-126165,2016-Q2,West,Furniture,2,35.54,71.09,51.01,21.86,-1.78
CA-2017-126123,2017-Q4,Central,Office Supplies,9,3.04,27.4,48.9,20.96,-42.46
CA-2017-126123,2017-Q4,Central,Office Supplies,1,13.46,13.46,25.91,11.1,-23.55
CA-2016-143441,2016-Q4,Central,Office Supplies,1,11.84,11.84,5.18,2.22,4.44
CA-2017-148320,2017-Q4,West,Office Supplies,6,5.98,35.88,12.81,5.49,17.58
CA-2016-125661,2016-Q4,East,Office Supplies,3,13.58,40.75,17.83,7.64,15.28
CA-2016-125661,2016-Q4,East,Technology,5,27.99,139.96,113.89,48.81,-22.74
US-2014-123519,2014-Q4,East,Office Supplies,1,2.62,2.62,1.62,0.7,0.3
US-2014-123519,2014-Q4,East,Furniture,1,136.53,136.53,132.21,56.66,-52.34
US-2014-123519,2014-Q4,East,Technology,1,263.96,263.96,154.75,66.32,42.89
CA-2014-155593,2014-Q4,East,Office Supplies,3,3.88,11.64,5.78,2.48,3.38
CA-2017-136000,2017-Q3,East,Office Supplies,3,13.39,40.18,17.93,7.69,14.56
US-2015-160857,2015-Q2,East,Furniture,3,26.48,79.44,34.47,14.78,30.19
US-2015-160857,2015-Q2,East,Office Supplies,3,119.31,357.93,245.54,105.23,7.16
US-2015-160857,2015-Q2,East,Furniture,2,63.88,127.76,74.53,31.94,21.29
US-2015-160857,2015-Q2,East,Technology,7,399.99,2799.94,1249.47,535.49,1014.98
US-2015-160857,2015-Q2,East,Office Supplies,3,6.48,19.44,7.08,3.03,9.33
CA-2017-115805,2017-Q3,Central,Technology,1,36.79,36.79,22.85,9.8,4.14
US-2014-143707,2014-Q1,East,Technology,3,1.98,5.94,3.04,1.3,1.6
CA-2017-116939,2017-Q3,South,Office Supplies,5,35.51,177.55,90.73,38.88,47.94
CA-2015-124107,2015-Q4,Central,Technology,5,123.99,619.95,355.85,152.51,111.59
CA-2015-124107,2015-Q4,Central,Technology,3,9.72,29.16,14.49,6.21,8.46
CA-2015-124107,2015-Q4,Central,Office Supplies,7,8.28,57.96,21.5,9.22,27.24
CA-2015-124107,2015-Q4,Central,Office Supplies,3,9.8,29.4,16.92,7.25,5.23
CA-2017-126550,2017-Q1,Central,Office Supplies,5,16.28,81.4,42.17,18.07,21.16
CA-2015-138674,2015-Q4,West,Office Supplies,5,1.74,8.72,4.5,1.93,2.29
CA-2015-138674,2015-Q4,West,Technology,3,30.39,91.18,60.63,25.99,4.56
CA-2015-138674,2015-Q4,West,Technology,4,39.99,159.97,90.99,38.99,29.99
CA-2016-165820,2016-Q3,West,Office Supplies,2,6.48,12.96,4.72,2.02,6.22
CA-2014-103191,2014-Q3,Central,Office Supplies,3,110.51,331.54,290.09,124.33,-82.88
CA-2015-103933,2015-Q3,East,Technology,9,99.99,899.91,352.76,151.19,395.96
CA-2015-110548,2015-Q2,Central,Technology,7,135.19,946.34,579.63,248.42,118.29
CA-2017-117324,2017-Q4,Central,Technology,3,59.37,178.11,102.23,43.82,32.06
CA-2017-117324,2017-Q4,Central,Office Supplies,3,363.25,1089.75,549.23,235.39,305.13
CA-2017-117324,2017-Q4,Central,Office Supplies,2,30.53,61.06,23.08,9.89,28.09
CA-2017-117324,2017-Q4,Central,Furniture,4,114.98,459.92,292.97,125.56,41.39
CA-2017-117324,2017-Q4,Central,Office Supplies,4,6.88,27.52,10.4,4.46,12.66
CA-2017-143574,2017-Q2,East,Furniture,9,70.98,638.82,317.49,136.07,185.26
CA-2017-143574,2017-Q2,East,Office Supplies,3,10.23,30.69,15.9,6.81,7.98
CA-2017-143574,2017-Q2,East,Furniture,2,12.58,25.16,11.63,4.98,8.55
CA-2014-111773,2014-Q2,East,Office Supplies,3,4.64,13.92,6.33,2.72,4.87
CA-2014-148614,2014-Q1,West,Office Supplies,2,9.68,19.36,7.05,3.02,9.29
CA-2014-148614,2014-Q1,West,Furniture,2,9.65,19.3,9.46,4.05,5.79
CA-2017-156139,2016-Q4,West,Office Supplies,3,12.79,38.38,17.46,7.49,13.43
US-2017-147886,2017-Q1,West,Office Supplies,2,6.48,12.96,4.63,1.98,6.35
US-2017-147886,2017-Q1,West,Furniture,1,26.48,26.48,11.49,4.93,10.06
US-2017-147886,2017-Q1,West,Technology,2,266.36,532.72,335.62,143.83,53.27
US-2017-147886,2017-Q1,West,Office Supplies,4,6.68,26.72,9.72,4.17,12.83
US-2017-147886,2017-Q1,West,Office Supplies,3,6.68,20.04,7.29,3.13,9.62
US-2017-147886,2017-Q1,West,Office Supplies,7,113.64,795.48,551.27,236.26,7.95
US-2017-147886,2017-Q1,West,Furniture,7,3.08,21.56,10.26,4.4,6.9
CA-2016-113733,2016-Q4,South,Technology,2,124.79,249.58,152.87,65.51,31.2
CA-2016-113733,2016-Q4,South,Technology,3,22.7,68.11,35.16,15.07,17.88
CA-2016-113733,2016-Q4,South,Technology,3,5.52,16.56,13.33,5.71,-2.48
CA-2017-104913,2017-Q4,East,Technology,5,14.99,74.95,26.75,11.47,36.73
CA-2014-145800,2014-Q2,Central,Furniture,3,118.49,355.46,378.21,162.09,-184.84
CA-2016-125850,2016-Q1,West,Office Supplies,3,14.8,44.4,15.54,6.66,22.2
CA-2016-125850,2016-Q1,West,Office Supplies,5,4.13,20.65,7.8,3.35,9.5
CA-2016-118514,2016-Q1,South,Furniture,4,216.6,866.4,448.8,192.34,225.26
CA-2015-150749,2015-Q1,South,Office Supplies,2,2.78,5.56,2.88,1.23,1.45
CA-2014-163748,2014-Q4,Central,Office Supplies,4,0.79,3.16,8.18,3.51,-8.53
CA-2014-163748,2014-Q4,Central,Technology,5,399.99,1999.96,962.48,412.49,624.99
CA-2015-119634,2015-Q3,South,Furniture,3,15.38,46.15,23.83,10.21,12.11
CA-2015-149300,2015-Q4,South,Technology,3,10.99,32.98,24.47,10.49,-1.98
US-2016-111528,2016-Q4,West,Office Supplies,4,120.33,481.32,249.33,106.85,125.14
US-2016-111528,2016-Q4,West,Office Supplies,1,6.38,6.38,2.96,1.27,2.15
CA-2017-158169,2017-Q3,West,Office Supplies,3,180.98,542.94,273.64,117.28,152.02
CA-2017-158169,2017-Q3,West,Furniture,4,13.73,54.92,24.61,10.54,19.77
CA-2015-162047,2015-Q4,East,Furniture,10,144.88,1448.82,867.68,371.87,209.27
CA-2015-117772,2015-Q3,West,Office Supplies,6,58.98,353.88,235.33,100.86,17.69
US-2014-126340,2014-Q4,West,Technology,3,111.19,333.58,215.99,92.57,25.02
CA-2016-149685,2016-Q4,Central,Office Supplies,6,10.02,60.14,27.89,11.95,20.3
CA-2017-126396,2017-Q3,Central,Technology,6,14.2,85.2,45.47,19.49,20.24
CA-2015-154900,2015-Q1,East,Office Supplies,1,3.15,3.15,1.15,0.49,1.51
CA-2015-154900,2015-Q1,East,Office Supplies,4,5.68,22.72,8.75,3.75,10.22
CA-2015-103835,2015-Q3,West,Furniture,3,4.97,14.91,7.2,3.09,4.62
CA-2015-103835,2015-Q3,West,Office Supplies,4,289.53,1158.12,575.59,246.68,335.85
CA-2015-158939,2015-Q4,Central,Technology,1,599.99,599.99,256.19,109.8,234.0
CA-2016-117408,2016-Q3,Central,Office Supplies,2,11.98,23.97,15.1,6.47,2.4
CA-2016-142398,2016-Q2,West,Furniture,7,91.18,638.29,469.14,201.06,-31.91
CA-2016-142398,2016-Q2,West,Office Supplies,1,13.21,13.21,6.01,2.58,4.62
CA-2016-105277,2016-Q4,East,Office Supplies,3,5.18,15.53,6.8,2.91,5.82
CA-2016-112060,2016-Q4,West,Office Supplies,1,104.85,104.85,38.16,16.36,50.33
CA-2014-105270,2014-Q4,West,Office Supplies,3,10.16,30.48,15.79,6.77,7.92
CA-2014-105270,2014-Q4,West,Furniture,1,112.65,112.65,70.97,30.42,11.26
US-2015-159513,2015-Q2,West,Technology,3,23.99,71.98,33.38,14.31,24.29
CA-2015-155586,2015-Q4,West,Office Supplies,1,2.21,2.21,1.13,0.48,0.6
CA-2015-155586,2015-Q4,West,Office Supplies,4,3.88,15.52,5.65,2.42,7.45
CA-2015-155586,2015-Q4,West,Office Supplies,4,9.11,36.44,14.03,6.01,16.4
CA-2017-141117,2017-Q4,West,Furniture,6,36.29,217.76,421.74,180.74,-384.72
CA-2017-141117,2017-Q4,West,Office Supplies,6,6.51,39.07,24.27,10.4,4.4
CA-2017-141117,2017-Q4,West,Office Supplies,7,3.23,22.64,27.47,11.77,-16.6
CA-2017-141117,2017-Q4,West,Office Supplies,7,13.59,95.14,59.11,25.33,10.7
CA-2017-115070,2017-Q2,South,Furniture,5,2.46,12.32,7.33,3.14,1.85
CA-2017-115070,2017-Q2,South,Office Supplies,3,1.47,4.42,5.26,2.25,-3.09
CA-2017-140186,2017-Q3,West,Office Supplies,7,5.0,35.0,12.74,5.46,16.8
CA-2017-140186,2017-Q3,West,Furniture,1,72.78,72.78,50.95,21.83,0.0
CA-2017-140186,2017-Q3,West,Office Supplies,2,48.92,97.84,50.68,21.72,25.44
CA-2017-140186,2017-Q3,West,Furniture,1,51.75,51.75,25.36,10.87,15.52
CA-2017-140186,2017-Q3,West,Office Supplies,2,23.34,46.67,21.23,9.1,16.34
CA-2014-124856,2014-Q3,East,Office Supplies,9,155.06,1395.54,722.89,309.81,362.84
CA-2014-124856,2014-Q3,East,Furniture,4,29.34,117.36,56.69,24.29,36.38
CA-2014-124856,2014-Q3,East,Office Supplies,3,6.3,18.9,7.15,3.06,8.69
CA-2014-124856,2014-Q3,East,Office Supplies,2,38.76,77.52,27.68,11.86,37.98
CA-2014-166716,2014-Q3,Central,Furniture,2,210.68,421.37,299.17,128.22,-6.02
CA-2014-123225,2014-Q3,Central,Technology,4,143.99,575.97,372.94,159.83,43.2
CA-2014-123225,2014-Q3,Central,Office Supplies,2,5.18,10.37,4.72,2.02,3.63
CA-2015-163440,2015-Q1,West,Technology,2,7.99,15.98,10.35,4.43,1.2
US-2017-106796,2017-Q2,East,Office Supplies,3,3.42,10.27,6.38,2.73,1.16
CA-2017-113873,2017-Q4,Central,Office Supplies,4,15.45,61.79,38.93,16.68,6.18
CA-2017-113873,2017-Q4,Central,Furniture,3,68.67,206.0,163.28,69.98,-27.26
CA-2016-149783,2016-Q3,South,Office Supplies,3,4.06,12.19,5.66,2.42,4.11
CA-2016-149783,2016-Q3,South,Office Supplies,2,43.58,87.17,54.91,23.54,8.72
CA-2016-149783,2016-Q3,South,Office Supplies,2,15.87,31.74,16.39,7.02,8.33
CA-2016-125017,2016-Q1,South,Furniture,4,33.06,132.22,105.28,45.12,-18.18
US-2015-163279,2015-Q1,West,Office Supplies,4,26.38,105.52,39.89,17.09,48.54
US-2015-163279,2015-Q1,West,Furniture,2,45.98,91.96,53.43,22.9,15.63
US-2015-163279,2015-Q1,West,Technology,3,495.99,1487.98,911.39,390.59,186.0
CA-2015-150196,2015-Q3,East,Office Supplies,3,6.48,19.44,7.08,3.03,9.33
US-2015-106495,2015-Q2,South,Technology,1,11.67,11.67,8.68,3.72,-0.73
CA-2014-124730,2014-Q4,East,Technology,4,69.99,279.96,141.1,60.47,78.39
CA-2014-124730,2014-Q4,East,Office Supplies,3,4.3,12.91,5.76,2.47,4.68
CA-2014-124730,2014-Q4,East,Office Supplies,4,4.27,17.09,7.92,3.4,5.77
CA-2014-124730,2014-Q4,East,Office Supplies,9,10.35,93.15,33.91,14.53,44.71
CA-2014-124730,2014-Q4,East,Office Supplies,4,2.88,11.52,4.12,1.76,5.64
CA-2017-117632,2017-Q2,West,Office Supplies,2,119.31,238.62,163.69,70.16,4.77
CA-2017-117632,2017-Q2,West,Office Supplies,1,7.77,7.77,3.97,1.7,2.1
CA-2017-117632,2017-Q2,West,Furniture,5,57.1,285.48,207.33,88.86,-10.71
CA-2017-117632,2017-Q2,West,Office Supplies,4,4.79,19.17,8.89,3.81,6.47
CA-2014-115056,2014-Q2,East,Office Supplies,3,8.71,26.14,16.93,7.25,1.96
CA-2017-161067,2017-Q3,East,Office Supplies,4,104.85,419.4,152.66,65.43,201.31
CA-2017-161067,2017-Q3,East,Furniture,1,90.8,90.8,53.68,23.0,14.12
CA-2017-161067,2017-Q3,East,Furniture,2,90.88,181.76,132.89,56.95,-8.08
CA-2017-161067,2017-Q3,East,Office Supplies,2,2.78,5.56,2.34,1.0,2.22
CA-2016-122063,2016-Q4,Central,Furniture,2,290.98,581.96,334.05,143.16,104.75
CA-2016-122063,2016-Q4,Central,Furniture,1,29.98,29.98,15.32,6.57,8.09
CA-2015-111206,2015-Q3,West,Technology,4,129.99,519.96,240.22,102.95,176.79
CA-2016-142895,2016-Q3,South,Office Supplies,3,2.09,6.26,2.95,1.27,2.04
CA-2016-142895,2016-Q3,South,Furniture,5,72.78,363.92,254.74,109.18,0.0
CA-2015-101868,2015-Q2,South,Office Supplies,5,12.84,64.2,74.9,32.1,-42.8
CA-2015-101868,2015-Q2,South,Office Supplies,3,12.84,38.52,45.84,19.64,-26.96
CA-2015-101868,2015-Q2,South,Technology,5,14.52,72.6,56.54,24.23,-8.17
CA-2017-133207,2017-Q4,West,Technology,4,14.39,57.57,36.27,15.54,5.76
CA-2015-132948,2015-Q1,West,Office Supplies,5,16.74,83.7,56.25,24.1,3.35
CA-2015-134992,2015-Q3,South,Office Supplies,5,6.48,32.4,11.79,5.06,15.55
CA-2015-134992,2015-Q3,South,Furniture,2,23.99,47.98,25.86,11.08,11.04
CA-2015-126725,2015-Q4,West,Technology,4,103.99,415.97,254.78,109.19,52.0
CA-2015-126725,2015-Q4,West,Office Supplies,5,60.98,304.9,209.16,89.64,6.1
CA-2015-126725,2015-Q4,West,Furniture,4,20.24,80.96,36.27,15.54,29.15
CA-2015-126725,2015-Q4,West,Office Supplies,7,111.03,777.21,505.97,216.84,54.4
CA-2015-126725,2015-Q4,West,Office Supplies,5,6.48,32.4,11.79,5.06,15.55
CA-2015-126725,2015-Q4,West,Furniture,2,112.78,225.57,155.92,66.83,2.82
CA-2015-126725,2015-Q4,West,Furniture,3,12.2,36.6,14.86,6.37,15.37
CA-2015-121783,2015-Q4,Central,Office Supplies,2,357.82,715.64,375.71,161.02,178.91
CA-2015-121783,2015-Q4,Central,Office Supplies,3,265.17,795.51,456.62,195.7,143.19
CA-2015-121783,2015-Q4,Central,Technology,1,549.99,549.99,192.49,82.5,275.0
CA-2015-121783,2015-Q4,Central,Office Supplies,3,24.92,74.76,28.26,12.11,34.39
CA-2015-121783,2015-Q4,Central,Furniture,3,9.74,29.22,11.45,4.91,12.86
US-2014-138835,2014-Q3,South,Office Supplies,2,4.82,9.64,3.44,1.48,4.72
CA-2015-112214,2015-Q3,Central,Office Supplies,7,4.78,33.49,24.32,10.43,-1.26
CA-2015-112214,2015-Q3,Central,Office Supplies,3,7.68,23.04,19.56,8.38,-4.9
CA-2015-112214,2015-Q3,Central,Office Supplies,1,1.36,1.36,2.48,1.06,-2.18
CA-2015-112214,2015-Q3,Central,Furniture,5,2.95,14.76,18.34,7.86,-11.44
US-2017-153255,2017-Q3,West,Furniture,2,119.84,239.67,157.9,67.67,14.1
CA-2015-108119,2015-Q4,South,Furniture,2,150.98,301.96,179.67,77.0,45.29
CA-2015-157434,2015-Q2,East,Office Supplies,2,3.98,7.97,3.56,1.52,2.89
CA-2016-101525,2016-Q2,South,Office Supplies,2,54.96,109.92,39.24,16.82,53.86
CA-2016-101525,2016-Q2,South,Office Supplies,3,6.48,19.44,7.08,3.03,9.33
CA-2016-101525,2016-Q2,South,Office Supplies,2,5.58,11.16,4.77,2.04,4.35
US-2014-117968,2014-Q3,East,Office Supplies,3,26.49,79.47,40.05,17.17,22.25
US-2014-117968,2014-Q3,East,Office Supplies,2,2.28,4.56,1.78,0.77,2.01
US-2014-117968,2014-Q3,East,Furniture,5,226.67,1133.35,587.08,251.6,294.67
CA-2016-158211,2016-Q1,East,Office Supplies,1,4.67,4.67,2.86,1.23,0.58
CA-2016-158211,2016-Q1,East,Office Supplies,6,17.43,104.58,129.33,55.43,-80.18
CA-2016-152247,2016-Q4,West,Furniture,4,400.78,1603.14,1052.06,450.88,100.2
CA-2016-128223,2016-Q2,West,Furniture,7,184.78,1293.49,848.86,363.79,80.84
CA-2016-154235,2016-Q3,Central,Furniture,3,42.65,127.95,74.34,31.86,21.75
CA-2017-129910,2017-Q1,South,Office Supplies,1,59.76,59.76,30.12,12.91,16.73
CA-2017-133095,2017-Q2,South,Office Supplies,7,15.44,108.08,37.83,16.21,54.04
CA-2017-133095,2017-Q2,South,Office Supplies,3,3.18,9.54,3.6,1.55,4.39
CA-2015-130554,2015-Q2,East,Office Supplies,3,3.91,11.74,7.5,3.21,1.03
CA-2014-152443,2014-Q2,East,Office Supplies,7,63.98,447.86,159.89,68.52,219.45
CA-2014-152443,2014-Q2,East,Office Supplies,3,5.98,17.94,6.41,2.74,8.79
CA-2014-152443,2014-Q2,East,Office Supplies,6,40.98,245.88,123.92,53.11,68.85
CA-2016-133319,2016-Q3,East,Office Supplies,4,48.04,192.16,69.94,29.98,92.24
CA-2016-133935,2016-Q3,West,Furniture,2,400.78,801.57,526.03,225.44,50.1
CA-2016-133935,2016-Q3,West,Office Supplies,9,40.99,368.91,131.7,56.44,180.77
CA-2016-133935,2016-Q3,West,Furniture,9,98.39,885.53,689.6,295.55,-99.62
CA-2016-136301,2016-Q1,West,Furniture,2,14.14,28.28,14.65,6.28,7.35
CA-2016-136301,2016-Q1,West,Office Supplies,3,1637.53,4912.59,3301.26,1414.83,196.5
US-2014-109456,2014-Q4,West,Office Supplies,3,4.78,14.35,6.53,2.8,5.02
US-2014-109456,2014-Q4,West,Technology,3,59.99,179.97,65.51,28.07,86.39
CA-2017-151596,2017-Q4,East,Office Supplies,1,42.76,42.76,22.15,9.49,11.12
CA-2015-147879,2015-Q2,South,Office Supplies,2,22.84,45.68,17.27,7.4,21.01
CA-2016-166625,2016-Q2,East,Office Supplies,2,12.53,25.06,9.3,3.98,11.78
CA-2016-146157,2016-Q4,Central,Office Supplies,1,38.43,38.43,17.49,7.49,13.45
CA-2016-146157,2016-Q4,Central,Office Supplies,2,10.78,21.57,13.96,5.99,1.62
CA-2016-146157,2016-Q4,Central,Technology,3,27.19,81.58,55.68,23.86,2.04
CA-2017-159954,2017-Q3,South,Office Supplies,1,2.78,2.78,0.99,0.43,1.36
CA-2017-100825,2017-Q3,West,Office Supplies,3,33.29,99.87,53.13,22.77,23.97
CA-2014-168305,2014-Q4,West,Office Supplies,3,14.8,44.4,15.54,6.66,22.2
CA-2014-168305,2014-Q4,West,Office Supplies,5,4.28,21.4,8.24,3.53,9.63
CA-2016-167682,2016-Q2,Central,Furniture,4,17.78,71.12,34.35,14.72,22.05
CA-2016-167682,2016-Q2,Central,Technology,4,64.99,259.96,94.63,40.55,124.78
CA-2017-108000,2017-Q1,West,Office Supplies,1,9.78,9.78,3.42,1.47,4.89
CA-2015-146465,2015-Q4,West,Office Supplies,9,2.69,24.19,11.64,4.99,7.56
CA-2016-159639,2016-Q4,East,Furniture,3,10.52,31.56,14.8,6.35,10.41
US-2017-153948,2017-Q4,West,Office Supplies,3,19.98,59.94,22.24,9.53,28.17
US-2017-153948,2017-Q4,West,Office Supplies,4,11.34,45.36,16.19,6.94,22.23
US-2017-153948,2017-Q4,West,Office Supplies,5,5.28,26.4,9.61,4.12,12.67
US-2017-153948,2017-Q4,West,Office Supplies,4,10.35,41.4,15.07,6.46,19.87
US-2017-153948,2017-Q4,West,Technology,1,16.95,16.95,11.15,4.78,1.02
US-2016-113985,2016-Q4,West,Office Supplies,2,12.35,24.7,10.81,4.63,9.26
US-2016-113985,2016-Q4,West,Office Supplies,3,19.9,59.7,22.99,9.85,26.86
US-2016-113985,2016-Q4,West,Furniture,3,4.84,14.52,6.2,2.66,5.66
US-2016-113985,2016-Q4,West,Office Supplies,3,34.73,104.18,49.22,21.1,33.86
CA-2016-155383,2016-Q4,West,Office Supplies,3,15.51,46.53,23.45,10.05,13.03
CA-2014-120432,2014-Q3,South,Office Supplies,3,8.5,25.5,13.21,5.66,6.63
US-2015-126977,2015-Q3,East,Office Supplies,5,2.98,14.9,9.7,4.16,1.04
US-2015-126977,2015-Q3,East,Office Supplies,7,12.53,87.71,32.54,13.95,41.22
US-2015-126977,2015-Q3,East,Furniture,2,99.88,199.76,133.62,57.26,8.88
US-2015-126977,2015-Q3,East,Office Supplies,4,23.65,94.6,47.02,20.15,27.43
US-2015-126977,2015-Q3,East,Furniture,6,704.78,4228.7,2849.08,1221.04,158.58
US-2015-126977,2015-Q3,East,Furniture,5,400.78,2003.92,1420.28,608.69,-25.05
US-2015-126977,2015-Q3,East,Technology,3,69.99,209.97,105.83,45.35,58.79
US-2015-126977,2015-Q3,East,Technology,2,329.95,659.9,309.49,132.64,217.77
US-2015-126977,2015-Q3,East,Office Supplies,2,55.48,110.96,40.39,17.31,53.26
US-2015-126977,2015-Q3,East,Technology,4,16.95,67.8,46.51,19.93,1.36
CA-2016-130288,2016-Q4,East,Furniture,2,156.59,313.18,303.26,129.97,-120.05
CA-2017-146458,2017-Q4,South,Office Supplies,7,3.28,22.96,11.41,4.89,6.66
CA-2017-150420,2017-Q2,West,Technology,10,109.95,1099.5,515.66,221.0,362.84
US-2014-118997,2014-Q2,South,Furniture,8,151.99,1215.92,629.85,269.93,316.14
CA-2014-114314,2014-Q4,South,Office Supplies,1,7.31,7.31,2.71,1.16,3.44
CA-2014-114314,2014-Q4,South,Furniture,4,2.23,8.92,3.5,1.5,3.92
US-2017-169551,2017-Q3,East,Furniture,3,29.07,87.21,92.79,39.77,-45.35
US-2017-169551,2017-Q3,East,Office Supplies,3,5.18,15.55,7.08,3.03,5.44
US-2017-169551,2017-Q3,East,Technology,2,342.0,683.99,558.59,239.4,-114.0
US-2017-169551,2017-Q3,East,Office Supplies,3,4.46,13.39,8.67,3.72,1.0
US-2017-169551,2017-Q3,East,Technology,3,5.59,16.78,8.37,3.59,4.82
US-2017-169551,2017-Q3,East,Technology,2,263.96,527.92,309.49,132.64,85.79
CA-2016-103107,2016-Q3,West,Furniture,5,5.08,25.4,11.73,5.03,8.64
CA-2016-103107,2016-Q3,West,Technology,3,59.16,177.48,110.26,47.25,19.97
CA-2016-103107,2016-Q3,West,Technology,3,23.99,71.98,44.09,18.89,9.0
CA-2017-122077,2017-Q2,Central,Technology,1,95.99,95.99,60.47,25.92,9.6
CA-2017-122077,2017-Q2,Central,Office Supplies,4,3.3,13.22,6.24,2.68,4.3
CA-2017-112431,2017-Q4,West,Technology,12,36.32,435.84,213.56,91.53,130.75
CA-2017-112431,2017-Q4,West,Office Supplies,2,2.94,5.88,3.0,1.29,1.59
CA-2016-151092,2016-Q3,West,Technology,4,52.79,211.17,134.88,57.81,18.48
CA-2014-104178,2014-Q3,West,Furniture,1,6.28,6.28,2.55,1.09,2.64
CA-2014-104178,2014-Q3,West,Technology,5,19.02,95.1,45.27,19.4,30.43
CA-2014-104178,2014-Q3,West,Office Supplies,4,6.48,25.92,9.44,4.04,12.44
CA-2014-104178,2014-Q3,West,Office Supplies,4,12.21,48.84,24.96,10.69,13.19
CA-2015-115924,2015-Q3,Central,Office Supplies,5,5.18,25.9,9.25,3.96,12.69
CA-2017-161046,2017-Q1,South,Office Supplies,4,10.67,42.68,16.13,6.92,19.63
CA-2017-161046,2017-Q1,South,Technology,3,99.99,299.97,121.79,52.19,125.99
CA-2017-161046,2017-Q1,South,Office Supplies,2,131.12,262.24,128.5,55.07,78.67
CA-2017-161046,2017-Q1,South,Office Supplies,6,39.06,234.36,85.31,36.56,112.49
US-2017-141698,2017-Q2,Central,Office Supplies,4,5.18,20.74,9.44,4.04,7.26
US-2014-105151,2014-Q1,East,Office Supplies,5,2.1,10.5,5.29,2.27,2.94
CA-2014-155796,2014-Q4,East,Furniture,2,11.98,23.97,11.33,4.85,7.79
CA-2014-155796,2014-Q4,East,Furniture,4,130.49,521.96,540.75,231.75,-250.54
CA-2016-127138,2016-Q1,West,Office Supplies,5,135.31,676.55,468.85,200.93,6.77
CA-2016-127138,2016-Q1,West,Office Supplies,5,30.98,154.9,80.24,34.39,40.27
CA-2016-127138,2016-Q1,West,Office Supplies,4,7.64,30.56,10.91,4.68,14.97
CA-2016-127138,2016-Q1,West,Furniture,3,256.78,770.35,485.32,207.99,77.04
CA-2017-150602,2017-Q1,West,Furniture,4,5.28,21.12,10.2,4.37,6.55
CA-2014-140732,2014-Q4,West,Technology,9,63.99,575.93,362.84,155.5,57.59
CA-2014-140732,2014-Q4,West,Office Supplies,2,3.89,7.78,4.03,1.73,2.02
CA-2014-140732,2014-Q4,West,Office Supplies,4,30.98,123.92,47.71,20.45,55.76
CA-2017-119011,2017-Q3,West,Office Supplies,3,5.74,17.22,8.43,3.62,5.17
CA-2017-119011,2017-Q3,West,Office Supplies,6,37.76,226.56,114.18,48.94,63.44
CA-2017-119011,2017-Q3,West,Technology,3,35.96,107.88,67.96,29.13,10.79
CA-2016-166912,2016-Q1,East,Office Supplies,2,40.99,81.98,29.27,12.54,40.17
CA-2014-141726,2014-Q3,West,Office Supplies,1,104.85,104.85,38.16,16.36,50.33
CA-2014-141726,2014-Q3,West,Office Supplies,2,4.35,8.7,3.88,1.66,3.16
CA-2014-141726,2014-Q3,West,Office Supplies,4,4.98,19.92,7.11,3.05,9.76
CA-2014-141726,2014-Q3,West,Furniture,3,14.34,43.02,19.27,8.26,15.49
CA-2017-115105,2017-Q1,East,Furniture,1,240.78,240.78,147.48,63.2,30.1
CA-2015-143980,2015-Q4,East,Office Supplies,2,207.48,414.96,203.33,87.14,124.49
CA-2016-135636,2016-Q4,South,Office Supplies,5,77.54,387.72,318.9,136.67,-67.85
CA-2017-102155,2017-Q3,Central,Office Supplies,2,180.19,360.38,186.68,80.0,93.7
CA-2017-102155,2017-Q3,Central,Office Supplies,2,6.78,13.56,5.12,2.2,6.24
CA-2017-116953,2017-Q2,West,Technology,10,55.2,552.0,362.25,155.25,34.5
CA-2014-117765,2014-Q3,Central,Furniture,5,85.98,429.9,222.69,95.44,111.77
CA-2014-117765,2014-Q3,Central,Office Supplies,2,16.03,32.06,11.67,5.0,15.39
CA-2014-117765,2014-Q3,Central,Furniture,2,80.98,161.96,81.63,34.98,45.35
CA-2014-117765,2014-Q3,Central,Office Supplies,2,9.93,19.86,9.87,4.23,5.76
CA-2016-114895,2016-Q4,East,Office Supplies,2,6.48,12.96,4.63,1.98,6.35
CA-2017-112984,2017-Q3,East,Office Supplies,6,3.42,20.54,9.88,4.24,6.42
CA-2016-163776,2016-Q3,South,Furniture,6,30.93,185.58,76.64,32.85,76.09
CA-2016-163776,2016-Q3,South,Office Supplies,2,38.78,77.56,29.32,12.56,35.68
CA-2016-163776,2016-Q3,South,Office Supplies,4,21.98,87.92,60.93,26.11,0.88
CA-2016-163776,2016-Q3,South,Office Supplies,6,40.99,245.94,87.8,37.63,120.51
CA-2016-163776,2016-Q3,South,Office Supplies,1,8.6,8.6,3.19,1.37,4.04
CA-2016-163776,2016-Q3,South,Furniture,5,100.98,504.9,265.08,113.6,126.22
US-2017-163300,2017-Q3,West,Office Supplies,7,336.78,2357.49,1031.4,442.03,884.06
US-2017-163300,2017-Q3,West,Technology,7,52.79,369.54,236.04,101.16,32.34
US-2017-163300,2017-Q3,West,Furniture,3,61.58,184.75,143.87,61.66,-20.78
CA-2016-162187,2016-Q4,East,Office Supplies,5,12.99,64.96,48.31,20.71,-4.06
CA-2016-162187,2016-Q4,East,Office Supplies,2,6.76,13.52,8.28,3.55,1.69
CA-2016-162187,2016-Q4,East,Furniture,5,91.69,458.43,417.17,178.79,-137.53
CA-2016-162187,2016-Q4,East,Office Supplies,4,96.78,387.14,254.06,108.88,24.2
CA-2016-162187,2016-Q4,East,Furniture,3,109.53,328.59,333.52,142.94,-147.87
US-2014-112991,2014-Q4,West,Furniture,3,112.78,338.35,233.88,100.24,4.23
US-2014-112991,2014-Q4,West,Office Supplies,4,6.48,25.92,9.44,4.04,12.44
US-2014-112991,2014-Q4,West,Office Supplies,4,22.84,91.36,34.53,14.8,42.03
CA-2014-124079,2014-Q4,West,Furniture,3,29.32,87.96,56.18,24.08,7.7
CA-2014-124079,2014-Q4,West,Office Supplies,2,2.6,5.21,6.57,2.81,-4.17
US-2017-146878,2017-Q3,South,Office Supplies,1,12.29,12.29,14.63,6.27,-8.61
CA-2017-107244,2017-Q3,West,Furniture,4,4.94,19.76,8.02,3.44,8.3
CA-2015-100657,2015-Q4,East,Furniture,2,54.88,109.76,70.85,30.37,8.54
CA-2017-129581,2017-Q4,East,Technology,3,42.95,128.85,87.49,37.49,3.87
CA-2017-129028,2017-Q2,South,Furniture,3,42.65,127.95,74.34,31.86,21.75
CA-2015-135580,2015-Q4,West,Office Supplies,3,22.84,68.52,25.9,11.1,31.52
CA-2015-135580,2015-Q4,West,Office Supplies,3,24.98,74.94,42.49,18.21,14.24
CA-2015-135580,2015-Q4,West,Technology,6,424.76,2548.56,1583.29,678.56,286.71
CA-2015-135580,2015-Q4,West,Office Supplies,3,90.48,271.44,104.5,44.79,122.15
CA-2015-135580,2015-Q4,West,Technology,3,95.96,287.88,176.33,75.57,35.98
CA-2016-159016,2016-Q1,West,Office Supplies,5,2.98,14.9,5.42,2.33,7.15
CA-2016-159016,2016-Q1,West,Technology,8,519.86,4158.91,2656.51,1138.5,363.9
CA-2014-102652,2014-Q2,West,Furniture,2,45.98,91.96,53.43,22.9,15.63
CA-2014-102652,2014-Q2,West,Furniture,7,4.73,33.11,14.14,6.06,12.91
CA-2014-102652,2014-Q2,West,Office Supplies,3,6.48,19.44,7.08,3.03,9.33
CA-2014-102652,2014-Q2,West,Office Supplies,1,55.48,55.48,20.19,8.66,26.63
CA-2014-152422,2014-Q4,East,Office Supplies,5,18.38,91.92,56.3,24.13,11.49
US-2016-156692,2016-Q3,South,Office Supplies,2,8.67,17.34,8.86,3.8,4.68
US-2016-156692,2016-Q3,South,Technology,2,35.99,71.98,39.8,17.06,15.12
CA-2014-130869,2014-Q4,Central,Office Supplies,3,2.36,7.08,3.22,1.38,2.48
US-2017-128832,2017-Q2,East,Technology,2,34.99,69.98,45.56,19.52,4.9
CA-2017-139717,2017-Q3,East,Office Supplies,8,80.78,646.27,407.15,174.49,64.63
CA-2017-139717,2017-Q3,East,Office Supplies,2,5.18,10.37,4.63,1.98,3.76
CA-2017-136007,2017-Q1,West,Office Supplies,5,1.68,8.4,5.64,2.42,0.34
CA-2017-136007,2017-Q1,West,Technology,5,14.39,71.96,32.74,14.03,25.19
CA-2016-157364,2016-Q4,South,Office Supplies,2,9.24,18.48,8.73,3.74,6.01
US-2016-112970,2016-Q4,West,Office Supplies,3,3.28,9.84,4.89,2.1,2.85
US-2017-152492,2017-Q3,South,Furniture,1,239.24,239.24,150.72,64.6,23.92
CA-2016-101168,2016-Q4,East,Furniture,4,5.28,21.12,10.2,4.37,6.55
CA-2017-104010,2017-Q2,East,Office Supplies,5,10.98,54.9,27.67,11.86,15.37
CA-2015-130253,2015-Q4,West,Furniture,3,5.08,15.24,7.04,3.02,5.18
US-2015-155369,2015-Q2,Central,Office Supplies,2,9.78,19.57,50.68,21.72,-52.83
US-2015-155369,2015-Q2,Central,Office Supplies,4,77.6,310.39,575.78,246.76,-512.15
CA-2016-131205,2016-Q3,South,Furniture,3,14.2,42.6,18.19,7.8,16.61
CA-2016-131205,2016-Q3,South,Office Supplies,6,18.99,113.94,41.47,17.78,54.69
CA-2016-131205,2016-Q3,South,Office Supplies,4,32.48,129.92,87.3,37.42,5.2
CA-2016-131205,2016-Q3,South,Office Supplies,3,1.76,5.28,1.93,0.82,2.53
CA-2017-122364,2017-Q3,West,Technology,3,286.4,859.2,548.81,235.21,75.18
CA-2017-122364,2017-Q3,West,Technology,3,168.76,506.28,230.36,98.72,177.2
CA-2016-117912,2016-Q1,West,Furniture,2,7.18,14.37,7.29,3.13,3.95
CA-2017-145702,2017-Q2,South,Furniture,3,104.78,314.35,244.8,104.91,-35.36
CA-2017-145702,2017-Q2,South,Office Supplies,7,3.98,27.89,12.45,5.33,10.11
CA-2015-113215,2015-Q3,West,Furniture,3,79.38,238.15,104.19,44.65,89.31
CA-2016-154662,2016-Q2,Central,Furniture,3,230.98,692.94,363.79,155.91,173.24
CA-2015-105571,2015-Q4,South,Office Supplies,9,1.79,16.15,20.35,8.72,-12.92
CA-2015-105571,2015-Q4,South,Office Supplies,5,269.1,1345.48,1663.91,713.11,-1031.54
CA-2016-152765,2016-Q2,Central,Office Supplies,7,24.78,173.49,83.49,35.78,54.22
CA-2015-153878,2015-Q2,Central,Office Supplies,5,11.55,57.75,29.11,12.47,16.17
CA-2015-153878,2015-Q2,Central,Office Supplies,5,54.48,272.4,137.29,58.84,76.27
CA-2016-124016,2016-Q3,East,Office Supplies,3,3.98,11.95,5.54,2.38,4.03
CA-2016-124016,2016-Q3,East,Furniture,4,7.0,28.0,14.21,6.09,7.7
CA-2016-124016,2016-Q3,East,Office Supplies,7,1.74,12.2,15.37,6.59,-9.76
CA-2016-113551,2016-Q3,Central,Office Supplies,1,2.07,2.07,3.84,1.64,-3.41
CA-2016-113551,2016-Q3,Central,Office Supplies,8,10.48,83.84,37.41,16.04,30.39
CA-2014-107524,2014-Q1,East,Office Supplies,2,5.68,11.36,4.21,1.81,5.34
CA-2014-107524,2014-Q1,East,Office Supplies,5,7.28,36.4,13.25,5.68,17.47
CA-2014-138072,2014-Q4,East,Technology,2,13.98,27.97,14.69,6.29,6.99
CA-2015-134201,2015-Q2,East,Office Supplies,4,35.51,142.04,72.58,31.11,38.35
CA-2015-134201,2015-Q2,East,Office Supplies,3,4.89,14.67,6.06,2.6,6.01
CA-2015-111780,2015-Q4,West,Technology,5,239.99,1199.96,682.48,292.49,224.99
CA-2015-111780,2015-Q4,West,Office Supplies,3,4.2,12.6,4.5,1.93,6.17
CA-2015-111780,2015-Q4,West,Office Supplies,3,5.98,17.94,6.91,2.96,8.07
CA-2015-119942,2015-Q2,East,Office Supplies,6,3.98,23.9,11.29,4.84,7.77
CA-2015-151547,2015-Q1,South,Office Supplies,8,11.12,88.96,55.26,23.69,10.01
CA-2017-166695,2017-Q2,West,Furniture,8,64.78,518.27,430.81,184.64,-97.18
CA-2017-166695,2017-Q2,West,Furniture,1,6.98,6.98,2.54,1.09,3.35
CA-2017-166695,2017-Q2,West,Technology,1,343.2,343.2,213.21,91.38,38.61
CA-2017-167542,2017-Q3,East,Office Supplies,3,5.85,17.54,8.13,3.49,5.92
CA-2015-120901,2015-Q4,Central,Office Supplies,2,76.34,152.69,125.59,53.82,-26.72
CA-2015-120901,2015-Q4,Central,Office Supplies,2,1.74,3.49,2.04,0.88,0.57
CA-2015-120901,2015-Q4,Central,Office Supplies,2,2.94,5.89,5.05,2.16,-1.32
CA-2017-121398,2017-Q4,West,Office Supplies,3,51.18,153.55,71.21,30.52,51.82
CA-2017-121398,2017-Q4,West,Office Supplies,2,135.31,270.62,187.54,80.37,2.71
CA-2016-151561,2016-Q3,East,Technology,6,78.15,468.9,183.81,78.77,206.32
CA-2016-151561,2016-Q3,East,Technology,2,36.24,72.48,29.43,12.61,30.44
CA-2016-151561,2016-Q3,East,Office Supplies,3,3.65,10.95,5.37,2.3,3.28
CA-2016-151561,2016-Q3,East,Furniture,3,63.94,191.82,91.31,39.13,61.38
CA-2017-154676,2017-Q3,Central,Office Supplies,9,16.78,151.06,100.46,43.05,7.55
US-2014-165589,2014-Q1,Central,Furniture,5,5.03,25.16,25.54,10.94,-11.32
US-2016-132577,2016-Q4,Central,Office Supplies,6,1.04,6.22,11.1,4.75,-9.63
US-2016-132577,2016-Q4,Central,Office Supplies,9,2.62,23.62,14.67,6.29,2.66
US-2016-132577,2016-Q4,Central,Technology,2,12.02,24.03,17.24,7.39,-0.6
US-2016-132577,2016-Q4,Central,Office Supplies,1,2.09,2.09,0.99,0.42,0.68
US-2016-132577,2016-Q4,Central,Office Supplies,6,0.75,4.49,7.85,3.37,-6.73
CA-2015-114048,2015-Q4,West,Furniture,3,9.74,29.22,11.45,4.91,12.86
CA-2015-137281,2015-Q2,South,Office Supplies,1,6.48,6.48,2.36,1.01,3.11
US-2017-162068,2017-Q4,West,Office Supplies,2,0.6,1.19,1.53,0.65,-0.99
CA-2017-100111,2017-Q3,East,Furniture,3,90.88,272.65,178.13,76.34,18.18
CA-2017-100111,2017-Q3,East,Technology,2,106.4,212.8,81.93,35.11,95.76
CA-2017-100111,2017-Q3,East,Office Supplies,9,4.28,38.52,14.29,6.13,18.1
CA-2017-100111,2017-Q3,East,Technology,2,36.32,72.64,35.59,15.26,21.79
CA-2017-100111,2017-Q3,East,Office Supplies,4,11.35,45.4,22.88,9.81,12.71
CA-2017-100111,2017-Q3,East,Office Supplies,2,6.88,13.76,5.2,2.23,6.33
CA-2017-100111,2017-Q3,East,Furniture,1,80.99,80.99,51.02,21.87,8.1
CA-2017-100111,2017-Q3,East,Office Supplies,3,3.93,11.78,5.46,2.34,3.98
CA-2017-100111,2017-Q3,East,Office Supplies,2,2.18,4.36,1.8,0.77,1.79
CA-2017-100111,2017-Q3,East,Furniture,11,262.56,2888.13,1594.89,683.52,609.72
CA-2017-100111,2017-Q3,East,Technology,2,649.83,1299.66,664.12,284.63,350.91
CA-2017-100111,2017-Q3,East,Furniture,5,450.88,2254.41,1315.07,563.6,375.74
CA-2017-100111,2017-Q3,East,Technology,3,34.95,104.85,53.58,22.96,28.31
CA-2017-100111,2017-Q3,East,Technology,3,19.99,59.97,27.71,11.87,20.39
US-2017-132381,2017-Q3,East,Furniture,2,157.26,314.53,278.89,119.52,-83.88
CA-2015-147011,2015-Q2,South,Office Supplies,4,3.41,13.63,7.04,3.01,3.58
CA-2014-120852,2014-Q4,Central,Office Supplies,2,9.72,19.43,48.29,20.69,-49.55
CA-2014-120852,2014-Q4,Central,Technology,5,13.09,65.44,51.53,22.09,-8.18
CA-2016-150007,2016-Q3,Central,Office Supplies,2,3.0,6.0,2.73,1.17,2.1
CA-2016-150007,2016-Q3,Central,Office Supplies,3,0.64,1.91,3.6,1.55,-3.24
CA-2016-124590,2016-Q4,East,Furniture,7,210.69,1474.8,1047.11,448.76,-21.07
CA-2016-124590,2016-Q4,East,Office Supplies,2,55.05,110.1,53.95,23.12,33.03
CA-2016-124590,2016-Q4,East,Office Supplies,6,2.79,16.75,7.92,3.39,5.44
CA-2016-124590,2016-Q4,East,Furniture,9,170.79,1537.07,1075.95,461.12,0.0
CA-2016-124590,2016-Q4,East,Furniture,2,224.68,449.37,323.55,138.66,-12.84
CA-2016-133802,2016-Q1,West,Office Supplies,6,6.98,41.9,19.43,8.33,14.14
US-2016-113677,2016-Q4,East,Technology,4,569.99,2279.96,1181.02,506.15,592.79
US-2016-113677,2016-Q4,East,Office Supplies,3,4.98,14.94,5.65,2.42,6.87
CA-2017-143378,2017-Q3,West,Technology,3,63.99,191.98,120.95,51.83,19.2
CA-2017-143378,2017-Q3,West,Office Supplies,3,7.94,23.83,12.1,5.18,6.55
CA-2017-143378,2017-Q3,West,Furniture,8,51.15,409.22,243.49,104.35,61.38
CA-2017-143378,2017-Q3,West,Furniture,2,36.3,72.59,140.58,60.25,-128.24
CA-2017-152660,2017-Q4,Central,Office Supplies,2,30.78,61.57,39.87,17.08,4.62
CA-2015-142139,2015-Q3,Central,Office Supplies,4,5.24,20.96,9.91,4.24,6.81
CA-2017-145772,2017-Q2,West,Technology,5,8.95,44.75,25.38,10.87,8.5
CA-2017-145772,2017-Q2,West,Office Supplies,2,5.98,11.96,4.61,1.97,5.38
CA-2017-145772,2017-Q2,West,Office Supplies,1,3.91,3.91,1.85,0.79,1.27
CA-2016-124100,2016-Q1,East,Furniture,6,54.67,328.0,191.33,82.0,54.67
US-2014-158400,2014-Q4,West,Office Supplies,4,12.35,49.41,21.62,9.26,18.53
CA-2017-162033,2017-Q1,South,Technology,3,17.75,53.25,22.74,9.74,20.77
CA-2017-162033,2017-Q1,South,Office Supplies,2,1.88,3.76,1.71,0.73,1.32
CA-2014-163447,2014-Q4,East,Furniture,14,54.8,767.21,423.67,181.57,161.97
CA-2017-145737,2017-Q3,South,Office Supplies,5,32.79,163.96,73.16,31.36,59.44
CA-2016-148096,2016-Q3,West,Furniture,2,80.64,161.28,104.43,44.75,12.1
CA-2016-146766,2016-Q4,West,Office Supplies,4,48.2,192.8,95.82,41.07,55.91
CA-2015-105613,2015-Q4,Central,Technology,3,9.23,27.7,16.97,7.27,3.46
CA-2015-105613,2015-Q4,Central,Office Supplies,6,12.19,73.16,181.81,77.92,-186.57
US-2016-142251,2016-Q4,South,Office Supplies,6,5.34,32.06,14.59,6.25,11.22
CA-2014-131247,2014-Q1,West,Furniture,2,102.84,205.67,152.44,65.33,-12.1
US-2015-113593,2015-Q2,West,Office Supplies,3,38.48,115.44,59.8,25.63,30.01
CA-2017-121083,2017-Q3,East,Office Supplies,5,54.96,274.8,98.11,42.04,134.65
CA-2017-121083,2017-Q3,East,Office Supplies,4,48.91,195.64,134.21,57.52,3.91
CA-2017-121083,2017-Q3,East,Technology,2,128.99,257.98,128.22,54.95,74.81
CA-2017-121083,2017-Q3,East,Office Supplies,6,19.84,119.04,49.16,21.07,48.81
CA-2017-151190,2017-Q2,Central,Office Supplies,3,6.69,20.07,7.59,3.25,9.23
CA-2014-133543,2014-Q4,West,Office Supplies,4,2.94,11.76,6.01,2.57,3.18
CA-2017-105130,2017-Q4,West,Office Supplies,4,2.94,11.76,6.01,2.57,3.18
CA-2017-105130,2017-Q4,West,Office Supplies,2,20.37,40.74,18.18,7.79,14.77
CA-2016-161928,2016-Q2,West,Technology,2,100.79,201.58,132.29,56.69,12.6
CA-2017-101322,2017-Q4,West,Furniture,6,56.78,340.7,262.34,112.43,-34.07
US-2016-106600,2016-Q2,South,Furniture,5,70.98,354.9,186.33,79.85,88.72
CA-2014-111871,2014-Q1,West,Furniture,10,119.83,1198.33,789.49,338.35,70.49
CA-2017-139437,2017-Q3,West,Office Supplies,4,21.98,87.92,60.93,26.11,0.88
CA-2017-151484,2017-Q2,East,Furniture,2,25.98,51.97,29.11,12.47,10.39
CA-2017-151484,2017-Q2,East,Office Supplies,3,17.11,51.34,31.89,13.67,5.78
CA-2017-151484,2017-Q2,East,Office Supplies,1,332.7,332.7,209.6,89.83,33.27
CA-2017-151484,2017-Q2,East,Furniture,3,14.14,42.41,23.01,9.86,9.54
CA-2016-104150,2016-Q3,Central,Office Supplies,3,27.18,81.54,30.25,12.97,38.32
CA-2016-104150,2016-Q3,Central,Technology,12,13.94,167.28,100.7,43.16,23.42
CA-2016-161025,2016-Q4,West,Office Supplies,4,193.17,772.68,465.15,199.35,108.18
CA-2014-103989,2014-Q1,South,Technology,3,107.99,323.98,206.94,88.69,28.35
CA-2014-103989,2014-Q1,South,Office Supplies,4,2.95,11.81,5.47,2.35,3.99
CA-2014-103989,2014-Q1,South,Office Supplies,3,8.72,26.16,16.94,7.26,1.96
CA-2014-103989,2014-Q1,South,Office Supplies,5,6.71,33.57,41.52,17.79,-25.74
CA-2014-103989,2014-Q1,South,Furniture,3,1.66,4.99,2.53,1.09,1.37
CA-2014-103989,2014-Q1,South,Furniture,3,6.67,20.02,10.16,4.36,5.5
CA-2014-103989,2014-Q1,South,Technology,2,85.12,170.24,81.93,35.11,53.2
CA-2015-142433,2015-Q2,Central,Office Supplies,3,39.15,117.46,51.39,22.02,44.05
CA-2015-132815,2015-Q3,West,Office Supplies,2,11.48,22.96,8.2,3.51,11.25
CA-2014-101266,2014-Q3,South,Office Supplies,2,6.68,13.36,4.86,2.09,6.41
CA-2016-141523,2016-Q4,East,Office Supplies,3,11.42,34.25,15.88,6.81,11.56
CA-2016-141523,2016-Q4,East,Office Supplies,2,1.76,3.52,1.75,0.75,1.02
US-2014-106299,2014-Q3,Central,Office Supplies,5,5.34,26.7,9.9,4.25,12.55
US-2014-106299,2014-Q3,Central,Technology,2,10.6,21.2,8.46,3.62,9.12
US-2014-106299,2014-Q3,Central,Office Supplies,2,419.19,838.38,428.41,183.61,226.36
CA-2015-158421,2015-Q3,South,Furniture,4,422.51,1690.04,887.27,380.26,422.51
CA-2015-158421,2015-Q3,South,Office Supplies,7,12.28,85.96,43.32,18.57,24.07
CA-2015-158421,2015-Q3,South,Office Supplies,2,60.98,121.96,45.25,19.39,57.32
CA-2015-158421,2015-Q3,South,Office Supplies,4,5.98,23.92,8.54,3.66,11.72
CA-2015-158421,2015-Q3,South,Office Supplies,2,31.98,63.96,40.29,17.27,6.4
CA-2015-158421,2015-Q3,South,Technology,5,125.99,629.95,317.49,136.07,176.39
CA-2015-158421,2015-Q3,South,Technology,3,37.91,113.73,56.52,24.23,32.98
CA-2015-158421,2015-Q3,South,Office Supplies,2,7.3,14.6,5.42,2.32,6.86
CA-2015-158421,2015-Q3,South,Office Supplies,8,110.98,887.84,609.06,261.02,17.76
CA-2016-143609,2016-Q4,West,Furniture,5,80.78,403.92,265.08,113.6,25.24
CA-2015-138331,2015-Q3,East,Office Supplies,10,10.68,106.8,67.28,28.84,10.68
CA-2015-138954,2015-Q4,East,Office Supplies,3,23.65,70.95,35.26,15.11,20.58
CA-2015-138954,2015-Q4,East,Office Supplies,6,5.82,34.94,16.2,6.95,11.79
CA-2015-138954,2015-Q4,East,Office Supplies,6,19.84,119.04,58.33,25.0,35.71
CA-2017-157903,2017-Q2,Central,Technology,4,95.96,383.84,235.1,100.76,47.98
CA-2016-157259,2016-Q4,East,Furniture,9,88.84,799.56,414.17,177.5,207.89
CA-2017-107986,2017-Q4,West,Office Supplies,3,10.48,31.44,16.07,6.88,8.49
CA-2017-104927,2017-Q4,Central,Office Supplies,5,5.18,25.92,11.79,5.06,9.07
CA-2017-104927,2017-Q4,Central,Office Supplies,5,1.27,6.33,11.3,4.84,-9.81
CA-2017-104927,2017-Q4,Central,Office Supplies,5,15.18,75.88,34.52,14.8,26.56
CA-2017-113453,2017-Q4,East,Technology,2,165.0,329.99,284.89,122.1,-77.0
CA-2017-113453,2017-Q4,East,Office Supplies,3,23.79,71.38,53.09,22.75,-4.46
CA-2015-149909,2015-Q4,Central,Office Supplies,7,9.11,63.77,24.55,10.52,28.7
CA-2015-149909,2015-Q4,Central,Technology,3,16.99,50.97,26.4,11.32,13.25
CA-2015-149909,2015-Q4,Central,Office Supplies,2,48.04,96.08,34.97,14.99,46.12
CA-2015-146675,2015-Q2,Central,Technology,4,359.99,1439.97,667.79,286.19,485.99
CA-2015-146675,2015-Q2,Central,Technology,3,14.52,43.56,33.92,14.54,-4.9
CA-2016-118332,2016-Q4,West,Furniture,5,112.78,563.92,389.81,167.06,7.05
CA-2016-133669,2016-Q4,East,Technology,8,29.39,235.15,197.53,84.65,-47.03
CA-2017-145660,2017-Q4,East,Furniture,2,3.86,7.71,4.18,1.79,1.74
CA-2016-133697,2016-Q4,Central,Office Supplies,7,7.29,51.02,24.56,10.52,15.94
CA-2016-133697,2016-Q4,Central,Office Supplies,4,6.31,25.25,12.15,5.21,7.89
CA-2016-133697,2016-Q4,Central,Furniture,1,56.69,56.69,49.89,21.38,-14.58
CA-2017-148138,2017-Q3,East,Office Supplies,2,25.58,51.17,40.3,17.27,-6.4
CA-2017-119809,2017-Q3,West,Office Supplies,9,310.39,2793.53,1295.5,555.21,942.82
CA-2017-119809,2017-Q3,West,Office Supplies,7,142.86,1000.02,497.01,213.0,290.01
CA-2017-119809,2017-Q3,West,Furniture,3,21.98,65.94,30.46,13.06,22.42
CA-2017-149944,2017-Q4,West,Office Supplies,3,6.08,18.24,6.38,2.74,9.12
CA-2017-149944,2017-Q4,West,Office Supplies,2,38.06,76.12,37.84,16.21,22.07
CA-2014-128538,2014-Q4,West,Office Supplies,1,7.64,7.64,2.73,1.17,3.74
CA-2015-161711,2015-Q4,East,Furniture,3,22.72,68.16,28.15,12.06,27.95
CA-2015-161711,2015-Q4,East,Office Supplies,8,7.78,62.24,23.09,9.9,29.25
US-2015-129553,2015-Q3,South,Technology,3,9.99,29.97,20.77,8.9,0.3
CA-2016-160220,2016-Q4,Central,Technology,6,20.95,125.7,63.35,27.15,35.2
CA-2016-160220,2016-Q4,Central,Technology,2,95.99,191.98,98.1,42.05,51.83
CA-2016-160220,2016-Q4,Central,Office Supplies,7,2.98,20.86,13.58,5.82,1.46
US-2017-157224,2017-Q3,West,Office Supplies,9,6.3,56.7,21.43,9.19,26.08
CA-2017-140627,2017-Q4,South,Furniture,4,18.18,72.7,37.53,16.09,19.08
CA-2017-140627,2017-Q4,South,Office Supplies,7,1.75,12.26,7.83,3.36,1.07
CA-2017-140627,2017-Q4,South,Office Supplies,3,72.78,218.35,191.06,81.88,-54.59
CA-2015-133445,2015-Q4,West,Furniture,1,66.29,66.29,119.1,51.05,-103.86
CA-2015-133445,2015-Q4,West,Furniture,4,72.79,291.17,214.01,91.72,-14.56
CA-2014-148782,2014-Q4,Central,Technology,3,29.59,88.78,56.71,24.3,7.77
CA-2016-148208,2016-Q1,East,Technology,4,27.6,110.38,91.43,39.19,-20.24
CA-2016-148208,2016-Q1,East,Technology,3,18.39,55.18,27.52,11.8,15.86
CA-2017-127656,2017-Q3,Central,Office Supplies,4,7.58,30.32,12.95,5.55,11.82
US-2017-142188,2017-Q3,West,Furniture,2,88.78,177.57,118.08,50.61,8.88
US-2017-142188,2017-Q3,West,Office Supplies,3,6.48,19.44,7.08,3.03,9.33
US-2017-142188,2017-Q3,West,Office Supplies,11,6.48,71.28,25.95,11.12,34.21
US-2017-142188,2017-Q3,West,Office Supplies,5,294.39,1471.96,708.38,303.59,459.99
US-2017-142188,2017-Q3,West,Technology,5,15.99,79.96,68.56,29.39,-17.99
CA-2016-144400,2016-Q1,East,Office Supplies,3,19.19,57.58,25.19,10.8,21.59
US-2016-155180,2016-Q1,East,Office Supplies,4,6.58,26.34,11.98,5.14,9.22
CA-2015-134075,2015-Q4,West,Furniture,3,55.5,166.5,101.4,43.46,21.64
CA-2015-134075,2015-Q4,West,Office Supplies,2,180.19,360.38,186.68,80.0,93.7
US-2016-131912,2016-Q4,West,Office Supplies,1,11.74,11.74,5.54,2.38,3.82
CA-2017-141572,2017-Q2,East,Furniture,8,30.93,247.44,102.19,43.8,101.45
CA-2014-134621,2014-Q4,South,Office Supplies,2,9.12,18.24,22.98,9.85,-14.59
CA-2016-165561,2016-Q4,West,Office Supplies,3,8.45,25.35,12.42,5.33,7.6
CA-2015-112305,2015-Q4,West,Office Supplies,6,19.84,119.04,61.66,26.43,30.95
CA-2015-112305,2015-Q4,West,Furniture,3,7.38,22.14,11.0,4.72,6.42
CA-2015-112305,2015-Q4,West,Technology,2,6.99,13.98,5.58,2.39,6.01
CA-2017-121580,2017-Q2,Central,Office Supplies,1,43.41,43.41,16.41,7.03,19.97
CA-2017-121580,2017-Q2,Central,Furniture,3,2.08,6.24,2.53,1.09,2.62
CA-2017-121580,2017-Q2,Central,Office Supplies,2,232.58,465.16,240.95,103.27,120.94
CA-2017-121580,2017-Q2,Central,Office Supplies,1,7.98,7.98,2.79,1.2,3.99
CA-2014-101147,2014-Q4,Central,Office Supplies,1,2.39,2.39,6.11,2.62,-6.34
CA-2014-165806,2014-Q2,South,Office Supplies,9,6.48,58.32,21.23,9.1,27.99
CA-2014-165806,2014-Q2,South,Technology,3,66.99,200.97,105.51,45.22,50.24
CA-2015-151624,2015-Q3,South,Furniture,8,2.67,21.36,9.27,3.97,8.12
CA-2017-139444,2017-Q3,Central,Office Supplies,4,2.46,9.86,4.49,1.92,3.45
CA-2015-133977,2015-Q3,South,Office Supplies,1,3.44,3.44,4.18,1.79,-2.53
CA-2017-141425,2017-Q4,East,Office Supplies,2,192.3,384.59,326.42,139.9,-81.73
CA-2015-133536,2015-Q1,East,Office Supplies,3,7.64,22.92,8.18,3.51,11.23
CA-2015-150441,2015-Q3,Central,Office Supplies,4,2.84,11.36,4.05,1.74,5.57
CA-2015-162607,2015-Q2,West,Office Supplies,3,4.86,14.59,6.77,2.9,4.92
CA-2017-103506,2017-Q3,East,Office Supplies,4,10.35,41.4,15.07,6.46,19.87
CA-2016-132479,2016-Q3,Central,Office Supplies,7,63.2,442.37,820.6,351.68,-729.91
CA-2017-160724,2017-Q2,South,Office Supplies,3,11.5,34.5,13.29,5.69,15.52
US-2016-115952,2016-Q4,Central,Office Supplies,5,5.77,28.85,10.1,4.33,14.42
CA-2014-146731,2014-Q4,South,Office Supplies,2,1.74,3.49,1.62,0.69,1.18
CA-2014-146731,2014-Q4,South,Office Supplies,9,15.98,143.86,66.72,28.59,48.55
CA-2015-115392,2015-Q4,East,Technology,2,155.99,311.98,152.87,65.52,93.59
CA-2015-115392,2015-Q4,East,Office Supplies,5,4.49,22.45,8.48,3.64,10.33
CA-2017-102379,2017-Q4,West,Technology,1,39.99,39.99,33.59,14.4,-8.0
CA-2017-102379,2017-Q4,West,Furniture,9,128.78,1159.06,780.92,334.68,43.46
CA-2017-102379,2017-Q4,West,Office Supplies,5,35.98,179.9,94.44,40.48,44.98
CA-2017-149706,2017-Q4,Central,Technology,7,16.62,116.31,65.13,27.92,23.26
US-2016-139087,2016-Q3,West,Furniture,3,4.14,12.42,5.56,2.39,4.47
US-2016-139087,2016-Q3,West,Technology,3,142.8,428.4,236.91,101.53,89.96
US-2016-139087,2016-Q3,West,Furniture,5,4.95,24.75,9.7,4.16,10.89
US-2016-139087,2016-Q3,West,Office Supplies,7,12.53,87.71,32.54,13.95,41.22
US-2016-139087,2016-Q3,West,Office Supplies,2,34.76,69.52,36.5,15.64,17.38
US-2016-139087,2016-Q3,West,Technology,2,10.39,20.78,17.82,7.64,-4.68
US-2016-139087,2016-Q3,West,Office Supplies,3,4.27,12.82,6.05,2.6,4.17
CA-2017-152226,2017-Q2,East,Office Supplies,2,2.95,5.9,2.74,1.17,1.99
CA-2015-116484,2015-Q4,East,Furniture,2,31.91,63.82,37.97,16.28,9.57
CA-2015-116484,2015-Q4,East,Office Supplies,3,47.18,141.55,117.66,50.43,-26.54
CA-2016-100944,2016-Q3,West,Office Supplies,5,60.98,304.9,113.12,48.48,143.3
CA-2016-100944,2016-Q3,West,Furniture,5,112.65,563.24,354.84,152.08,56.32
CA-2016-125080,2016-Q4,East,Furniture,2,330.59,661.18,624.81,267.78,-231.41
CA-2016-121020,2016-Q4,South,Technology,3,79.99,239.98,155.39,66.59,18.0
CA-2014-100090,2014-Q3,West,Furniture,3,167.5,502.49,413.3,177.13,-87.94
CA-2014-100090,2014-Q3,West,Office Supplies,6,32.78,196.7,89.49,38.36,68.85
US-2015-139675,2015-Q1,West,Furniture,4,228.78,915.14,568.53,243.66,102.95
US-2015-139675,2015-Q1,West,Furniture,8,40.97,327.76,165.19,70.8,91.77
CA-2017-143756,2017-Q4,South,Furniture,2,350.98,701.96,373.44,160.05,168.47
CA-2015-151253,2015-Q2,West,Technology,3,29.59,88.78,56.71,24.3,7.77
CA-2015-151253,2015-Q2,West,Office Supplies,3,21.38,64.14,33.22,14.24,16.68
CA-2014-141152,2014-Q3,East,Office Supplies,1,33.55,33.55,14.68,6.29,12.58
CA-2014-141313,2014-Q4,East,Office Supplies,6,289.53,1737.18,863.38,370.02,503.78
CA-2014-141313,2014-Q4,East,Office Supplies,5,140.85,704.25,433.82,185.92,84.51
CA-2014-141313,2014-Q4,East,Office Supplies,4,35.44,141.76,52.59,22.54,66.63
CA-2014-169852,2014-Q4,West,Office Supplies,3,12.12,36.36,16.86,7.23,12.27
CA-2017-107314,2017-Q4,West,Furniture,3,8.61,25.83,11.39,4.88,9.56
US-2014-161305,2014-Q2,Central,Office Supplies,3,8.2,24.59,43.89,18.81,-38.11
US-2014-161305,2014-Q2,Central,Office Supplies,2,6.99,13.98,6.48,2.78,4.72
CA-2017-166919,2017-Q4,Central,Technology,5,39.19,195.96,123.45,52.91,19.6
CA-2017-162712,2017-Q2,Central,Office Supplies,3,24.78,74.35,35.78,15.33,23.24
CA-2017-107552,2017-Q2,East,Office Supplies,1,6.68,6.68,2.43,1.04,3.21
CA-2016-163328,2016-Q4,West,Office Supplies,7,2.51,17.58,15.23,6.53,-4.18
CA-2016-163328,2016-Q4,West,Furniture,1,104.78,104.78,83.43,35.76,-14.41
CA-2016-163328,2016-Q4,West,Office Supplies,3,15.98,47.95,21.82,9.35,16.78
CA-2016-163328,2016-Q4,West,Furniture,3,216.78,650.35,523.53,224.37,-97.55
CA-2016-163328,2016-Q4,West,Office Supplies,8,78.65,629.18,280.77,120.33,228.08
CA-2016-163328,2016-Q4,West,Office Supplies,1,15.18,15.18,6.91,2.96,5.31
CA-2014-112837,2014-Q3,West,Furniture,3,42.65,127.95,74.34,31.86,21.75
CA-2017-120019,2017-Q1,East,Office Supplies,3,193.17,579.51,348.87,149.51,81.13
CA-2017-120019,2017-Q1,East,Technology,1,14.99,14.99,5.35,2.29,7.35
CA-2014-100762,2014-Q4,Central,Office Supplies,4,37.98,151.92,74.44,31.9,45.58
CA-2014-100762,2014-Q4,Central,Office Supplies,2,98.31,196.62,70.2,30.08,96.34
CA-2014-100762,2014-Q4,Central,Office Supplies,3,48.04,144.12,52.46,22.48,69.18
CA-2014-100762,2014-Q4,Central,Office Supplies,2,7.98,15.96,5.59,2.39,7.98
CA-2017-161459,2017-Q4,West,Technology,5,7.99,39.96,25.52,10.94,3.5
CA-2017-161459,2017-Q4,West,Office Supplies,6,5.68,34.08,13.12,5.62,15.34
CA-2017-160017,2017-Q3,South,Office Supplies,2,5.18,10.37,4.72,2.02,3.63
CA-2014-123316,2014-Q4,East,Office Supplies,3,2.58,7.75,3.46,1.48,2.81
CA-2014-141299,2014-Q2,Central,Office Supplies,2,7.64,15.28,5.45,2.34,7.49
CA-2014-104402,2014-Q2,East,Technology,3,21.99,65.97,24.47,10.49,31.01
CA-2015-110289,2015-Q4,West,Office Supplies,5,6.68,33.4,12.16,5.21,16.03
CA-2015-110289,2015-Q4,West,Office Supplies,4,52.71,210.84,75.27,32.26,103.31
CA-2014-167927,2014-Q1,Central,Office Supplies,1,13.98,13.98,6.95,2.98,4.05
CA-2014-167927,2014-Q1,Central,Furniture,3,90.98,272.94,170.04,72.88,30.02
CA-2014-167927,2014-Q1,Central,Office Supplies,5,3.81,19.05,7.07,3.03,8.95
CA-2014-167927,2014-Q1,Central,Office Supplies,4,61.93,247.72,107.9,46.24,93.58
CA-2014-167927,2014-Q1,Central,Office Supplies,2,33.29,66.58,35.42,15.18,15.98
CA-2014-167927,2014-Q1,Central,Office Supplies,3,14.64,43.92,21.83,9.35,12.74
CA-2014-167927,2014-Q1,Central,Furniture,3,4.91,14.73,6.91,2.96,4.86
CA-2014-167927,2014-Q1,Central,Office Supplies,5,5.94,29.7,11.44,4.9,13.36
CA-2014-133305,2014-Q3,East,Office Supplies,4,12.28,49.12,18.22,7.81,23.09
CA-2014-133305,2014-Q3,East,Office Supplies,5,3.66,18.28,8.32,3.56,6.4
CA-2016-165995,2016-Q3,West,Furniture,4,11.76,47.04,21.73,9.32,15.99
CA-2016-165995,2016-Q3,West,Technology,5,67.99,339.96,208.22,89.24,42.5
CA-2017-143112,2017-Q4,East,Technology,4,21.95,87.8,30.73,13.17,43.9
CA-2017-143112,2017-Q4,East,Furniture,2,110.69,221.38,153.24,65.68,2.46
CA-2017-143112,2017-Q4,East,Technology,4,1299.99,5199.96,2693.58,1154.39,1351.99
US-2017-105830,2016-Q4,East,Office Supplies,4,39.13,156.51,134.21,57.52,-35.22
CA-2015-146255,2015-Q1,East,Technology,3,39.95,119.85,46.98,20.14,52.73
CA-2015-146255,2015-Q1,East,Office Supplies,2,15.22,30.44,10.86,4.66,14.92
CA-2015-146255,2015-Q1,East,Office Supplies,2,34.64,69.28,25.22,10.81,33.25
CA-2015-146255,2015-Q1,East,Technology,3,195.99,587.97,292.22,125.24,170.51
CA-2017-104822,2017-Q4,East,Office Supplies,5,4.91,24.55,8.76,3.76,12.03
CA-2015-104486,2015-Q2,West,Office Supplies,1,12.18,12.18,5.44,2.33,4.41
CA-2015-104486,2015-Q2,West,Office Supplies,3,12.44,37.32,18.81,8.06,10.45
CA-2015-104486,2015-Q2,West,Office Supplies,2,17.53,35.06,17.18,7.36,10.52
CA-2017-161557,2017-Q3,Central,Furniture,5,21.68,108.4,149.86,64.23,-105.69
CA-2017-161130,2017-Q4,South,Technology,2,180.69,361.38,234.0,100.28,27.1
US-2015-161347,2015-Q3,East,Office Supplies,1,2.41,2.41,3.09,1.33,-2.01
US-2015-109015,2015-Q3,East,Office Supplies,1,8.39,8.39,4.4,1.89,2.1
US-2015-109015,2015-Q3,East,Technology,2,168.99,337.98,165.61,70.98,101.39
CA-2014-110611,2014-Q4,East,Office Supplies,5,16.78,83.92,68.29,29.27,-13.64
CA-2017-139080,2017-Q1,West,Office Supplies,5,3.94,19.68,8.95,3.84,6.89
CA-2017-139080,2017-Q1,West,Office Supplies,4,6.48,25.92,9.44,4.04,12.44
CA-2017-139080,2017-Q1,West,Office Supplies,1,6.48,6.48,2.36,1.01,3.11
CA-2017-139080,2017-Q1,West,Technology,6,14.39,86.35,54.4,23.31,8.64
CA-2015-115693,2015-Q4,West,Office Supplies,2,28.15,56.3,28.38,12.16,15.76
US-2014-107993,2014-Q4,West,Office Supplies,7,7.29,51.02,29.91,12.82,8.29
CA-2017-110443,2017-Q4,West,Office Supplies,5,30.16,150.8,65.98,28.27,56.55
CA-2017-110443,2017-Q4,West,Technology,1,1039.99,1039.99,655.19,280.8,104.0
CA-2017-110443,2017-Q4,West,Office Supplies,8,6.48,51.84,18.87,8.09,24.88
CA-2017-144848,2017-Q2,East,Technology,1,41.22,41.22,21.06,9.03,11.13
CA-2017-144848,2017-Q2,East,Office Supplies,1,240.37,240.37,163.21,69.95,7.21
CA-2017-144848,2017-Q2,East,Technology,2,59.51,119.02,59.98,25.71,33.33
US-2017-147998,2017-Q2,West,Office Supplies,5,26.62,133.12,58.24,24.96,49.92
CA-2016-103919,2016-Q4,Central,Furniture,5,7.62,38.08,47.31,20.28,-29.51
CA-2016-113425,2016-Q4,East,Furniture,2,56.78,113.57,70.55,30.24,12.78
CA-2017-143035,2017-Q4,East,Furniture,4,20.98,83.92,43.47,18.63,21.82
CA-2017-143035,2017-Q4,East,Office Supplies,3,2.21,6.63,2.46,1.05,3.12
CA-2017-143035,2017-Q4,East,Technology,3,123.99,371.97,213.51,91.51,66.95
CA-2014-107811,2014-Q2,South,Furniture,2,280.79,561.58,343.97,147.41,70.2
CA-2014-107811,2014-Q2,South,Office Supplies,5,19.98,99.92,70.82,30.35,-1.25
CA-2016-163216,2016-Q4,East,Office Supplies,2,2.46,4.93,2.25,0.96,1.72
US-2016-116442,2016-Q4,West,Furniture,2,7.38,14.76,7.34,3.14,4.28
CA-2017-150623,2017-Q2,East,Technology,1,99.99,99.99,40.59,17.4,42.0
CA-2017-150623,2017-Q2,East,Office Supplies,5,57.23,286.15,150.23,64.38,71.54
US-2014-163797,2014-Q2,West,Office Supplies,8,6.22,49.79,43.13,18.49,-11.83
CA-2016-127236,2016-Q1,East,Furniture,5,60.0,299.98,327.58,140.39,-167.99
CA-2016-127236,2016-Q1,East,Technology,4,39.6,158.38,136.73,58.6,-36.95
US-2017-104661,2017-Q1,Central,Office Supplies,4,8.2,32.78,59.66,25.57,-52.45
US-2017-104661,2017-Q1,Central,Technology,2,23.99,47.98,23.51,10.07,14.4
US-2017-104661,2017-Q1,Central,Technology,8,7.82,62.59,34.5,14.79,13.3
US-2017-104661,2017-Q1,Central,Office Supplies,1,4.28,4.28,7.64,3.27,-6.63
CA-2014-134103,2014-Q1,Central,Office Supplies,2,5.28,10.56,4.07,1.74,4.75
CA-2014-134103,2014-Q1,Central,Office Supplies,2,114.97,229.94,156.13,66.91,6.9
CA-2015-147529,2015-Q1,South,Office Supplies,5,62.23,311.15,115.44,49.47,146.24
CA-2015-147529,2015-Q1,South,Office Supplies,2,6.48,12.96,4.63,1.98,6.35
CA-2016-129126,2016-Q4,East,Office Supplies,2,7.31,14.62,5.52,2.37,6.73
CA-2016-129126,2016-Q4,East,Office Supplies,2,2.88,5.76,2.06,0.88,2.82
CA-2016-129126,2016-Q4,East,Office Supplies,6,3.58,21.48,7.67,3.28,10.53
CA-2016-129126,2016-Q4,East,Furniture,4,99.23,396.92,138.92,59.54,198.46
CA-2016-129126,2016-Q4,East,Office Supplies,1,17.15,17.15,8.76,3.76,4.63
CA-2016-129126,2016-Q4,East,Office Supplies,2,11.56,23.12,10.72,4.6,7.8
CA-2017-131632,2017-Q4,Central,Office Supplies,2,2.62,5.25,3.26,1.4,0.59
CA-2017-151981,2017-Q3,East,Technology,5,164.99,824.95,404.23,173.24,247.48
CA-2017-151981,2017-Q3,East,Office Supplies,8,3.08,24.64,8.97,3.84,11.83
CA-2017-151981,2017-Q3,East,Office Supplies,6,37.98,227.88,111.66,47.86,68.36
CA-2017-125472,2017-Q2,South,Furniture,2,120.98,241.96,145.66,62.43,33.87
CA-2017-125472,2017-Q2,South,Office Supplies,1,3.89,3.89,1.41,0.61,1.87
CA-2017-125472,2017-Q2,South,Furniture,3,2.67,8.01,3.48,1.49,3.04
CA-2015-156328,2015-Q4,South,Technology,3,59.16,177.48,110.26,47.25,19.97
CA-2017-154074,2017-Q3,West,Furniture,2,284.79,569.57,393.72,168.73,7.12
CA-2017-154074,2017-Q3,West,Office Supplies,7,21.39,149.73,74.42,31.89,43.42
CA-2017-161774,2017-Q2,Central,Furniture,5,179.89,899.43,638.6,273.68,-12.85
CA-2017-161774,2017-Q2,Central,Office Supplies,5,9.24,46.2,28.29,12.13,5.78
CA-2017-161774,2017-Q2,Central,Office Supplies,3,15.98,47.95,22.24,9.53,16.18
CA-2017-161774,2017-Q2,Central,Technology,1,7.99,7.99,5.1,2.19,0.7
CA-2017-161774,2017-Q2,Central,Office Supplies,2,38.43,76.86,34.97,14.99,26.9
CA-2017-151211,2017-Q3,South,Office Supplies,3,34.31,102.93,38.19,16.36,48.38
CA-2017-151211,2017-Q3,South,Technology,6,16.36,98.16,61.84,26.5,9.82
CA-2017-142671,2017-Q4,South,Office Supplies,5,2.3,11.52,13.44,5.76,-7.68
CA-2017-144750,2017-Q3,West,Office Supplies,1,83.88,83.88,38.16,16.36,29.36
CA-2016-111976,2016-Q1,East,Technology,4,27.14,108.58,93.74,40.17,-25.33
CA-2016-111976,2016-Q1,East,Office Supplies,2,2.99,5.98,5.13,2.2,-1.35
CA-2016-140130,2016-Q4,Central,Office Supplies,2,10.98,21.96,11.07,4.74,6.15
CA-2016-140130,2016-Q4,Central,Furniture,3,122.99,368.97,201.46,86.34,81.17
CA-2016-140130,2016-Q4,Central,Office Supplies,3,4.13,12.39,6.24,2.68,3.47
CA-2016-140130,2016-Q4,Central,Office Supplies,3,110.98,332.94,226.06,96.89,9.99
CA-2014-159121,2014-Q3,West,Technology,7,15.99,111.93,54.06,23.17,34.7
CA-2015-149650,2015-Q4,West,Furniture,8,56.78,454.27,369.66,158.43,-73.82
CA-2017-115777,2017-Q3,East,Office Supplies,3,6.48,19.44,7.08,3.03,9.33
CA-2016-143714,2016-Q2,East,Technology,4,2100.0,8399.98,5095.99,2183.99,1120.0
CA-2016-143714,2016-Q2,East,Office Supplies,1,6.29,6.29,7.34,3.15,-4.2
CA-2016-143714,2016-Q2,East,Office Supplies,2,5.18,10.37,4.72,2.02,3.63
CA-2016-143714,2016-Q2,East,Technology,3,40.79,122.38,102.8,44.06,-24.48
CA-2014-165764,2014-Q4,South,Office Supplies,2,12.99,25.98,19.32,8.28,-1.62
CA-2014-165764,2014-Q4,South,Furniture,6,157.51,945.04,871.01,373.29,-299.26
CA-2014-165764,2014-Q4,South,Office Supplies,7,2.04,14.3,17.35,7.44,-10.49
CA-2014-165764,2014-Q4,South,Furniture,3,136.78,410.35,323.15,138.49,-51.29
CA-2015-121405,2015-Q1,Central,Office Supplies,5,4.7,23.52,10.49,4.5,8.53
CA-2015-121405,2015-Q1,Central,Technology,5,36.19,180.96,117.17,50.22,13.57
US-2017-116897,2017-Q2,West,Furniture,4,8.75,35.0,14.21,6.09,14.7
US-2017-116897,2017-Q2,West,Office Supplies,5,95.43,477.15,313.96,134.56,28.63
US-2017-116897,2017-Q2,West,Technology,3,100.79,302.38,195.79,83.91,22.68
US-2017-113992,2017-Q4,Central,Furniture,4,243.75,974.99,750.74,321.75,-97.5
CA-2014-166891,2014-Q4,East,Furniture,5,117.88,589.41,417.17,178.79,-6.55
CA-2016-101161,2016-Q4,East,Office Supplies,5,6.94,34.7,15.55,6.66,12.49
CA-2016-101161,2016-Q4,East,Office Supplies,3,33.29,99.87,53.13,22.77,23.97
CA-2016-101161,2016-Q4,East,Office Supplies,2,18.97,37.94,13.81,5.92,18.21
CA-2016-101161,2016-Q4,East,Office Supplies,5,4.98,24.9,9.41,4.04,11.45
CA-2016-101161,2016-Q4,East,Furniture,3,27.42,82.26,33.97,14.56,33.73
CA-2015-151785,2015-Q1,Central,Office Supplies,6,1.18,7.1,3.23,1.38,2.49
US-2017-119816,2017-Q1,Central,Furniture,5,20.7,103.5,126.78,54.34,-77.62
US-2017-119816,2017-Q1,Central,Office Supplies,1,2.46,2.46,1.12,0.48,0.86
US-2017-119816,2017-Q1,Central,Office Supplies,1,8.72,8.72,5.65,2.42,0.65
CA-2015-156510,2015-Q3,East,Office Supplies,2,5.38,10.76,3.92,1.68,5.16
CA-2015-156510,2015-Q3,East,Office Supplies,2,22.84,45.68,17.27,7.4,21.01
CA-2015-156510,2015-Q3,East,Office Supplies,1,6.7,6.7,3.14,1.35,2.21
US-2015-110261,2015-Q4,Central,Technology,3,52.79,158.38,101.16,43.36,13.86
CA-2015-125710,2015-Q4,Central,Office Supplies,2,1.72,3.44,2.02,0.86,0.56
CA-2017-161102,2017-Q3,West,Office Supplies,2,28.28,56.56,28.9,12.39,15.27
CA-2017-161102,2017-Q3,West,Furniture,7,5.28,36.96,17.85,7.65,11.46
CA-2014-110065,2014-Q3,East,Technology,1,135.99,135.99,69.49,29.78,36.72
CA-2014-110065,2014-Q3,East,Office Supplies,7,2.28,15.96,6.26,2.68,7.02
US-2017-133361,2017-Q2,East,Office Supplies,2,1.88,3.76,1.87,0.8,1.09
US-2017-133361,2017-Q2,East,Office Supplies,5,2.94,14.7,5.66,2.42,6.62
US-2017-133361,2017-Q2,East,Office Supplies,5,7.44,37.2,19.53,8.37,9.3
US-2017-133361,2017-Q2,East,Technology,3,29.99,89.97,49.76,21.32,18.89
US-2017-133361,2017-Q2,East,Furniture,2,130.98,261.96,166.87,71.51,23.58
US-2017-133361,2017-Q2,East,Office Supplies,5,14.8,74.0,25.9,11.1,37.0
US-2016-155404,2016-Q3,South,Furniture,2,6.64,13.28,4.84,2.07,6.37
CA-2015-114503,2015-Q4,South,Office Supplies,6,14.16,84.96,55.01,23.58,6.37
CA-2017-153080,2017-Q2,West,Technology,7,9.78,68.46,30.19,12.94,25.33
CA-2016-163804,2016-Q4,East,Office Supplies,5,415.88,2079.4,1048.02,449.15,582.23
CA-2016-163804,2016-Q4,East,Technology,5,125.99,629.95,317.49,136.07,176.39
CA-2016-163804,2016-Q4,East,Furniture,6,12.07,72.42,33.96,14.56,23.9
CA-2015-108532,2015-Q3,Central,Technology,2,65.99,131.98,67.44,28.91,35.63
CA-2015-108532,2015-Q3,Central,Technology,7,16.36,114.52,72.15,30.92,11.45
CA-2014-151897,2014-Q2,Central,Office Supplies,10,10.02,100.24,46.49,19.92,33.83
CA-2016-113292,2016-Q1,South,Office Supplies,3,290.6,871.8,549.23,235.39,87.18
CA-2014-149524,2014-Q1,East,Furniture,4,15.49,61.96,80.67,34.58,-53.29
CA-2017-140872,2017-Q2,South,Office Supplies,3,1.52,4.55,5.63,2.41,-3.49
CA-2017-140872,2017-Q2,South,Office Supplies,2,2.6,5.2,3.23,1.39,0.58
CA-2017-140872,2017-Q2,South,Technology,1,205.99,205.99,145.99,62.57,-2.57
CA-2017-140872,2017-Q2,South,Office Supplies,3,5.18,15.55,7.08,3.03,5.44
CA-2017-140872,2017-Q2,South,Technology,5,100.79,503.96,317.49,136.07,50.4
CA-2017-140872,2017-Q2,South,Office Supplies,7,3.5,24.47,15.84,6.79,1.84
CA-2017-140872,2017-Q2,South,Furniture,2,120.78,241.57,169.1,72.47,0.0
CA-2017-140872,2017-Q2,South,Technology,2,55.2,110.4,80.18,34.36,-4.14
CA-2017-113908,2017-Q2,East,Furniture,2,192.38,384.77,350.14,150.06,-115.43
CA-2017-113908,2017-Q2,East,Technology,6,13.11,78.66,29.74,12.74,36.18
CA-2017-113908,2017-Q2,East,Office Supplies,4,11.34,45.36,16.19,6.94,22.23
CA-2015-120621,2015-Q1,South,Office Supplies,4,240.52,962.08,564.02,241.72,156.34
CA-2015-120621,2015-Q1,South,Office Supplies,3,4.28,12.84,15.88,6.81,-9.85
CA-2015-120621,2015-Q1,South,Office Supplies,14,21.1,295.46,139.61,59.83,96.02
US-2017-148866,2017-Q3,East,Office Supplies,5,6.48,32.4,11.79,5.06,15.55
CA-2014-149594,2014-Q3,East,Furniture,4,25.98,103.94,60.93,26.12,16.89
CA-2016-113845,2016-Q4,South,Furniture,2,144.78,289.57,195.1,83.61,10.86
CA-2016-113845,2016-Q4,South,Office Supplies,5,7.94,39.72,24.67,10.58,4.47
CA-2016-113845,2016-Q4,South,Technology,4,61.19,244.77,154.2,66.09,24.48
CA-2017-111262,2017-Q4,Central,Technology,2,12.0,24.0,18.69,8.01,-2.7
CA-2017-111262,2017-Q4,Central,Office Supplies,3,5.18,15.55,7.08,3.03,5.44
CA-2017-111262,2017-Q4,Central,Technology,2,13.09,26.18,20.61,8.84,-3.27
CA-2015-103135,2015-Q3,South,Furniture,3,6.98,20.94,10.41,4.46,6.07
CA-2015-103135,2015-Q3,South,Office Supplies,9,15.01,135.09,51.06,21.89,62.14
CA-2015-103135,2015-Q3,South,Technology,14,19.99,279.86,150.84,64.65,64.37
CA-2015-103135,2015-Q3,South,Office Supplies,6,15.01,90.06,34.04,14.59,41.43
CA-2014-129147,2014-Q4,East,Technology,6,89.99,539.96,453.56,194.39,-107.99
CA-2014-129147,2014-Q4,East,Technology,7,7.18,50.23,42.2,18.08,-10.05
CA-2014-129147,2014-Q4,East,Office Supplies,3,6.41,19.24,22.9,9.81,-13.47
CA-2017-128265,2017-Q4,East,Office Supplies,3,415.88,1247.64,628.81,269.49,349.34
CA-2016-152331,2016-Q2,Central,Office Supplies,3,1.77,5.3,3.39,1.45,0.46
US-2016-128909,2016-Q4,East,Office Supplies,4,4.78,19.14,9.21,3.95,5.98
US-2016-128909,2016-Q4,East,Furniture,4,83.21,332.83,250.45,107.34,-24.96
CA-2017-102197,2017-Q4,East,Office Supplies,5,55.98,279.9,99.92,42.83,137.15
CA-2017-102197,2017-Q4,East,Office Supplies,3,16.78,50.35,22.91,9.82,17.62
CA-2017-102197,2017-Q4,East,Office Supplies,3,11.34,34.02,12.14,5.21,16.67
CA-2017-167640,2017-Q1,West,Office Supplies,6,3.98,23.88,11.03,4.73,8.12
CA-2017-167640,2017-Q1,West,Office Supplies,4,2.88,11.52,4.12,1.76,5.64
CA-2017-167640,2017-Q1,West,Office Supplies,7,40.99,286.93,102.43,43.9,140.6
CA-2017-167640,2017-Q1,West,Technology,2,103.19,206.38,128.21,54.95,23.22
US-2017-116652,2017-Q3,West,Furniture,3,72.78,218.35,152.84,65.51,0.0
US-2017-116652,2017-Q3,West,Furniture,5,105.98,529.9,296.74,127.18,105.98
US-2017-116652,2017-Q3,West,Office Supplies,10,9.93,99.3,40.31,17.28,41.71
US-2017-116652,2017-Q3,West,Office Supplies,2,54.48,108.96,54.91,23.54,30.51
US-2017-116652,2017-Q3,West,Office Supplies,1,2.69,2.69,1.29,0.56,0.84
CA-2017-138289,2017-Q1,Central,Office Supplies,4,1360.99,5443.96,2057.82,881.92,2504.22
CA-2017-138289,2017-Q1,Central,Furniture,3,100.89,302.67,161.02,69.01,72.64
CA-2017-138289,2017-Q1,Central,Office Supplies,7,8.01,56.07,21.59,9.25,25.23
CA-2016-129308,2016-Q3,East,Office Supplies,2,5.04,10.08,4.76,2.04,3.28
CA-2016-129308,2016-Q3,East,Technology,1,59.99,59.99,51.09,21.9,-13.0
CA-2016-129308,2016-Q3,East,Office Supplies,5,1.14,5.72,7.34,3.14,-4.76
CA-2016-129308,2016-Q3,East,Office Supplies,5,1.88,9.42,12.09,5.18,-7.85
CA-2016-157791,2016-Q4,East,Technology,4,499.99,1999.96,769.99,329.99,899.98
CA-2014-146864,2014-Q4,East,Office Supplies,4,54.1,216.4,112.1,48.04,56.26
CA-2014-103744,2014-Q1,Central,Office Supplies,3,2.31,6.94,3.22,1.38,2.34
CA-2014-103744,2014-Q1,Central,Office Supplies,3,1.48,4.43,7.9,3.39,-6.86
US-2017-107384,2017-Q4,Central,Office Supplies,5,1.76,8.8,4.38,1.87,2.55
US-2017-107384,2017-Q4,Central,Technology,1,142.8,142.8,78.97,33.84,29.99
US-2017-107384,2017-Q4,Central,Technology,5,79.99,399.95,179.18,76.79,143.98
CA-2014-128209,2014-Q4,East,Office Supplies,3,717.59,2152.78,998.35,427.87,726.56
CA-2014-128209,2014-Q4,East,Furniture,10,400.78,4007.84,2840.56,1217.38,-50.1
CA-2014-169684,2014-Q4,South,Furniture,3,109.53,328.59,333.52,142.94,-147.87
CA-2014-169684,2014-Q4,South,Office Supplies,3,32.78,98.35,86.06,36.88,-24.59
CA-2015-109862,2015-Q4,East,Technology,1,158.99,158.99,82.36,35.29,41.34
CA-2015-109862,2015-Q4,East,Furniture,5,58.22,291.1,150.79,64.62,75.69
US-2017-107888,2017-Q4,West,Office Supplies,6,12.28,73.68,27.34,11.71,34.63
US-2017-107888,2017-Q4,West,Furniture,2,69.96,139.92,81.29,34.84,23.79
US-2017-107888,2017-Q4,West,Technology,3,35.96,107.88,67.96,29.13,10.79
US-2017-107888,2017-Q4,West,Office Supplies,1,33.29,33.29,17.71,7.59,7.99
US-2017-154872,2017-Q2,East,Office Supplies,5,11.63,58.17,73.3,31.41,-46.54
US-2017-154872,2017-Q2,East,Office Supplies,2,2.52,5.04,2.3,0.98,1.76
US-2017-154872,2017-Q2,East,Office Supplies,1,24.78,24.78,11.93,5.11,7.74
CA-2014-113880,2014-Q1,Central,Furniture,6,105.69,634.12,564.37,241.87,-172.12
CA-2014-113880,2014-Q1,Central,Office Supplies,3,5.82,17.47,8.25,3.54,5.68
US-2015-164966,2015-Q3,Central,Furniture,6,25.98,155.88,81.84,35.07,38.97
CA-2015-126739,2015-Q4,East,Furniture,4,81.89,327.56,214.0,91.72,21.84
CA-2017-161578,2017-Q4,West,Office Supplies,2,6.68,13.36,4.86,2.09,6.41
CA-2017-161578,2017-Q4,West,Office Supplies,5,31.78,158.9,105.67,45.29,7.94
CA-2014-137092,2014-Q4,Central,Technology,4,79.99,319.97,173.59,74.39,71.99
CA-2014-137092,2014-Q4,Central,Office Supplies,3,168.44,505.32,331.62,142.12,31.58
CA-2014-137092,2014-Q4,Central,Office Supplies,1,3.81,3.81,1.8,0.77,1.24
CA-2014-137092,2014-Q4,Central,Office Supplies,1,8.68,8.68,16.41,7.03,-14.76
CA-2014-137092,2014-Q4,Central,Office Supplies,1,24.42,24.42,11.54,4.94,7.94
CA-2015-166947,2015-Q2,East,Furniture,9,169.18,1522.64,947.42,406.04,169.18
CA-2016-160941,2016-Q3,West,Office Supplies,5,83.98,419.9,155.78,66.77,197.35
CA-2016-160941,2016-Q3,West,Office Supplies,1,3.15,3.15,1.15,0.49,1.51
CA-2017-144680,2017-Q1,Central,Office Supplies,5,6.72,33.62,87.07,37.32,-90.77
CA-2014-166086,2014-Q2,East,Office Supplies,3,5.38,16.14,5.76,2.47,7.91
CA-2014-166086,2014-Q2,East,Furniture,2,97.12,194.25,163.17,69.93,-38.85
CA-2014-166086,2014-Q2,East,Office Supplies,3,2.88,8.64,4.29,1.84,2.51
CA-2014-166086,2014-Q2,East,Furniture,4,218.08,872.32,439.65,188.42,244.25
CA-2017-131282,2017-Q1,Central,Office Supplies,4,61.0,243.99,469.69,201.29,-426.99
CA-2017-131282,2017-Q1,Central,Office Supplies,5,1.42,7.12,4.49,1.92,0.71
CA-2014-100678,2014-Q2,Central,Office Supplies,2,1.34,2.69,1.18,0.5,1.01
CA-2014-100678,2014-Q2,Central,Furniture,3,105.69,317.06,234.63,100.55,-18.12
CA-2014-100678,2014-Q2,Central,Office Supplies,3,49.78,149.35,69.26,29.68,50.41
CA-2014-100678,2014-Q2,Central,Technology,3,75.99,227.98,139.64,59.84,28.5
CA-2016-161543,2016-Q2,West,Office Supplies,2,5.98,11.96,4.27,1.83,5.86
CA-2016-160535,2016-Q4,East,Office Supplies,4,140.85,563.4,347.05,148.74,67.61
CA-2016-160535,2016-Q4,East,Technology,8,39.99,319.92,141.09,60.46,118.37
CA-2017-123085,2017-Q1,West,Technology,8,131.18,1049.44,426.08,182.6,440.76
CA-2017-123085,2017-Q1,West,Furniture,3,56.78,170.35,131.17,56.22,-17.04
CA-2015-153752,2015-Q4,South,Technology,6,28.99,173.94,86.45,37.05,50.44
CA-2014-103660,2014-Q3,West,Technology,7,143.99,1007.94,652.64,279.7,75.6
CA-2016-169887,2016-Q4,West,Office Supplies,1,6.68,6.68,2.43,1.04,3.21
CA-2016-169887,2016-Q4,West,Office Supplies,3,2.78,8.34,4.26,1.83,2.25
CA-2016-169887,2016-Q4,West,Furniture,3,33.98,101.94,49.95,21.41,30.58
CA-2016-148516,2016-Q3,West,Technology,3,59.99,179.97,65.51,28.07,86.39
CA-2017-104731,2017-Q3,South,Office Supplies,6,16.99,101.94,50.67,21.71,29.56
CA-2017-104731,2017-Q3,South,Technology,4,67.99,271.96,142.78,61.19,67.99
CA-2017-104731,2017-Q3,South,Furniture,5,1.76,8.8,3.45,1.48,3.87
CA-2017-104731,2017-Q3,South,Office Supplies,6,3.28,19.68,9.78,4.19,5.71
CA-2017-104731,2017-Q3,South,Furniture,3,100.98,302.94,163.28,69.98,69.68
CA-2017-104731,2017-Q3,South,Office Supplies,3,4.98,14.94,5.44,2.33,7.17
CA-2017-104731,2017-Q3,South,Office Supplies,2,115.86,231.72,154.09,66.04,11.59
CA-2014-164749,2014-Q1,South,Office Supplies,3,3.3,9.91,4.68,2.01,3.22
CA-2015-103716,2015-Q2,West,Office Supplies,3,11.55,34.65,17.46,7.49,9.7
CA-2015-103716,2015-Q2,West,Technology,5,3.96,19.8,12.65,5.42,1.73
CA-2016-126795,2016-Q2,East,Office Supplies,2,16.78,33.57,15.27,6.55,11.75
CA-2015-146290,2015-Q2,Central,Office Supplies,7,17.99,125.93,63.47,27.2,35.26
CA-2017-157112,2017-Q2,East,Office Supplies,5,2.35,11.76,13.72,5.88,-7.84
CA-2017-157112,2017-Q2,East,Office Supplies,1,5.34,5.34,2.43,1.04,1.87
CA-2014-169257,2014-Q2,South,Office Supplies,1,1.36,1.36,1.59,0.68,-0.91
CA-2014-169257,2014-Q2,South,Office Supplies,2,31.01,62.02,27.68,11.86,22.48
CA-2014-154095,2014-Q4,East,Furniture,3,20.24,60.72,25.93,11.11,23.68
CA-2014-154095,2014-Q4,East,Office Supplies,3,48.94,146.82,51.39,22.02,73.41
CA-2014-154095,2014-Q4,East,Furniture,8,29.98,239.84,122.56,52.52,64.76
CA-2014-154095,2014-Q4,East,Office Supplies,6,2.61,15.66,5.92,2.54,7.2
CA-2017-146346,2017-Q2,West,Office Supplies,3,48.78,146.35,125.5,53.78,-32.93
CA-2016-148852,2016-Q2,West,Office Supplies,3,1.98,5.94,4.16,1.78,0.0
CA-2016-148852,2016-Q2,West,Office Supplies,7,6.48,45.36,16.51,7.08,21.77
CA-2016-148852,2016-Q2,West,Technology,4,52.79,211.17,131.19,56.22,23.76
CA-2016-148852,2016-Q2,West,Furniture,6,80.78,484.7,398.66,170.86,-84.82
CA-2016-148852,2016-Q2,West,Technology,3,123.99,371.98,179.02,76.72,116.24
US-2015-118906,2015-Q1,East,Office Supplies,6,14.97,89.82,45.27,19.4,25.15
CA-2016-168921,2016-Q4,West,Office Supplies,3,6.43,19.3,9.29,3.98,6.03
CA-2015-107678,2015-Q2,South,Furniture,2,95.98,191.96,98.09,42.04,51.83
CA-2015-107678,2015-Q2,South,Office Supplies,3,7.1,21.3,8.05,3.45,9.8
CA-2015-107678,2015-Q2,South,Technology,5,93.99,469.95,236.85,101.51,131.59
CA-2015-107678,2015-Q2,South,Furniture,3,69.96,209.88,121.94,52.26,35.68
CA-2016-123512,2016-Q2,West,Furniture,2,119.84,239.67,157.9,67.67,14.1
CA-2016-123512,2016-Q2,West,Office Supplies,6,3.75,22.5,8.19,3.51,10.8
CA-2016-123512,2016-Q2,West,Office Supplies,4,54.96,219.84,78.48,33.64,107.72
US-2017-167402,2017-Q1,Central,Office Supplies,5,6.48,32.4,11.79,5.06,15.55
US-2017-167402,2017-Q1,Central,Office Supplies,6,34.99,209.94,108.75,46.61,54.58
US-2017-167402,2017-Q1,Central,Office Supplies,5,832.81,4164.05,2856.54,1224.23,83.28
US-2017-167402,2017-Q1,Central,Furniture,3,70.98,212.94,111.79,47.91,53.24
CA-2014-130449,2014-Q3,West,Furniture,6,6.98,41.88,20.81,8.92,12.15
CA-2014-130449,2014-Q3,West,Office Supplies,8,7.31,58.48,21.69,9.3,27.49
CA-2015-141250,2015-Q1,Central,Furniture,1,102.44,102.44,80.93,34.68,-13.17
CA-2015-141250,2015-Q1,Central,Furniture,4,49.82,199.3,145.49,62.35,-8.54
CA-2014-145541,2014-Q4,East,Technology,4,1749.99,6999.96,3331.98,1427.99,2239.99
CA-2014-138513,2014-Q2,West,Office Supplies,2,6.48,12.96,4.72,2.02,6.22
CA-2015-135489,2015-Q3,East,Technology,14,19.99,279.86,101.87,43.66,134.33
CA-2015-125696,2015-Q4,South,Office Supplies,5,1.48,7.38,8.95,3.84,-5.41
CA-2016-105081,2016-Q4,West,Furniture,3,232.78,698.35,452.18,193.79,52.38
CA-2016-105081,2016-Q4,West,Furniture,5,349.45,1747.25,782.77,335.47,629.01
US-2016-146857,2016-Q2,Central,Office Supplies,1,54.48,54.48,27.46,11.77,15.25
CA-2016-166275,2016-Q4,West,Technology,1,199.99,199.99,79.79,34.2,86.0
CA-2017-144498,2017-Q2,South,Office Supplies,11,6.23,68.54,84.76,36.33,-52.55
CA-2017-144498,2017-Q2,South,Technology,4,156.79,627.17,389.63,166.98,70.56
CA-2017-144498,2017-Q2,South,Office Supplies,5,24.42,122.12,57.7,24.73,39.69
CA-2017-103352,2017-Q4,East,Office Supplies,3,2.33,6.99,3.47,1.49,2.03
CA-2017-103352,2017-Q4,East,Office Supplies,6,17.9,107.42,49.81,21.35,36.26
CA-2014-108609,2014-Q4,East,Furniture,8,177.71,1421.66,1509.33,646.86,-734.53
CA-2017-128328,2017-Q3,Central,Office Supplies,6,20.98,125.88,45.82,19.64,60.42
CA-2017-128328,2017-Q3,Central,Technology,2,39.89,79.78,35.18,15.08,29.52
CA-2017-128328,2017-Q3,Central,Office Supplies,9,14.8,133.2,46.62,19.98,66.6
US-2015-156496,2015-Q3,West,Technology,4,109.59,438.37,280.01,120.0,38.36
US-2015-156496,2015-Q3,West,Technology,7,19.99,139.94,120.0,51.43,-31.49
US-2015-156496,2015-Q3,West,Office Supplies,4,33.37,133.47,82.91,35.54,15.02
US-2016-127334,2016-Q4,West,Furniture,3,188.07,564.2,608.21,260.66,-304.67
US-2016-127334,2016-Q4,West,Office Supplies,2,43.58,87.17,54.91,23.54,8.72
US-2017-124779,2017-Q3,Central,Office Supplies,7,6.09,42.62,77.57,33.24,-68.19
US-2017-124779,2017-Q3,Central,Technology,2,159.99,319.98,148.39,63.6,107.99
US-2017-124779,2017-Q3,Central,Office Supplies,5,9.18,45.92,21.29,9.13,15.5
US-2017-124779,2017-Q3,Central,Furniture,2,10.59,21.18,22.98,9.85,-11.65
US-2017-124779,2017-Q3,Central,Office Supplies,4,5.18,20.74,9.44,4.04,7.26
US-2017-124779,2017-Q3,Central,Furniture,5,42.69,213.43,177.15,75.92,-39.64
CA-2017-135937,2017-Q1,West,Technology,3,111.19,333.58,215.99,92.57,25.02
CA-2017-135937,2017-Q1,West,Technology,1,31.99,31.99,19.03,8.16,4.8
CA-2017-135937,2017-Q1,West,Office Supplies,2,25.58,51.17,40.3,17.27,-6.4
CA-2017-135937,2017-Q1,West,Office Supplies,5,2.13,10.64,4.75,2.03,3.86
CA-2017-135937,2017-Q1,West,Furniture,2,34.35,68.7,36.67,15.71,16.32
CA-2017-135937,2017-Q1,West,Furniture,9,42.99,386.91,400.84,171.79,-185.72
CA-2015-129322,2015-Q3,East,Office Supplies,2,19.83,39.66,19.43,8.33,11.9
CA-2015-129322,2015-Q3,East,Office Supplies,2,56.96,113.92,56.62,24.26,33.04
CA-2015-129322,2015-Q3,East,Office Supplies,7,63.98,447.86,166.16,71.21,210.49
CA-2017-162173,2017-Q4,South,Furniture,5,71.37,356.85,207.33,88.86,60.66
CA-2017-162173,2017-Q4,South,Office Supplies,7,35.94,251.58,96.86,41.51,113.21
CA-2016-115483,2016-Q3,Central,Office Supplies,5,43.97,219.84,98.11,42.04,79.69
CA-2017-122175,2017-Q2,East,Furniture,5,8.57,42.85,19.19,8.23,15.43
CA-2017-122175,2017-Q2,East,Office Supplies,2,3.08,6.16,2.24,0.96,2.96
CA-2017-122175,2017-Q2,East,Office Supplies,2,8.5,17.0,8.81,3.77,4.42
CA-2017-122175,2017-Q2,East,Technology,5,17.48,87.4,36.71,15.73,34.96
CA-2017-161088,2017-Q2,South,Office Supplies,2,14.92,29.84,11.49,4.92,13.43
CA-2014-154837,2014-Q3,West,Office Supplies,2,24.78,49.57,22.55,9.67,17.35
CA-2015-153794,2015-Q3,West,Office Supplies,7,37.98,265.86,130.27,55.83,79.76
CA-2015-135510,2015-Q3,South,Furniture,4,16.99,67.96,39.01,16.72,12.23
CA-2015-109337,2015-Q4,Central,Office Supplies,6,1.82,10.92,4.21,1.8,4.91
CA-2015-109337,2015-Q4,Central,Technology,2,41.95,83.9,42.88,18.37,22.65
CA-2015-109337,2015-Q4,Central,Office Supplies,5,3.95,19.75,10.23,4.38,5.14
CA-2015-109337,2015-Q4,Central,Technology,3,131.18,393.54,159.78,68.47,165.29
CA-2014-150329,2014-Q4,West,Furniture,7,6.7,46.87,30.34,13.01,3.52
CA-2017-145037,2017-Q3,East,Office Supplies,1,10.9,10.9,5.65,2.42,2.83
CA-2017-145037,2017-Q3,East,Office Supplies,4,19.98,79.92,29.65,12.71,37.56
CA-2017-145037,2017-Q3,East,Office Supplies,3,48.94,146.82,51.39,22.02,73.41
CA-2017-154466,2017-Q1,Central,Office Supplies,2,1.8,3.6,1.31,0.56,1.73
CA-2014-109134,2014-Q4,West,Furniture,6,3.34,20.04,7.85,3.37,8.82
US-2015-129637,2015-Q4,Central,Office Supplies,1,180.02,180.02,137.04,58.73,-15.75
US-2015-129637,2015-Q4,Central,Furniture,2,20.78,41.55,42.9,18.39,-19.74
US-2015-129637,2015-Q4,Central,Office Supplies,5,2.62,13.12,8.15,3.49,1.48
CA-2015-165162,2015-Q2,West,Office Supplies,4,279.48,1117.92,743.41,318.61,55.9
CA-2017-140494,2017-Q1,West,Technology,4,27.99,111.96,63.48,27.21,21.27
CA-2017-104108,2017-Q4,Central,Office Supplies,5,2.43,12.16,7.02,3.01,2.13
US-2017-165869,2017-Q3,Central,Office Supplies,4,4.38,17.52,6.38,2.73,8.41
US-2017-165869,2017-Q3,Central,Office Supplies,6,25.98,155.88,70.92,30.4,54.56
CA-2017-160899,2017-Q3,South,Office Supplies,11,43.41,477.51,180.5,77.36,219.65
CA-2017-144225,2017-Q3,East,Office Supplies,3,54.96,164.88,58.86,25.23,80.79
US-2016-163538,2016-Q3,Central,Technology,3,15.99,47.97,23.17,9.93,14.87
US-2016-155103,2016-Q4,East,Office Supplies,3,138.39,415.18,196.17,84.08,134.93
US-2016-155103,2016-Q4,East,Office Supplies,3,11.74,35.23,16.65,7.13,11.45
US-2016-155103,2016-Q4,East,Office Supplies,1,54.96,54.96,19.62,8.41,26.93
CA-2017-145429,2017-Q3,West,Office Supplies,2,8.17,16.34,6.06,2.6,7.68
CA-2017-145429,2017-Q3,West,Furniture,2,112.65,225.3,141.94,60.83,22.53
CA-2017-145429,2017-Q3,West,Office Supplies,3,16.78,50.35,22.91,9.82,17.62
CA-2015-153535,2015-Q2,South,Furniture,4,40.78,163.14,99.92,42.83,20.39
CA-2015-153535,2015-Q2,South,Office Supplies,4,1.6,6.41,7.92,3.4,-4.91
CA-2015-139164,2015-Q2,West,Technology,2,108.79,217.58,138.98,59.56,19.04
CA-2015-139164,2015-Q2,West,Office Supplies,3,1.81,5.43,2.55,1.09,1.79
CA-2015-139164,2015-Q2,West,Technology,3,47.99,143.98,94.49,40.49,9.0
CA-2016-112277,2016-Q3,South,Technology,7,74.24,519.68,322.85,138.37,58.46
CA-2014-167724,2014-Q2,East,Office Supplies,3,2.61,7.83,2.96,1.27,3.6
CA-2015-123141,2015-Q4,West,Furniture,4,220.96,883.84,549.09,235.32,99.43
CA-2015-123141,2015-Q4,West,Furniture,3,76.78,230.35,147.13,63.06,20.16
CA-2016-149503,2016-Q4,West,Office Supplies,8,34.24,273.92,122.23,52.39,99.3
CA-2017-163069,2017-Q3,East,Office Supplies,3,3.3,9.91,6.07,2.6,1.24
CA-2017-107629,2017-Q4,Central,Furniture,6,44.39,266.35,391.54,167.8,-292.99
CA-2017-107629,2017-Q4,Central,Furniture,3,18.78,56.33,58.16,24.93,-26.76
CA-2017-107629,2017-Q4,Central,Technology,3,13.09,39.26,30.92,13.25,-4.91
CA-2017-107629,2017-Q4,Central,Office Supplies,6,15.87,95.23,49.16,21.07,25.0
CA-2016-134789,2016-Q2,South,Office Supplies,6,5.0,30.0,10.92,4.68,14.4
CA-2016-134789,2016-Q2,South,Office Supplies,4,6.48,25.92,9.25,3.97,12.7
CA-2016-134789,2016-Q2,South,Furniture,4,39.98,159.92,89.56,38.38,31.98
CA-2016-130442,2016-Q4,South,Office Supplies,3,11.65,34.94,22.32,9.56,3.06
CA-2017-102974,2017-Q3,West,Technology,5,29.99,149.95,82.92,35.54,31.49
CA-2017-102974,2017-Q3,West,Office Supplies,2,11.66,23.32,12.08,5.18,6.06
CA-2017-102974,2017-Q3,West,Office Supplies,3,5.58,16.74,8.32,3.57,4.85
US-2017-166394,2017-Q3,East,Office Supplies,6,2.47,14.82,5.5,2.35,6.97
CA-2016-128811,2016-Q3,West,Office Supplies,3,3.49,10.47,3.96,1.69,4.82
CA-2016-128811,2016-Q3,West,Office Supplies,3,3.69,11.07,4.11,1.76,5.2
CA-2016-128811,2016-Q3,West,Office Supplies,4,5.18,20.7,9.06,3.88,7.76
CA-2017-145443,2017-Q3,Central,Office Supplies,5,35.44,177.2,65.74,28.18,83.28
CA-2016-165827,2016-Q4,South,Furniture,6,8.42,50.5,29.6,12.69,8.21
CA-2015-156734,2015-Q2,South,Office Supplies,3,2.04,6.13,7.43,3.19,-4.49
CA-2015-156734,2015-Q2,South,Furniture,4,160.78,643.14,410.81,176.06,56.27
CA-2015-156734,2015-Q2,South,Office Supplies,4,5.18,20.74,9.44,4.04,7.26
CA-2014-120096,2014-Q3,West,Office Supplies,4,44.38,177.54,80.78,34.62,62.14
CA-2014-120096,2014-Q3,West,Office Supplies,2,16.22,32.43,20.43,8.76,3.24
CA-2015-141754,2015-Q4,South,Office Supplies,2,5.85,11.7,5.42,2.33,3.95
CA-2016-123358,2016-Q2,West,Office Supplies,3,37.92,113.76,48.57,20.82,44.37
CA-2016-123358,2016-Q2,West,Office Supplies,3,193.17,579.51,348.87,149.51,81.13
CA-2016-123358,2016-Q2,West,Office Supplies,9,16.74,150.66,101.24,43.39,6.03
CA-2016-123358,2016-Q2,West,Office Supplies,4,12.01,48.03,22.69,9.73,15.61
CA-2014-144029,2014-Q2,Central,Office Supplies,3,34.21,102.62,66.44,28.48,7.7
CA-2014-144029,2014-Q2,Central,Furniture,2,179.88,359.77,255.44,109.47,-5.14
CA-2014-144029,2014-Q2,Central,Office Supplies,3,4.46,13.39,7.15,3.06,3.18
US-2017-101784,2017-Q3,West,Furniture,3,40.71,122.14,95.12,40.76,-13.74
CA-2015-156923,2015-Q1,East,Office Supplies,6,5.98,35.88,13.81,5.92,16.15
CA-2017-111269,2017-Q2,East,Technology,6,79.99,479.95,260.37,111.59,107.99
CA-2017-111269,2017-Q2,East,Office Supplies,5,4.78,23.92,15.49,6.64,1.79
CA-2017-159156,2017-Q4,East,Technology,5,125.99,629.95,326.31,139.85,163.79
CA-2017-100230,2017-Q4,East,Office Supplies,1,14.95,14.95,6.93,2.97,5.05
CA-2017-100230,2017-Q4,East,Office Supplies,3,5.98,17.94,6.91,2.96,8.07
CA-2017-100230,2017-Q4,East,Technology,2,58.49,116.98,61.42,26.32,29.24
CA-2016-154767,2016-Q2,East,Furniture,2,60.98,121.96,70.86,30.37,20.73
CA-2016-154767,2016-Q2,East,Office Supplies,2,4.37,8.74,4.53,1.94,2.27
CA-2016-154767,2016-Q2,East,Office Supplies,2,30.98,61.96,23.86,10.22,27.88
CA-2016-154767,2016-Q2,East,Office Supplies,2,3.98,7.96,2.95,1.27,3.74
CA-2016-154767,2016-Q2,East,Office Supplies,4,68.81,275.24,107.89,46.24,121.11
CA-2017-124205,2017-Q3,East,Furniture,5,9.48,47.4,19.91,8.53,18.96
CA-2017-124205,2017-Q3,East,Furniture,4,128.24,512.96,258.53,110.8,143.63
CA-2017-124205,2017-Q3,East,Technology,6,65.99,395.94,205.1,87.9,102.94
CA-2017-124205,2017-Q3,East,Office Supplies,2,40.98,81.96,57.37,24.59,0.0
CA-2017-165715,2017-Q4,South,Office Supplies,1,32.78,32.78,21.22,9.1,2.46
CA-2017-100636,2017-Q2,East,Office Supplies,3,90.98,272.94,191.06,81.88,0.0
CA-2016-162943,2016-Q3,East,Furniture,2,126.88,253.76,155.92,66.82,31.02
CA-2016-144764,2016-Q3,Central,Office Supplies,5,5.85,29.24,13.56,5.81,9.87
CA-2016-144764,2016-Q3,Central,Office Supplies,2,17.58,35.17,30.46,13.06,-8.35
CA-2016-144764,2016-Q3,Central,Technology,3,454.3,1362.9,967.66,414.71,-19.47
CA-2017-100615,2017-Q2,Central,Furniture,3,105.69,317.06,234.63,100.55,-18.12
CA-2017-100615,2017-Q2,Central,Office Supplies,2,7.88,15.76,8.55,3.66,3.55
CA-2017-100615,2017-Q2,Central,Furniture,5,2.91,14.56,14.52,6.23,-6.19
CA-2014-109302,2014-Q3,East,Office Supplies,7,28.03,196.21,68.68,29.43,98.1
CA-2017-139787,2017-Q3,South,Office Supplies,5,7.08,35.4,15.36,6.59,13.45
CA-2017-139402,2017-Q4,West,Office Supplies,5,83.88,419.4,190.83,81.78,146.79
CA-2017-139402,2017-Q4,West,Office Supplies,3,4.33,13.0,16.08,6.89,-9.97
CA-2016-119018,2016-Q4,West,Office Supplies,2,3.86,7.71,3.44,1.47,2.8
CA-2016-119018,2016-Q4,West,Office Supplies,1,4.18,4.18,2.02,0.86,1.3
CA-2016-119018,2016-Q4,West,Office Supplies,6,6.48,38.88,14.15,6.07,18.66
CA-2015-105361,2015-Q1,East,Office Supplies,4,4.41,17.64,6.67,2.86,8.11
US-2016-152373,2016-Q3,Central,Office Supplies,3,31.15,93.46,77.69,33.29,-17.52
US-2017-166037,2017-Q1,East,Technology,9,49.99,449.91,204.71,87.73,157.47
US-2016-147711,2016-Q3,East,Furniture,3,114.98,344.94,219.73,94.17,31.04
US-2016-147711,2016-Q3,East,Furniture,2,7.38,14.76,7.34,3.14,4.28
US-2016-147711,2016-Q3,East,Office Supplies,2,6.38,12.76,4.82,2.07,5.87
US-2016-147711,2016-Q3,East,Office Supplies,8,7.31,58.48,21.69,9.3,27.49
CA-2017-121293,2017-Q3,East,Furniture,4,5.03,20.1,11.96,5.13,3.01
CA-2017-121293,2017-Q3,East,Office Supplies,3,12.58,37.75,23.45,10.05,4.25
CA-2017-121293,2017-Q3,East,Furniture,1,138.59,138.59,121.27,51.97,-34.65
CA-2017-121293,2017-Q3,East,Office Supplies,5,51.98,259.92,200.14,85.77,-25.99
CA-2017-121293,2017-Q3,East,Office Supplies,4,5.18,20.74,9.44,4.04,7.26
CA-2015-118843,2015-Q3,South,Furniture,3,43.31,129.93,81.86,35.08,12.99
CA-2015-118843,2015-Q3,South,Office Supplies,7,9.99,69.93,26.92,11.54,31.47
CA-2015-161445,2015-Q3,South,Office Supplies,4,35.18,140.74,89.9,38.53,12.31
CA-2016-124527,2016-Q4,West,Office Supplies,5,1.66,8.32,3.86,1.65,2.81
CA-2016-162348,2016-Q4,West,Furniture,1,9.98,9.98,5.03,2.16,2.79
CA-2014-141005,2014-Q3,East,Office Supplies,3,20.98,62.94,22.91,9.82,30.21
CA-2015-145394,2015-Q4,Central,Office Supplies,2,10.74,21.49,13.92,5.96,1.61
CA-2015-145394,2015-Q4,Central,Technology,3,79.99,239.98,149.09,63.89,27.0
CA-2015-145394,2015-Q4,Central,Furniture,2,17.25,34.5,35.02,15.01,-15.53
CA-2015-168809,2015-Q3,Central,Furniture,2,10.05,20.1,25.68,11.01,-16.59
CA-2015-168809,2015-Q3,Central,Office Supplies,1,3.8,3.8,6.92,2.96,-6.08
CA-2015-168809,2015-Q3,Central,Furniture,5,1.58,7.88,8.27,3.55,-3.94
CA-2016-109827,2016-Q4,West,Furniture,1,35.44,35.44,41.68,17.86,-24.1
CA-2016-109827,2016-Q4,West,Technology,2,134.99,269.97,459.85,197.08,-386.96
CA-2016-109827,2016-Q4,West,Technology,3,15.04,45.12,37.11,15.91,-7.9
CA-2016-109827,2016-Q4,West,Technology,2,50.4,100.8,55.57,23.81,21.42
CA-2016-109827,2016-Q4,West,Furniture,2,23.98,47.97,30.64,13.13,4.2
CA-2014-152233,2014-Q4,West,Technology,2,49.99,99.98,45.49,19.5,34.99
CA-2014-125682,2014-Q4,South,Office Supplies,2,4.98,9.96,3.56,1.52,4.88
CA-2017-162880,2017-Q4,West,Office Supplies,1,3.86,3.86,1.72,0.74,1.4
CA-2015-128125,2015-Q1,Central,Office Supplies,3,32.79,98.38,43.9,18.82,35.66
CA-2015-128125,2015-Q1,Central,Furniture,3,7.46,22.38,21.15,9.06,-7.83
CA-2017-156237,2017-Q3,East,Office Supplies,2,1.94,3.88,4.53,1.94,-2.59
CA-2017-156237,2017-Q3,East,Technology,1,12.58,12.58,21.43,9.19,-18.04
CA-2017-156237,2017-Q3,East,Furniture,2,56.68,113.37,99.76,42.76,-29.15
CA-2017-156237,2017-Q3,East,Office Supplies,4,4.58,18.31,21.36,9.16,-12.21
CA-2017-156237,2017-Q3,East,Furniture,8,15.99,127.94,86.2,36.94,4.8
CA-2017-156237,2017-Q3,East,Technology,2,120.58,241.17,286.99,123.0,-168.82
CA-2014-144414,2014-Q2,West,Furniture,3,2.08,6.24,2.53,1.09,2.62
CA-2014-144414,2014-Q2,West,Office Supplies,5,3.58,17.9,6.26,2.69,8.95
CA-2014-144414,2014-Q2,West,Office Supplies,3,1088.79,3266.38,1543.37,661.44,1061.57
CA-2017-163860,2017-Q4,Central,Office Supplies,5,0.34,1.68,3.06,1.31,-2.69
CA-2017-163860,2017-Q4,Central,Furniture,3,2.66,7.97,7.25,3.11,-2.39
CA-2017-163860,2017-Q4,Central,Furniture,2,56.68,113.37,81.63,34.98,-3.24
CA-2017-163860,2017-Q4,Central,Furniture,2,1.48,2.96,3.06,1.31,-1.41
US-2017-115609,2017-Q4,West,Office Supplies,5,33.62,168.1,87.07,37.32,43.71
CA-2015-154291,2015-Q3,South,Office Supplies,9,10.94,98.46,34.46,14.77,49.23
CA-2015-154291,2015-Q3,South,Furniture,2,179.29,358.58,223.4,95.74,39.44
CA-2016-118689,2016-Q4,Central,Office Supplies,2,16.24,32.48,19.33,8.28,4.87
CA-2016-118689,2016-Q4,Central,Technology,5,3499.99,17499.95,6369.98,2729.99,8399.98
CA-2016-118689,2016-Q4,Central,Office Supplies,2,367.99,735.98,283.35,121.44,331.19
CA-2016-118689,2016-Q4,Central,Office Supplies,7,4.91,34.37,12.27,5.26,16.84
CA-2016-118689,2016-Q4,Central,Office Supplies,2,16.98,33.96,17.12,7.33,9.51
CA-2016-140438,2016-Q4,East,Technology,3,65.99,197.97,101.16,43.36,53.45
US-2017-123204,2017-Q3,East,Office Supplies,4,4.37,17.48,9.06,3.88,4.54
CA-2015-112522,2015-Q4,Central,Office Supplies,3,2.67,8.02,4.91,2.11,1.0
CA-2016-153101,2016-Q3,West,Furniture,1,146.04,146.04,111.17,47.65,-12.78
CA-2016-142615,2016-Q4,West,Technology,2,13.94,27.88,16.79,7.19,3.9
CA-2017-142643,2017-Q4,West,Office Supplies,5,30.53,152.65,57.7,24.73,70.22
CA-2017-142643,2017-Q4,West,Furniture,1,22.72,22.72,9.38,4.02,9.32
CA-2015-116260,2015-Q3,East,Office Supplies,4,2.78,11.12,5.76,2.47,2.89
CA-2017-107517,2017-Q1,West,Office Supplies,5,328.14,1640.7,826.91,354.39,459.4
CA-2017-107517,2017-Q1,West,Technology,5,74.24,371.2,230.61,98.83,41.76
CA-2015-166338,2015-Q4,East,Office Supplies,3,4.94,14.83,17.65,7.56,-10.38
CA-2016-123946,2016-Q3,South,Technology,3,6.9,20.7,13.33,5.71,1.66
CA-2016-123946,2016-Q3,South,Office Supplies,3,3.78,11.34,4.28,1.84,5.22
CA-2016-123946,2016-Q3,South,Office Supplies,5,13.58,67.9,47.05,20.17,0.68
CA-2016-123946,2016-Q3,South,Furniture,4,264.78,1059.12,526.39,225.59,307.14
CA-2014-147543,2014-Q3,West,Furniture,2,239.24,478.48,301.44,129.19,47.85
US-2016-159093,2016-Q2,West,Office Supplies,4,8.01,32.04,12.33,5.29,14.42
CA-2016-162110,2016-Q3,West,Technology,1,55.99,55.99,36.74,15.75,3.5
US-2016-163461,2016-Q2,Central,Office Supplies,2,38.43,76.86,34.97,14.99,26.9
CA-2014-101462,2014-Q2,West,Furniture,4,14.98,59.92,22.65,9.71,27.56
US-2016-100461,2016-Q1,Central,Furniture,6,260.98,1565.88,811.12,347.63,407.13
US-2016-100461,2016-Q1,Central,Office Supplies,7,15.15,106.05,39.35,16.86,49.84
US-2017-162670,2017-Q4,South,Office Supplies,4,15.51,62.04,31.27,13.4,17.37
US-2017-162670,2017-Q4,South,Technology,3,164.99,494.97,242.54,103.94,148.49
US-2017-162670,2017-Q4,South,Office Supplies,4,91.99,367.96,247.27,105.97,14.72
US-2017-162670,2017-Q4,South,Office Supplies,2,22.48,44.96,17.0,7.28,20.68
US-2017-162670,2017-Q4,South,Office Supplies,3,60.98,182.94,67.87,29.09,85.98
CA-2017-128965,2017-Q2,West,Office Supplies,3,9.38,28.14,10.24,4.39,13.51
CA-2017-128965,2017-Q2,West,Office Supplies,2,3.69,7.38,2.74,1.17,3.47
CA-2017-128965,2017-Q2,West,Office Supplies,5,2.18,10.9,5.11,2.19,3.6
CA-2017-128965,2017-Q2,West,Technology,11,24.99,274.89,159.71,68.45,46.73
CA-2017-128965,2017-Q2,West,Office Supplies,8,2.88,23.04,8.22,3.53,11.29
CA-2017-128965,2017-Q2,West,Furniture,3,72.78,218.35,166.22,71.24,-19.11
CA-2017-138618,2017-Q4,Central,Office Supplies,2,5.18,10.37,4.72,2.02,3.63
US-2016-126452,2016-Q3,West,Office Supplies,2,6.34,12.67,5.54,2.38,4.75
US-2016-126452,2016-Q3,West,Technology,5,18.39,91.96,78.85,33.8,-20.69
US-2016-126452,2016-Q3,West,Technology,3,84.99,254.97,114.23,48.95,91.79
US-2016-126452,2016-Q3,West,Technology,2,15.99,31.98,27.99,11.99,-8.0
US-2016-126452,2016-Q3,West,Furniture,9,320.78,2887.06,1894.63,811.99,180.44
US-2016-126452,2016-Q3,West,Office Supplies,2,6.48,12.96,4.72,2.02,6.22
US-2016-126452,2016-Q3,West,Office Supplies,9,5.28,47.52,18.3,7.84,21.38
CA-2016-145009,2016-Q4,Central,Office Supplies,3,3.98,11.95,5.65,2.42,3.88
CA-2015-162544,2015-Q4,West,Office Supplies,1,4.98,4.98,1.85,0.79,2.34
CA-2014-124394,2014-Q4,Central,Office Supplies,5,2.16,10.78,19.62,8.41,-17.25
CA-2014-124394,2014-Q4,Central,Technology,3,39.99,119.98,96.59,41.39,-18.0
US-2016-121013,2016-Q3,South,Office Supplies,2,12.53,25.06,9.3,3.98,11.78
US-2016-121013,2016-Q3,South,Furniture,3,550.98,1652.94,937.22,401.66,314.06
US-2015-123918,2015-Q4,Central,Furniture,6,21.9,131.38,158.64,67.99,-95.25
US-2015-123918,2015-Q4,Central,Office Supplies,1,5.34,5.34,2.43,1.04,1.87
CA-2015-137113,2015-Q4,West,Furniture,5,400.78,2003.92,1315.08,563.6,125.24
CA-2015-137113,2015-Q4,West,Office Supplies,5,6.48,32.4,11.79,5.06,15.55
CA-2015-137113,2015-Q4,West,Furniture,9,212.6,1913.4,1058.11,453.48,401.81
CA-2015-137113,2015-Q4,West,Office Supplies,3,48.91,146.73,100.66,43.14,2.93
CA-2015-137113,2015-Q4,West,Office Supplies,5,22.84,114.2,43.17,18.5,52.53
CA-2015-120677,2015-Q2,Central,Furniture,8,320.98,2567.84,1258.24,539.25,770.35
CA-2017-123036,2017-Q3,East,Technology,4,9.26,37.06,19.78,8.48,8.8
CA-2017-123036,2017-Q3,East,Technology,2,129.95,259.9,221.35,94.86,-56.31
CA-2017-120222,2017-Q2,West,Office Supplies,3,6.35,19.05,7.2,3.09,8.76
CA-2017-120222,2017-Q2,West,Office Supplies,3,24.45,73.34,32.09,13.75,27.5
CA-2017-164756,2017-Q3,South,Technology,8,11.96,95.68,48.22,20.67,26.79
CA-2017-164756,2017-Q3,South,Office Supplies,7,7.28,50.96,18.55,7.95,24.46
CA-2017-164756,2017-Q3,South,Office Supplies,3,37.98,113.94,55.83,23.93,34.18
CA-2017-164756,2017-Q3,South,Office Supplies,4,6.48,25.92,9.44,4.04,12.44
CA-2017-164756,2017-Q3,South,Furniture,4,5.08,20.32,9.39,4.02,6.91
CA-2017-164756,2017-Q3,South,Technology,2,205.99,411.98,204.76,87.75,119.47
CA-2017-164756,2017-Q3,South,Office Supplies,2,17.24,34.48,17.14,7.34,10.0
CA-2017-164756,2017-Q3,South,Office Supplies,5,48.91,244.55,90.73,38.88,114.94
CA-2017-122028,2017-Q3,East,Office Supplies,3,3.59,10.78,13.08,5.61,-7.91
US-2015-165512,2015-Q2,Central,Furniture,7,86.09,602.65,536.36,229.87,-163.58
US-2015-165512,2015-Q2,Central,Office Supplies,6,1.28,7.66,14.48,6.2,-13.02
CA-2015-140557,2015-Q3,East,Technology,7,79.99,559.93,274.36,117.59,167.98
US-2017-135013,2017-Q3,West,Technology,5,479.99,2399.96,1091.98,467.99,839.99
CA-2017-111220,2017-Q3,Central,Office Supplies,4,4.0,16.0,7.28,3.12,5.6
CA-2017-111220,2017-Q3,Central,Office Supplies,2,2.8,5.59,14.48,6.2,-15.09
CA-2017-111220,2017-Q3,Central,Office Supplies,5,47.18,235.92,196.11,84.05,-44.24
US-2017-149006,2017-Q4,West,Office Supplies,1,10.68,10.68,5.46,2.34,2.88
CA-2017-149468,2017-Q2,Central,Office Supplies,2,20.64,41.28,15.03,6.44,19.81
CA-2016-140249,2016-Q3,West,Technology,2,500.79,1001.58,613.47,262.91,125.2
US-2017-135503,2017-Q4,South,Furniture,2,7.38,14.76,7.34,3.14,4.28
CA-2014-126277,2014-Q3,East,Office Supplies,3,0.83,2.5,3.15,1.35,-2.0
US-2017-115301,2017-Q3,West,Furniture,2,57.98,115.96,63.31,27.14,25.51
CA-2017-168942,2017-Q3,West,Office Supplies,3,62.18,186.54,95.32,40.85,50.37
US-2017-128398,2017-Q2,West,Technology,4,39.89,159.56,70.36,30.16,59.04
CA-2015-104115,2015-Q2,South,Technology,2,27.99,55.98,36.25,15.53,4.2
CA-2014-142510,2014-Q4,Central,Office Supplies,1,132.16,132.16,85.57,36.68,9.91
CA-2014-142510,2014-Q4,Central,Office Supplies,6,2.98,17.9,34.46,14.77,-31.33
CA-2014-142510,2014-Q4,Central,Office Supplies,4,31.01,124.03,55.35,23.72,44.96
CA-2014-124247,2014-Q4,West,Furniture,5,280.78,1403.92,933.6,400.12,70.2
CA-2016-105473,2016-Q2,West,Office Supplies,3,9.6,28.8,19.56,8.38,0.86
CA-2015-102806,2015-Q2,East,Office Supplies,2,12.3,24.59,29.83,12.79,-18.03
CA-2017-121706,2017-Q1,West,Office Supplies,7,50.97,356.79,179.82,77.07,99.9
CA-2017-109211,2017-Q2,East,Office Supplies,1,16.98,16.98,5.94,2.55,8.49
CA-2015-134257,2015-Q1,South,Office Supplies,5,98.31,491.55,175.48,75.21,240.86
CA-2015-134257,2015-Q1,South,Office Supplies,2,3.69,7.38,2.79,1.2,3.39
CA-2015-137925,2015-Q4,East,Office Supplies,7,3.38,23.66,8.95,3.83,10.88
CA-2015-137925,2015-Q4,East,Furniture,12,56.78,681.41,447.17,191.65,42.59
CA-2016-140046,2016-Q3,West,Office Supplies,3,6.3,18.9,7.15,3.06,8.69
CA-2016-140382,2016-Q2,West,Office Supplies,4,23.42,93.68,47.87,20.52,25.29
CA-2016-140382,2016-Q2,West,Office Supplies,3,7.31,21.93,8.13,3.49,10.31
CA-2016-140382,2016-Q2,West,Technology,7,123.19,862.34,535.73,229.6,97.01
CA-2016-140382,2016-Q2,West,Office Supplies,1,19.98,19.98,7.41,3.18,9.39
CA-2014-164182,2014-Q3,East,Technology,1,13.49,13.49,11.02,4.72,-2.25
CA-2014-164182,2014-Q3,East,Technology,2,12.0,23.99,26.59,11.39,-13.99
CA-2014-164182,2014-Q3,East,Furniture,2,15.99,31.98,21.55,9.23,1.2
CA-2014-164182,2014-Q3,East,Office Supplies,2,20.79,41.58,25.83,11.07,4.68
CA-2017-137365,2017-Q4,Central,Technology,3,31.99,95.98,74.75,32.03,-10.8
CA-2016-129847,2016-Q3,Central,Furniture,2,42.14,84.27,112.08,48.03,-75.84
CA-2014-126963,2014-Q2,Central,Office Supplies,2,18.27,36.54,17.26,7.4,11.88
CA-2016-125094,2016-Q4,West,Technology,4,119.93,479.72,298.87,128.08,52.77
CA-2017-107132,2017-Q2,East,Office Supplies,2,51.18,102.37,45.68,19.58,37.11
CA-2017-107132,2017-Q2,East,Office Supplies,5,5.68,28.4,14.11,6.05,8.24
CA-2017-107132,2017-Q2,East,Office Supplies,4,178.47,713.88,349.8,149.92,214.16
CA-2017-107132,2017-Q2,East,Office Supplies,3,22.84,68.52,25.9,11.1,31.52
CA-2015-139248,2015-Q3,West,Technology,5,124.79,623.96,409.47,175.49,39.0
CA-2014-148369,2014-Q3,East,Office Supplies,4,2.78,11.12,3.97,1.7,5.45
CA-2016-106243,2016-Q3,East,Furniture,5,104.78,523.92,385.08,165.04,-26.2
CA-2015-126466,2015-Q4,West,Office Supplies,2,1.24,2.48,0.92,0.39,1.17
CA-2015-130365,2015-Q2,Central,Office Supplies,2,110.51,221.02,193.4,82.88,-55.26
CA-2015-130365,2015-Q2,Central,Furniture,3,42.69,128.06,106.29,45.55,-23.78
CA-2017-143021,2017-Q4,East,Office Supplies,7,8.34,58.41,28.11,12.05,18.25
CA-2017-143021,2017-Q4,East,Furniture,3,26.66,79.97,76.5,32.79,-29.32
CA-2015-161767,2015-Q4,Central,Technology,2,240.0,479.99,296.79,127.2,56.0
CA-2015-129917,2015-Q4,West,Office Supplies,3,3.94,11.81,5.38,2.3,4.13
CA-2015-129917,2015-Q4,West,Office Supplies,4,13.39,53.57,23.9,10.25,19.42
CA-2015-129917,2015-Q4,West,Technology,5,100.79,503.96,317.49,136.07,50.4
CA-2015-115420,2015-Q2,West,Office Supplies,2,10.67,21.34,8.06,3.46,9.82
CA-2016-157588,2016-Q3,South,Office Supplies,5,7.28,36.4,13.5,5.79,17.11
CA-2016-157588,2016-Q3,South,Furniture,1,51.75,51.75,25.36,10.87,15.52
CA-2015-167255,2015-Q3,West,Office Supplies,1,15.51,15.51,7.82,3.35,4.34
CA-2015-167255,2015-Q3,West,Office Supplies,3,48.94,146.82,51.39,22.02,73.41
CA-2015-167255,2015-Q3,West,Office Supplies,2,6.48,12.96,4.72,2.02,6.22
CA-2017-162096,2017-Q4,West,Office Supplies,3,2.6,7.8,3.98,1.71,2.11
CA-2016-157161,2016-Q3,South,Office Supplies,5,2.04,10.2,3.79,1.62,4.79
CA-2016-157161,2016-Q3,South,Office Supplies,3,7.44,22.32,11.72,5.02,5.58
CA-2016-157161,2016-Q3,South,Office Supplies,5,4.82,24.1,9.11,3.9,11.09
CA-2016-157161,2016-Q3,South,Technology,2,37.99,75.98,40.42,17.32,18.24
CA-2016-157161,2016-Q3,South,Office Supplies,2,3.23,6.46,2.3,0.99,3.17
CA-2016-157161,2016-Q3,South,Office Supplies,9,6.68,60.12,21.88,9.38,28.86
CA-2015-110765,2015-Q4,East,Technology,3,274.99,824.97,427.34,183.14,214.49
CA-2016-163937,2016-Q1,West,Furniture,5,4.97,24.85,12.01,5.14,7.7
CA-2017-153822,2017-Q3,West,Office Supplies,2,6.31,12.62,10.6,4.54,-2.52
CA-2017-153822,2017-Q3,West,Technology,2,44.79,89.58,59.57,25.53,4.48
CA-2017-153822,2017-Q3,West,Technology,2,235.96,471.92,309.69,132.73,29.5
CA-2017-153822,2017-Q3,West,Office Supplies,4,4.54,18.18,22.48,9.64,-13.94
CA-2017-146185,2017-Q3,Central,Office Supplies,2,15.87,31.74,16.39,7.02,8.33
CA-2015-112144,2015-Q2,West,Office Supplies,2,2.95,5.9,2.74,1.17,1.99
CA-2015-112144,2015-Q2,West,Furniture,4,155.44,621.76,402.59,172.54,46.63
US-2016-119298,2016-Q4,South,Technology,2,29.99,59.98,29.39,12.6,17.99
CA-2017-155159,2017-Q4,South,Office Supplies,9,5.43,48.87,17.44,7.48,23.95
CA-2017-149076,2017-Q1,West,Office Supplies,5,30.98,154.9,59.64,25.56,69.7
CA-2014-146990,2014-Q4,East,Office Supplies,4,1.48,5.92,2.16,0.92,2.84
CA-2014-146990,2014-Q4,East,Office Supplies,3,10.06,30.18,11.41,4.89,13.88
CA-2016-116526,2016-Q3,Central,Office Supplies,5,4.82,24.1,9.11,3.9,11.09
CA-2016-116526,2016-Q3,Central,Technology,1,8.78,8.78,4.55,1.95,2.28
CA-2016-116526,2016-Q3,Central,Office Supplies,4,94.18,376.74,213.91,91.67,71.16
CA-2016-116526,2016-Q3,Central,Office Supplies,4,7.38,29.52,10.54,4.52,14.46
CA-2016-116526,2016-Q3,Central,Office Supplies,2,5.98,11.96,6.28,2.69,2.99
CA-2016-116526,2016-Q3,Central,Office Supplies,5,5.28,26.4,9.61,4.12,12.67
CA-2017-158561,2017-Q4,South,Office Supplies,5,231.62,1158.12,719.48,308.35,130.29
CA-2017-165099,2017-Q4,Central,Office Supplies,2,0.7,1.39,3.6,1.55,-3.76
CA-2015-109386,2015-Q4,South,Office Supplies,3,14.81,44.43,18.04,7.73,18.66
CA-2015-109386,2015-Q4,South,Technology,5,45.24,226.2,117.17,50.22,58.81
CA-2015-109386,2015-Q4,South,Furniture,3,62.18,186.54,101.85,43.65,41.04
CA-2015-109386,2015-Q4,South,Office Supplies,7,37.98,265.86,130.27,55.83,79.76
CA-2015-109386,2015-Q4,South,Office Supplies,5,5.58,27.9,14.64,6.28,6.98
CA-2015-166800,2015-Q4,West,Office Supplies,4,7.77,31.08,15.88,6.81,8.39
CA-2017-117443,2017-Q4,Central,Office Supplies,4,3.46,13.84,25.19,10.79,-22.14
CA-2017-117443,2017-Q4,Central,Office Supplies,4,43.97,175.87,78.48,33.64,63.75
US-2016-134369,2016-Q3,West,Office Supplies,2,6.48,12.96,4.63,1.98,6.35
CA-2017-123687,2017-Q2,South,Office Supplies,3,69.48,208.44,102.14,43.77,62.53
CA-2017-123687,2017-Q2,South,Office Supplies,2,12.88,25.76,17.49,7.5,0.77
CA-2015-104871,2015-Q1,Central,Furniture,4,91.68,366.74,333.73,143.03,-110.02
CA-2014-133158,2014-Q3,West,Furniture,7,41.32,289.24,184.25,78.96,26.03
CA-2014-133158,2014-Q3,West,Office Supplies,2,34.73,69.46,32.82,14.07,22.57
CA-2014-126333,2014-Q4,Central,Office Supplies,1,5.18,5.18,2.36,1.01,1.81
CA-2015-141740,2015-Q4,East,Furniture,2,102.58,205.16,134.04,57.44,13.68
CA-2014-119466,2014-Q4,Central,Furniture,2,4.27,8.54,11.21,4.81,-7.48
CA-2015-154823,2015-Q3,East,Office Supplies,2,6.42,12.83,15.27,6.54,-8.98
CA-2015-154823,2015-Q3,East,Furniture,3,199.49,598.46,448.85,192.36,-42.75
CA-2015-154823,2015-Q3,East,Furniture,1,25.98,25.98,20.92,8.96,-3.9
US-2014-135881,2014-Q2,East,Office Supplies,5,3.59,17.96,8.48,3.64,5.84
US-2014-135881,2014-Q2,East,Office Supplies,2,2.52,5.04,3.42,1.47,0.15
US-2014-135881,2014-Q2,East,Office Supplies,1,208.16,208.16,106.37,45.59,56.2
CA-2017-141201,2017-Q4,West,Furniture,3,49.42,148.26,92.79,39.77,15.7
CA-2014-114790,2014-Q1,South,Office Supplies,3,48.92,146.76,76.02,32.58,38.16
CA-2014-114790,2014-Q1,South,Technology,2,16.48,32.96,13.15,5.64,14.17
CA-2014-114790,2014-Q1,South,Technology,3,195.99,587.97,296.34,127.0,164.63
CA-2014-114790,2014-Q1,South,Office Supplies,3,4.98,14.94,5.54,2.38,7.02
US-2016-154256,2016-Q2,East,Office Supplies,7,3.69,25.83,9.58,4.11,12.14
CA-2014-124737,2014-Q3,West,Office Supplies,3,5.18,15.55,7.08,3.03,5.44
CA-2014-124737,2014-Q3,West,Office Supplies,1,6.8,6.8,4.4,1.89,0.51
CA-2014-124737,2014-Q3,West,Furniture,3,1.41,4.22,2.06,0.89,1.27
CA-2014-124737,2014-Q3,West,Technology,9,15.96,143.64,93.01,39.86,10.77
CA-2014-124737,2014-Q3,West,Office Supplies,6,5.18,31.1,14.15,6.06,10.89
CA-2014-124737,2014-Q3,West,Office Supplies,9,24.78,223.06,107.35,46.01,69.7
US-2017-101840,2017-Q1,East,Technology,6,37.91,227.46,113.05,48.45,65.96
US-2017-101840,2017-Q1,East,Office Supplies,4,11.56,46.24,21.44,9.19,15.61
CA-2017-131653,2017-Q1,East,Office Supplies,2,2.61,5.22,1.97,0.85,2.4
US-2016-157840,2016-Q4,Central,Office Supplies,5,6.78,33.9,12.82,5.49,15.59
CA-2016-145548,2016-Q4,East,Office Supplies,3,9.38,28.14,14.18,6.08,7.88
CA-2016-145548,2016-Q4,East,Technology,2,18.0,36.0,20.66,8.86,6.48
CA-2016-145548,2016-Q4,East,Office Supplies,3,30.98,92.94,47.49,20.36,25.09
CA-2016-145548,2016-Q4,East,Furniture,3,81.88,245.65,166.22,71.24,8.19
CA-2016-145548,2016-Q4,East,Office Supplies,3,18.34,55.01,26.47,11.35,17.19
CA-2016-145548,2016-Q4,East,Office Supplies,3,11.74,35.23,16.65,7.13,11.45
CA-2017-119494,2017-Q4,West,Furniture,3,174.46,523.39,329.73,141.32,52.34
CA-2014-124618,2014-Q2,South,Technology,2,239.99,479.98,272.99,116.99,90.0
CA-2017-161970,2017-Q3,South,Office Supplies,2,6.48,12.96,4.72,2.02,6.22
CA-2017-161970,2017-Q3,South,Office Supplies,3,5.98,17.94,8.04,3.44,6.46
CA-2017-103443,2017-Q4,East,Office Supplies,2,83.36,166.72,87.53,37.51,41.68
CA-2017-103443,2017-Q4,East,Office Supplies,3,8.27,24.82,11.51,4.93,8.38
CA-2017-103443,2017-Q4,East,Furniture,2,62.18,124.36,67.9,29.1,27.36
US-2017-165358,2017-Q3,East,Technology,5,119.99,599.97,370.98,158.99,70.0
US-2017-165358,2017-Q3,East,Furniture,4,49.68,198.74,149.06,63.88,-14.2
US-2017-165358,2017-Q3,East,Office Supplies,2,4.59,9.18,5.62,2.41,1.15
CA-2016-160136,2016-Q4,Central,Office Supplies,2,4.62,9.25,4.13,1.77,3.35
CA-2014-150581,2014-Q2,West,Furniture,1,99.59,99.59,67.97,29.13,2.49
CA-2014-150581,2014-Q2,West,Technology,4,99.99,399.96,181.98,77.99,139.99
CA-2016-119515,2016-Q3,South,Office Supplies,3,5.18,15.55,7.08,3.03,5.44
CA-2014-141355,2014-Q3,West,Office Supplies,2,7.29,14.58,8.55,3.66,2.37
CA-2016-165330,2016-Q4,West,Office Supplies,5,41.92,209.6,99.04,42.44,68.12
CA-2016-165330,2016-Q4,West,Office Supplies,2,11.66,23.32,12.08,5.18,6.06
CA-2016-165330,2016-Q4,West,Office Supplies,1,30.98,30.98,11.93,5.11,13.94
CA-2016-165330,2016-Q4,West,Technology,4,29.99,119.96,66.34,28.43,25.19
CA-2016-165330,2016-Q4,West,Furniture,5,72.78,363.92,277.03,118.73,-31.84
CA-2016-165330,2016-Q4,West,Office Supplies,3,11.94,35.81,17.23,7.39,11.19
CA-2016-165330,2016-Q4,West,Office Supplies,9,13.63,122.69,57.97,24.85,39.87
CA-2016-165330,2016-Q4,West,Furniture,7,127.45,892.14,546.43,234.19,111.52
CA-2016-165330,2016-Q4,West,Office Supplies,3,16.74,50.22,33.75,14.46,2.01
CA-2016-165330,2016-Q4,West,Office Supplies,2,41.71,83.42,41.46,17.77,24.19
CA-2016-165330,2016-Q4,West,Office Supplies,2,2.94,5.87,2.62,1.12,2.13
CA-2015-132633,2015-Q1,West,Office Supplies,3,4.05,12.14,5.63,2.41,4.1
CA-2016-157742,2016-Q4,West,Office Supplies,3,9.26,27.79,12.16,5.21,10.42
CA-2017-127712,2017-Q3,West,Office Supplies,2,3.1,6.21,3.86,1.65,0.7
CA-2017-169474,2017-Q1,East,Office Supplies,3,10.89,32.67,16.93,7.25,8.49
CA-2014-106726,2014-Q4,West,Office Supplies,7,180.19,1261.33,653.37,280.01,327.95
CA-2016-147473,2016-Q2,West,Office Supplies,6,6.48,38.88,14.15,6.07,18.66
CA-2016-114209,2016-Q2,Central,Office Supplies,2,0.98,1.96,3.64,1.56,-3.24
CA-2016-114209,2016-Q2,Central,Office Supplies,9,9.18,82.66,36.16,15.5,31.0
CA-2014-141901,2014-Q3,West,Office Supplies,1,5.98,5.98,2.3,0.99,2.69
CA-2016-164490,2016-Q3,Central,Office Supplies,2,4.62,9.25,4.13,1.77,3.35
CA-2016-112256,2016-Q3,Central,Office Supplies,2,2.22,4.45,2.88,1.24,0.33
CA-2016-112256,2016-Q3,Central,Office Supplies,1,5.18,5.18,2.36,1.01,1.81
CA-2016-112256,2016-Q3,Central,Office Supplies,5,35.18,175.92,112.37,48.16,15.39
CA-2016-112256,2016-Q3,Central,Office Supplies,4,1.19,4.75,9.15,3.92,-8.32
CA-2016-112256,2016-Q3,Central,Office Supplies,2,6.67,13.34,8.64,3.7,1.0
CA-2016-167416,2016-Q2,West,Office Supplies,5,10.98,54.9,19.6,8.4,26.9
CA-2016-106950,2016-Q3,South,Office Supplies,7,3.27,22.91,28.34,12.14,-17.57
CA-2016-106950,2016-Q3,South,Office Supplies,9,34.38,309.46,192.25,82.4,34.81
CA-2016-106950,2016-Q3,South,Office Supplies,4,4.86,19.46,11.24,4.82,3.4
CA-2016-106950,2016-Q3,South,Furniture,3,157.51,472.52,435.5,186.65,-149.63
CA-2016-106950,2016-Q3,South,Technology,3,337.56,1012.68,496.22,212.66,303.8
CA-2016-106950,2016-Q3,South,Office Supplies,5,3.44,17.22,20.89,8.96,-12.63
CA-2017-118724,2017-Q3,West,Office Supplies,2,1.76,3.52,1.28,0.55,1.69
CA-2017-118724,2017-Q3,West,Technology,9,180.69,1626.19,1052.96,451.27,121.96
CA-2017-112004,2017-Q3,East,Office Supplies,5,1.72,8.6,10.43,4.47,-6.3
CA-2017-112004,2017-Q3,East,Office Supplies,2,95.45,190.9,163.69,70.16,-42.95
US-2017-143175,2017-Q3,West,Office Supplies,3,33.29,99.87,53.13,22.77,23.97
CA-2015-105844,2015-Q4,West,Office Supplies,4,19.84,79.36,38.88,16.67,23.81
CA-2017-118864,2017-Q2,West,Technology,1,119.96,119.96,78.72,33.74,7.5
CA-2015-119480,2015-Q1,South,Office Supplies,3,35.44,106.32,39.44,16.91,49.97
CA-2015-119480,2015-Q1,South,Office Supplies,3,54.48,163.44,82.38,35.3,45.76
CA-2015-119480,2015-Q1,South,Office Supplies,2,21.38,42.76,22.15,9.49,11.12
CA-2015-119480,2015-Q1,South,Office Supplies,5,10.31,51.55,19.12,8.2,24.23
US-2015-153374,2015-Q1,Central,Technology,6,79.99,479.95,272.97,116.99,89.99
CA-2016-101980,2016-Q3,East,Office Supplies,6,24.45,146.69,64.18,27.5,55.01
CA-2016-101980,2016-Q3,East,Office Supplies,2,138.39,276.78,130.78,56.05,89.95
CA-2016-101980,2016-Q3,East,Office Supplies,5,5.06,25.32,11.3,4.84,9.18
CA-2017-144596,2017-Q4,East,Office Supplies,9,35.44,318.96,118.33,50.72,149.91
CA-2015-124933,2015-Q4,East,Office Supplies,6,35.44,212.64,78.89,33.81,99.94
CA-2014-159625,2014-Q4,West,Office Supplies,3,7.82,23.47,10.27,4.4,8.8
CA-2016-144337,2016-Q3,Central,Office Supplies,2,9.82,19.65,9.11,3.91,6.63
CA-2014-117478,2014-Q3,East,Office Supplies,3,2.19,6.57,8.13,3.48,-5.04
CA-2017-147410,2017-Q3,West,Office Supplies,2,210.55,421.1,221.07,94.75,105.28
CA-2017-128944,2017-Q2,East,Furniture,6,126.69,760.12,562.49,241.07,-43.44
CA-2017-128944,2017-Q2,East,Furniture,3,12.93,38.78,22.06,9.45,7.27
CA-2017-128944,2017-Q2,East,Technology,9,13.59,122.33,84.56,36.24,1.53
CA-2016-109666,2016-Q2,East,Technology,2,12.99,25.98,17.64,7.56,0.78
CA-2016-109666,2016-Q2,East,Office Supplies,2,1.64,3.28,1.26,0.54,1.48
CA-2016-109666,2016-Q2,East,Office Supplies,4,114.97,459.88,312.26,133.82,13.8
CA-2016-109666,2016-Q2,East,Office Supplies,2,3.88,7.76,3.86,1.65,2.25
CA-2016-109666,2016-Q2,East,Office Supplies,2,35.98,71.96,37.78,16.19,17.99
CA-2016-109666,2016-Q2,East,Office Supplies,5,10.98,54.9,27.67,11.86,15.37
CA-2016-109666,2016-Q2,East,Office Supplies,2,4.64,9.28,4.22,1.81,3.25
US-2016-102239,2016-Q2,West,Furniture,6,280.98,1685.88,955.89,409.67,320.32
US-2016-102239,2016-Q2,West,Office Supplies,2,2.86,5.73,2.61,1.12,2.0
CA-2014-143168,2014-Q4,West,Office Supplies,2,30.98,61.96,23.86,10.22,27.88
CA-2014-143168,2014-Q4,West,Office Supplies,1,1.34,1.34,0.61,0.26,0.47
CA-2017-104906,2017-Q1,East,Office Supplies,3,5.98,17.94,6.41,2.74,8.79
CA-2017-118122,2017-Q4,West,Office Supplies,2,6.95,13.9,6.57,2.81,4.52
US-2014-147774,2014-Q1,South,Office Supplies,1,67.19,67.19,83.1,35.61,-51.52
CA-2017-166926,2017-Q4,West,Office Supplies,7,5.98,41.86,16.11,6.91,18.84
CA-2017-166926,2017-Q4,West,Furniture,2,70.98,141.96,70.55,30.24,41.17
CA-2015-128013,2015-Q3,East,Furniture,3,3.34,10.02,3.93,1.68,4.41
CA-2015-128013,2015-Q3,East,Office Supplies,3,48.04,144.12,52.46,22.48,69.18
CA-2016-123176,2016-Q3,South,Office Supplies,3,5.98,17.94,6.41,2.74,8.79
CA-2016-123176,2016-Q3,South,Office Supplies,3,4.63,13.89,6.52,2.79,4.58
US-2016-117541,2016-Q4,East,Office Supplies,5,3.29,16.45,6.22,2.66,7.57
US-2016-117541,2016-Q4,East,Furniture,4,4.98,19.92,9.35,4.0,6.57
CA-2016-166282,2016-Q2,South,Technology,4,8.79,35.17,18.77,8.05,8.35
CA-2016-166282,2016-Q2,South,Office Supplies,7,17.58,123.09,58.16,24.93,40.0
CA-2017-141439,2017-Q4,Central,Furniture,3,85.98,257.94,133.62,57.26,67.06
CA-2017-141439,2017-Q4,Central,Technology,4,469.99,1879.96,934.34,400.43,545.19
CA-2017-141439,2017-Q4,Central,Furniture,2,13.73,27.46,12.3,5.27,9.89
CA-2017-141439,2017-Q4,Central,Technology,2,44.99,89.98,32.75,14.04,43.19
CA-2017-141439,2017-Q4,Central,Furniture,3,276.2,828.6,411.82,176.49,240.29
CA-2015-163965,2015-Q4,South,Office Supplies,5,1.45,7.23,9.11,3.9,-5.78
CA-2015-163965,2015-Q4,South,Office Supplies,2,8.72,17.44,11.29,4.84,1.31
CA-2015-163965,2015-Q4,South,Office Supplies,4,15.72,62.88,79.23,33.95,-50.3
CA-2015-163965,2015-Q4,South,Furniture,3,96.78,290.35,228.65,97.99,-36.29
CA-2017-128783,2017-Q3,Central,Technology,4,28.38,113.52,46.89,20.09,46.54
CA-2017-128783,2017-Q3,Central,Furniture,5,27.06,135.3,68.19,29.23,37.88
CA-2014-122217,2014-Q4,South,Furniture,5,22.23,111.15,43.57,18.67,48.91
US-2017-141558,2017-Q1,East,Technology,5,155.37,776.85,670.68,287.43,-181.26
US-2017-141558,2017-Q1,East,Office Supplies,1,12.29,12.29,14.63,6.27,-8.61
US-2017-141558,2017-Q1,East,Furniture,3,51.59,154.76,140.83,60.36,-46.43
US-2017-141558,2017-Q1,East,Office Supplies,1,43.28,43.28,28.02,12.01,3.25
CA-2016-139941,2016-Q2,East,Office Supplies,3,30.98,92.94,35.78,15.34,41.82
CA-2016-139941,2016-Q2,East,Office Supplies,3,17.52,52.56,23.91,10.25,18.4
CA-2015-166583,2015-Q2,Central,Technology,3,323.96,971.88,603.78,258.76,109.34
CA-2017-100412,2017-Q4,South,Furniture,2,70.98,141.96,74.53,31.94,35.49
CA-2017-142909,2017-Q4,West,Furniture,2,91.28,182.55,222.35,95.29,-135.09
CA-2014-137911,2014-Q4,South,Office Supplies,2,44.38,88.77,40.39,17.31,31.07
CA-2015-106208,2015-Q4,Central,Office Supplies,7,7.58,53.09,113.34,48.58,-108.83
US-2015-136749,2015-Q4,South,Furniture,6,45.98,275.88,160.29,68.69,46.9
US-2015-136749,2015-Q4,South,Office Supplies,5,31.58,157.9,58.58,25.11,74.21
CA-2017-126718,2017-Q2,East,Office Supplies,1,4.91,4.91,1.75,0.75,2.41
CA-2016-131380,2016-Q1,West,Office Supplies,4,21.98,87.92,60.93,26.11,0.88
CA-2016-131380,2016-Q1,West,Office Supplies,1,5.98,5.98,2.14,0.91,2.93
CA-2015-145835,2015-Q2,Central,Technology,2,111.19,222.38,143.99,61.71,16.68
CA-2015-145835,2015-Q2,Central,Office Supplies,4,4.0,16.0,7.28,3.12,5.6
CA-2014-138709,2014-Q3,South,Office Supplies,3,7.28,21.84,7.64,3.28,10.92
CA-2014-138709,2014-Q3,South,Office Supplies,5,3.12,15.6,5.57,2.39,7.64
CA-2014-122070,2014-Q2,East,Office Supplies,8,30.98,247.84,88.48,37.92,121.44
CA-2014-122070,2014-Q2,East,Office Supplies,3,3.3,9.91,4.59,1.97,3.35
CA-2016-158610,2016-Q3,East,Office Supplies,2,34.76,69.52,36.5,15.64,17.38
CA-2014-117464,2014-Q3,West,Office Supplies,4,2.88,11.52,5.8,2.49,3.23
CA-2014-117464,2014-Q3,West,Furniture,3,239.24,717.72,452.17,193.78,71.77
CA-2014-117464,2014-Q3,West,Office Supplies,10,23.65,236.5,117.54,50.38,68.58
CA-2014-117464,2014-Q3,West,Furniture,3,56.78,170.35,105.83,45.36,19.16
US-2017-168613,2017-Q4,East,Furniture,2,72.88,145.76,99.76,42.76,3.24
CA-2017-125381,2017-Q2,West,Technology,3,35.99,107.97,59.71,25.59,22.67
US-2017-141677,2017-Q1,Central,Technology,5,28.79,143.96,99.51,42.65,1.8
US-2017-141677,2017-Q1,Central,Technology,5,479.99,2399.96,1280.98,548.99,569.99
US-2017-141677,2017-Q1,Central,Office Supplies,3,24.78,74.35,35.78,15.33,23.24
US-2017-141677,2017-Q1,Central,Office Supplies,8,10.9,87.17,219.67,94.14,-226.64
US-2017-141677,2017-Q1,Central,Office Supplies,3,10.74,32.23,20.87,8.94,2.42
CA-2017-133067,2017-Q2,East,Office Supplies,2,1.1,2.2,2.62,1.12,-1.54
CA-2017-133067,2017-Q2,East,Office Supplies,3,3.13,9.4,11.84,5.08,-7.52
US-2016-144351,2016-Q4,East,Technology,3,29.99,89.97,45.35,19.43,25.19
CA-2014-106054,2014-Q1,South,Office Supplies,3,4.26,12.78,5.28,2.26,5.24
CA-2016-138667,2016-Q4,East,Technology,2,20.0,40.0,27.65,11.85,0.5
CA-2017-150609,2017-Q2,West,Office Supplies,5,4.65,23.24,10.98,4.71,7.55
CA-2017-128853,2017-Q2,East,Furniture,9,100.98,908.82,477.13,204.49,227.2
CA-2017-133102,2017-Q3,Central,Office Supplies,2,2.78,5.55,4.61,1.98,-1.04
CA-2017-133102,2017-Q3,Central,Office Supplies,3,2.67,8.02,4.91,2.11,1.0
CA-2017-133102,2017-Q3,Central,Furniture,4,18.65,74.59,53.7,23.02,-2.13
CA-2017-133102,2017-Q3,Central,Furniture,2,8.39,16.78,27.31,11.71,-22.24
CA-2017-133102,2017-Q3,Central,Office Supplies,4,9.72,38.86,96.57,41.39,-99.1
CA-2016-164399,2016-Q4,West,Technology,3,67.99,203.98,124.94,53.54,25.5
CA-2016-164399,2016-Q4,West,Furniture,3,224.78,674.35,477.95,204.83,-8.43
CA-2016-116918,2016-Q4,South,Office Supplies,4,1.35,5.39,6.92,2.96,-4.49
CA-2016-116918,2016-Q4,South,Office Supplies,8,3.87,30.98,18.16,7.79,5.03
CA-2016-110492,2016-Q1,South,Office Supplies,6,225.02,1350.12,822.22,352.38,175.52
CA-2016-110492,2016-Q1,South,Office Supplies,4,3.98,15.92,5.91,2.53,7.48
CA-2016-147683,2016-Q4,West,Furniture,2,9.77,19.54,8.62,3.69,7.23
CA-2014-116785,2014-Q2,West,Office Supplies,5,4.28,21.4,10.63,4.56,6.21
CA-2014-116785,2014-Q2,West,Office Supplies,2,6.3,12.6,4.76,2.04,5.8
US-2015-156797,2015-Q3,East,Office Supplies,2,5.98,11.96,6.2,2.65,3.11
US-2015-156797,2015-Q3,East,Technology,2,69.0,138.0,72.45,31.05,34.5
CA-2016-104276,2016-Q4,South,Technology,1,116.76,116.76,71.51,30.65,14.6
CA-2016-104276,2016-Q4,South,Furniture,7,47.29,331.02,311.76,133.61,-114.35
CA-2016-120369,2016-Q4,East,Furniture,5,151.36,756.8,476.78,204.34,75.68
CA-2014-118276,2014-Q4,Central,Furniture,3,2.91,8.74,9.48,4.06,-4.8
CA-2015-136658,2015-Q3,East,Office Supplies,2,3.04,6.08,2.81,1.2,2.07
CA-2017-137414,2017-Q4,West,Furniture,2,8.73,17.46,8.06,3.46,5.94
CA-2017-137414,2017-Q4,West,Technology,11,33.56,369.16,235.8,101.06,32.3
CA-2016-143476,2016-Q3,West,Office Supplies,2,1.46,2.91,1.4,0.6,0.91
CA-2016-143476,2016-Q3,West,Office Supplies,4,5.18,20.74,9.44,4.04,7.26
CA-2016-143476,2016-Q3,West,Office Supplies,2,4.78,9.57,4.61,1.97,2.99
US-2016-119046,2016-Q2,West,Office Supplies,3,10.06,30.18,11.41,4.89,13.88
US-2016-119046,2016-Q2,West,Office Supplies,12,4.3,51.65,23.05,9.88,18.72
US-2016-119046,2016-Q2,West,Office Supplies,3,3.74,11.23,5.11,2.19,3.93
CA-2017-154949,2017-Q4,West,Office Supplies,3,4.91,14.73,5.26,2.25,7.22
CA-2015-103072,2015-Q3,Central,Office Supplies,5,3.28,16.4,8.15,3.49,4.76
CA-2015-103072,2015-Q3,Central,Office Supplies,4,6.48,25.92,9.44,4.04,12.44
CA-2015-150770,2015-Q2,West,Office Supplies,3,2.94,8.82,4.38,1.88,2.56
CA-2015-150770,2015-Q2,West,Office Supplies,2,31.25,62.5,28.44,12.19,21.87
CA-2015-150770,2015-Q2,West,Technology,4,84.99,339.96,152.3,65.27,122.39
CA-2015-150770,2015-Q2,West,Office Supplies,2,24.78,49.57,22.55,9.67,17.35
CA-2017-154760,2017-Q1,East,Office Supplies,3,91.5,274.49,352.26,150.97,-228.74
US-2017-104437,2017-Q1,East,Technology,3,45.98,137.94,71.46,30.62,35.86
CA-2017-113075,2017-Q3,Central,Technology,3,13.56,40.68,33.46,14.34,-7.12
CA-2016-109953,2016-Q3,West,Technology,3,36.79,110.38,68.57,29.39,12.42
CA-2016-109953,2016-Q3,West,Office Supplies,7,21.66,151.62,71.11,30.48,50.03
CA-2016-109953,2016-Q3,West,Furniture,4,7.7,30.8,14.45,6.19,10.16
CA-2017-127397,2017-Q1,East,Office Supplies,5,24.78,123.92,59.64,25.56,38.72
CA-2017-127397,2017-Q1,East,Technology,5,263.96,1319.8,773.73,331.6,214.47
CA-2014-157546,2014-Q3,West,Office Supplies,6,14.95,89.71,41.6,17.83,30.28
CA-2014-157546,2014-Q3,West,Office Supplies,3,7.61,22.83,8.47,3.63,10.73
CA-2017-153843,2017-Q1,East,Office Supplies,2,15.44,30.88,10.81,4.63,15.44
CA-2017-153843,2017-Q1,East,Office Supplies,2,232.58,465.16,240.95,103.27,120.94
CA-2017-153843,2017-Q1,East,Office Supplies,4,6.78,27.12,10.25,4.39,12.48
CA-2016-137337,2016-Q1,East,Furniture,8,14.2,113.6,48.51,20.79,44.3
CA-2016-137337,2016-Q1,East,Office Supplies,2,6.48,12.96,4.63,1.98,6.35
CA-2016-137337,2016-Q1,East,Office Supplies,2,34.73,69.46,32.82,14.07,22.57
CA-2014-138737,2014-Q4,West,Office Supplies,3,2.88,8.64,4.35,1.87,2.42
CA-2016-164924,2016-Q3,East,Technology,3,114.0,341.99,462.83,198.35,-319.19
CA-2016-101651,2016-Q4,West,Furniture,7,6.28,43.96,17.85,7.65,18.46
CA-2016-101651,2016-Q4,West,Office Supplies,7,5.68,39.76,14.75,6.32,18.69
CA-2017-136651,2017-Q2,West,Furniture,7,9.48,66.36,27.87,11.95,26.54
CA-2017-136651,2017-Q2,West,Office Supplies,6,15.48,92.88,43.88,18.81,30.19
CA-2017-136651,2017-Q2,West,Furniture,2,12.07,24.14,11.32,4.85,7.97
CA-2017-118892,2017-Q3,East,Furniture,9,490.69,4416.17,3532.93,1514.12,-630.88
US-2017-151127,2017-Q2,West,Office Supplies,7,7.08,49.56,21.51,9.22,18.83
CA-2017-145807,2017-Q1,West,Office Supplies,5,70.98,354.9,236.01,101.15,17.74
US-2014-127978,2014-Q1,East,Office Supplies,3,5.04,15.12,7.15,3.06,4.91
US-2014-127978,2014-Q1,East,Furniture,5,60.49,302.45,351.45,150.62,-199.62
US-2014-127978,2014-Q1,East,Office Supplies,8,5.58,44.67,38.3,16.42,-10.05
CA-2015-158491,2015-Q2,West,Technology,2,59.99,119.98,58.79,25.2,35.99
CA-2015-158491,2015-Q2,West,Technology,3,329.99,989.97,415.79,178.19,395.99
CA-2016-116764,2016-Q3,South,Office Supplies,4,2.31,9.22,4.12,1.76,3.34
CA-2016-152457,2016-Q3,Central,Office Supplies,3,22.84,68.52,25.9,11.1,31.52
CA-2016-152730,2016-Q2,Central,Office Supplies,3,121.58,364.74,178.72,76.6,109.42
CA-2016-152730,2016-Q2,Central,Furniture,5,9.48,47.4,18.25,7.82,21.33
CA-2016-152730,2016-Q2,Central,Office Supplies,4,12.44,49.76,25.08,10.75,13.93
CA-2016-152730,2016-Q2,Central,Office Supplies,2,2.78,5.56,2.88,1.23,1.45
CA-2016-152730,2016-Q2,Central,Office Supplies,6,104.85,629.1,228.99,98.14,301.97
CA-2016-152730,2016-Q2,Central,Office Supplies,5,2.94,14.7,7.51,3.22,3.97
CA-2016-152730,2016-Q2,Central,Office Supplies,7,6.48,45.36,16.51,7.08,21.77
CA-2016-152730,2016-Q2,Central,Technology,1,125.99,125.99,63.5,27.21,35.28
CA-2017-137001,2017-Q2,West,Office Supplies,7,2.1,14.7,7.41,3.17,4.12
CA-2017-156363,2017-Q4,East,Technology,5,6.54,32.7,27.47,11.77,-6.54
CA-2017-156363,2017-Q4,East,Office Supplies,4,7.92,31.68,14.41,6.18,11.09
CA-2017-122056,2017-Q2,South,Office Supplies,7,25.98,181.86,91.66,39.28,50.92
US-2014-143721,2014-Q4,Central,Furniture,2,77.68,155.37,133.62,57.26,-35.51
CA-2017-122987,2017-Q3,South,Office Supplies,3,4.48,13.43,17.23,7.39,-11.19
CA-2017-122987,2017-Q3,South,Office Supplies,4,16.78,67.14,47.59,20.39,-0.84
CA-2016-133368,2016-Q1,South,Office Supplies,2,44.78,89.57,39.97,17.13,32.47
CA-2016-133368,2016-Q1,South,Furniture,8,39.47,315.78,198.94,85.26,31.58
CA-2016-123337,2016-Q3,West,Furniture,2,136.84,273.67,200.59,85.96,-12.88
CA-2016-123337,2016-Q3,West,Office Supplies,4,4.37,17.48,9.06,3.88,4.54
US-2016-150357,2016-Q4,South,Office Supplies,2,10.3,20.61,17.49,7.5,-4.38
US-2016-150357,2016-Q4,South,Office Supplies,3,1.37,4.1,4.78,2.05,-2.73
CA-2015-144519,2015-Q4,West,Technology,5,67.99,339.96,208.22,89.24,42.5
CA-2015-144519,2015-Q4,West,Furniture,7,9.14,63.98,29.56,12.67,21.75
CA-2014-120670,2014-Q4,South,Technology,10,79.99,799.92,391.96,167.98,239.98
CA-2016-157217,2016-Q3,West,Technology,2,17.99,35.98,22.04,9.44,4.5
CA-2016-157217,2016-Q3,West,Technology,3,129.99,389.97,180.17,77.21,132.59
CA-2016-108224,2016-Q2,West,Technology,7,26.5,185.53,95.78,41.05,48.7
CA-2015-162782,2015-Q1,East,Office Supplies,2,1270.99,2541.98,889.69,381.3,1270.99
CA-2017-159282,2017-Q4,West,Technology,5,120.0,599.98,755.98,323.99,-479.99
CA-2017-155936,2017-Q2,Central,Office Supplies,3,1.01,3.04,5.63,2.42,-5.01
CA-2017-169439,2017-Q3,East,Office Supplies,5,5.18,25.92,15.42,6.61,3.89
CA-2017-169439,2017-Q3,East,Furniture,2,33.06,66.11,52.64,22.56,-9.09
CA-2017-151183,2017-Q4,West,Technology,4,11.59,46.36,21.74,9.32,15.3
CA-2016-149965,2016-Q2,Central,Technology,1,6.9,6.9,4.45,1.9,0.55
CA-2016-149965,2016-Q2,Central,Furniture,3,19.23,57.69,23.83,10.21,23.65
CA-2014-158281,2014-Q3,Central,Technology,3,186.57,559.71,476.69,204.29,-121.27
CA-2016-153661,2016-Q1,West,Office Supplies,9,33.89,305.01,160.13,68.63,76.25
CA-2016-153661,2016-Q1,West,Office Supplies,2,25.39,50.78,23.11,9.9,17.77
CA-2016-153661,2016-Q1,West,Office Supplies,9,2.89,26.01,9.65,4.14,12.22
CA-2017-109183,2017-Q4,South,Technology,2,324.5,649.0,645.11,276.47,-272.58
CA-2016-113656,2016-Q1,West,Furniture,7,8.57,59.99,26.87,11.52,21.6
CA-2015-148964,2015-Q2,West,Furniture,1,20.24,20.24,8.64,3.71,7.89
CA-2014-111899,2014-Q2,Central,Office Supplies,2,18.92,37.84,24.5,10.5,2.84
CA-2014-111899,2014-Q2,Central,Office Supplies,6,0.91,5.47,2.53,1.09,1.85
CA-2015-101126,2015-Q1,East,Office Supplies,5,15.45,77.24,48.66,20.86,7.72
CA-2014-163468,2014-Q4,Central,Furniture,4,73.03,292.1,327.15,140.21,-175.26
CA-2014-163468,2014-Q4,Central,Furniture,2,4.27,8.54,11.21,4.81,-7.48
CA-2014-163468,2014-Q4,Central,Furniture,6,70.69,424.12,318.09,136.32,-30.29
CA-2014-163468,2014-Q4,Central,Office Supplies,3,0.96,2.89,5.47,2.34,-4.92
CA-2014-163468,2014-Q4,Central,Office Supplies,5,76.34,381.72,313.96,134.56,-66.8
US-2017-117450,2017-Q3,South,Furniture,2,48.59,97.18,63.78,27.33,6.07
US-2017-117450,2017-Q3,South,Office Supplies,2,5.18,10.37,4.72,2.02,3.63
CA-2014-137274,2014-Q1,Central,Furniture,3,296.95,890.84,730.49,313.07,-152.72
CA-2016-144092,2016-Q4,West,Technology,4,18.0,72.0,41.33,17.71,12.96
CA-2016-144092,2016-Q4,West,Furniture,2,56.94,113.89,72.74,31.18,9.97
CA-2016-144092,2016-Q4,West,Office Supplies,3,52.71,158.13,56.45,24.2,77.48
CA-2017-112172,2017-Q2,East,Office Supplies,3,4.71,14.13,9.39,4.03,0.71
CA-2015-121699,2015-Q3,Central,Office Supplies,5,12.95,64.75,24.93,10.68,29.14
CA-2015-162761,2015-Q4,South,Office Supplies,2,0.94,1.87,2.23,0.95,-1.31
CA-2015-162761,2015-Q4,South,Office Supplies,2,5.6,11.21,13.87,5.94,-8.6
CA-2015-162761,2015-Q4,South,Office Supplies,8,4.67,37.38,20.93,8.97,7.48
CA-2016-121377,2016-Q2,Central,Technology,1,286.4,286.4,182.94,78.4,25.06
CA-2017-115322,2017-Q2,East,Office Supplies,3,14.64,43.92,21.83,9.35,12.74
CA-2016-132066,2016-Q4,East,Furniture,1,142.18,142.18,126.07,54.03,-37.92
CA-2017-158120,2017-Q4,West,Office Supplies,3,6.54,19.61,9.09,3.9,6.62
CA-2017-158120,2017-Q4,West,Office Supplies,7,0.59,4.16,5.33,2.29,-3.46
CA-2017-100097,2017-Q4,East,Technology,5,195.99,979.95,500.75,214.61,264.59
CA-2017-100097,2017-Q4,East,Furniture,5,27.06,135.3,68.19,29.23,37.88
CA-2017-167626,2017-Q3,Central,Office Supplies,3,2.97,8.9,3.89,1.67,3.34
CA-2017-167626,2017-Q3,Central,Technology,2,50.4,100.8,55.57,23.81,21.42
US-2017-126053,2017-Q4,East,Furniture,2,20.98,41.96,21.73,9.32,10.91
US-2017-126053,2017-Q4,East,Office Supplies,3,3.15,9.45,3.44,1.47,4.54
US-2017-128447,2017-Q4,West,Office Supplies,5,80.16,400.8,202.01,86.57,112.22
US-2017-128447,2017-Q4,West,Office Supplies,1,28.79,28.79,13.1,5.61,10.08
US-2014-131275,2014-Q1,West,Furniture,2,55.5,111.0,67.6,28.97,14.43
US-2014-131275,2014-Q1,West,Technology,4,319.99,1279.97,604.79,259.19,415.99
US-2014-131275,2014-Q1,West,Office Supplies,7,265.17,1856.19,1065.46,456.62,334.11
CA-2016-149349,2016-Q4,Central,Furniture,6,3.79,22.75,21.9,9.38,-8.53
CA-2017-115119,2017-Q4,East,Technology,1,61.54,61.54,52.41,22.46,-13.33
CA-2017-115119,2017-Q4,East,Office Supplies,7,11.63,81.44,102.61,43.98,-65.15
CA-2015-125563,2015-Q2,South,Furniture,2,33.68,67.36,40.08,17.18,10.1
CA-2015-125563,2015-Q2,South,Furniture,3,18.18,54.53,28.15,12.07,14.31
CA-2015-113152,2015-Q4,East,Technology,2,421.95,843.9,330.81,141.77,371.32
CA-2015-113152,2015-Q4,East,Furniture,2,224.78,449.57,275.36,118.01,56.2
CA-2017-165155,2017-Q3,West,Office Supplies,1,15.51,15.51,8.14,3.49,3.88
CA-2014-163412,2014-Q4,East,Furniture,3,64.06,192.19,109.12,46.77,36.3
CA-2015-159590,2015-Q3,East,Office Supplies,2,2.88,5.76,2.9,1.25,1.61
CA-2014-116190,2014-Q3,South,Furniture,2,33.94,67.88,34.68,14.87,18.33
CA-2014-116190,2014-Q3,South,Office Supplies,13,12.53,162.89,60.43,25.9,76.56
CA-2014-116190,2014-Q3,South,Furniture,3,8.57,25.71,11.52,4.93,9.26
CA-2014-168473,2014-Q4,East,Office Supplies,6,31.98,191.88,120.88,51.81,19.19
CA-2017-168389,2017-Q4,South,Furniture,6,120.31,721.88,799.32,342.56,-420.0
CA-2017-168389,2017-Q4,South,Technology,4,18.39,73.57,63.08,27.04,-16.55
CA-2017-168389,2017-Q4,South,Office Supplies,1,13.58,13.58,8.55,3.67,1.36
CA-2017-168389,2017-Q4,South,Furniture,1,64.78,64.78,53.85,23.08,-12.15
CA-2014-130421,2014-Q1,Central,Office Supplies,3,58.92,176.77,445.47,190.91,-459.61
CA-2017-142125,2017-Q4,Central,Office Supplies,6,6.47,38.82,13.59,5.82,19.41
CA-2017-142125,2017-Q4,Central,Office Supplies,5,4.38,21.9,7.97,3.42,10.51
CA-2017-141138,2017-Q4,West,Technology,7,15.97,111.79,47.73,20.46,43.6
CA-2017-152135,2017-Q1,East,Technology,8,55.68,445.44,368.97,158.13,-81.66
CA-2016-151974,2016-Q3,East,Office Supplies,5,3.3,16.52,7.8,3.35,5.37
CA-2017-154102,2017-Q1,West,Office Supplies,5,5.98,29.9,11.51,4.93,13.46
CA-2015-139780,2015-Q4,Central,Office Supplies,8,14.55,116.4,44.81,19.21,52.38
CA-2016-114748,2016-Q4,West,Office Supplies,1,1.41,1.41,0.88,0.37,0.16
CA-2016-114748,2016-Q4,West,Furniture,2,84.78,169.57,118.7,50.87,0.0
US-2014-115189,2014-Q4,East,Technology,6,41.99,251.96,211.65,90.7,-50.39
US-2014-115189,2014-Q4,East,Furniture,3,174.59,523.76,501.07,214.74,-192.05
CA-2016-163594,2016-Q2,West,Office Supplies,3,6.48,19.44,7.08,3.03,9.33
CA-2016-163594,2016-Q2,West,Furniture,3,64.78,194.35,161.55,69.24,-36.44
CA-2016-163594,2016-Q2,West,Office Supplies,3,12.21,36.62,16.02,6.87,13.73
CA-2016-127243,2016-Q4,East,Technology,3,113.39,340.18,289.72,124.17,-73.71
CA-2016-127243,2016-Q4,East,Office Supplies,8,1.58,12.67,6.99,2.99,2.69
CA-2016-127243,2016-Q4,East,Office Supplies,2,3.44,6.89,8.36,3.58,-5.05
CA-2016-127243,2016-Q4,East,Office Supplies,2,16.27,32.54,28.19,12.08,-7.73
CA-2016-127243,2016-Q4,East,Furniture,7,49.69,347.8,260.85,111.79,-24.84
CA-2017-161851,2017-Q2,South,Office Supplies,3,5.19,15.57,19.26,8.25,-11.94
CA-2015-110345,2015-Q1,South,Office Supplies,2,2.31,4.61,2.06,0.88,1.67
CA-2014-107769,2014-Q4,Central,Technology,2,128.99,257.98,128.22,54.95,74.81
US-2017-123862,2017-Q1,West,Office Supplies,11,13.98,153.78,76.43,32.75,44.6
US-2017-123862,2017-Q1,West,Office Supplies,3,20.34,61.02,42.29,18.12,0.61
US-2017-123862,2017-Q1,West,Office Supplies,7,15.73,110.11,54.73,23.45,31.93
US-2017-123862,2017-Q1,West,Office Supplies,1,7.89,7.89,3.04,1.3,3.55
CA-2017-100580,2017-Q3,West,Office Supplies,3,12.01,36.02,17.02,7.29,11.71
US-2017-145597,2017-Q4,Central,Office Supplies,4,13.58,54.34,34.24,14.67,5.43
CA-2014-132787,2014-Q3,West,Office Supplies,6,15.42,92.52,47.28,20.26,24.98
CA-2015-136224,2015-Q2,South,Office Supplies,3,3.42,10.27,6.38,2.73,1.16
CA-2016-105732,2016-Q3,Central,Office Supplies,3,13.58,40.74,28.23,12.1,0.41
CA-2016-105732,2016-Q3,Central,Office Supplies,5,2.88,14.4,5.14,2.2,7.06
CA-2016-105732,2016-Q3,Central,Technology,5,29.99,149.95,75.57,32.39,41.99
CA-2016-105732,2016-Q3,Central,Office Supplies,2,8.45,16.9,8.28,3.55,5.07
CA-2016-105732,2016-Q3,Central,Office Supplies,3,5.87,17.61,6.41,2.75,8.45
CA-2016-105732,2016-Q3,Central,Office Supplies,2,189.0,378.0,169.34,72.58,136.08
CA-2016-105732,2016-Q3,Central,Office Supplies,3,5.88,17.64,6.3,2.7,8.64
CA-2016-105732,2016-Q3,Central,Office Supplies,6,62.18,373.08,190.64,81.71,100.73
CA-2016-105732,2016-Q3,Central,Furniture,14,95.46,1336.44,664.21,284.66,387.57
CA-2016-105732,2016-Q3,Central,Technology,3,9.99,29.97,20.77,8.9,0.3
CA-2017-108035,2017-Q4,South,Furniture,2,195.18,390.37,239.1,102.47,48.8
CA-2017-108035,2017-Q4,South,Furniture,5,20.3,101.52,57.74,24.74,19.04
CA-2017-160031,2017-Q4,East,Office Supplies,3,24.78,74.35,35.78,15.33,23.24
CA-2017-147844,2017-Q2,West,Office Supplies,5,3.14,15.7,6.05,2.59,7.06
CA-2017-147844,2017-Q2,West,Office Supplies,3,19.84,59.52,30.83,13.21,15.48
CA-2017-147844,2017-Q2,West,Office Supplies,5,6.88,34.4,13.01,5.57,15.82
CA-2016-110975,2016-Q4,East,Furniture,2,156.59,313.18,303.26,129.97,-120.05
CA-2016-110975,2016-Q4,East,Furniture,3,288.88,866.65,485.32,208.0,173.33
CA-2014-141649,2014-Q3,East,Office Supplies,6,132.57,795.41,515.02,220.73,59.66
CA-2014-124807,2014-Q3,Central,Office Supplies,9,3.98,35.86,16.0,6.86,13.0
CA-2014-124807,2014-Q3,Central,Technology,4,5.96,23.84,14.39,6.17,3.28
CA-2016-110009,2016-Q3,West,Furniture,1,43.13,43.13,19.93,8.54,14.66
CA-2016-110009,2016-Q3,West,Office Supplies,7,4.41,30.87,11.67,5.0,14.2
CA-2017-168172,2017-Q3,East,Office Supplies,4,17.53,70.12,34.36,14.72,21.04
CA-2015-100146,2015-Q2,West,Furniture,5,101.99,509.96,327.57,140.39,42.0
CA-2015-100146,2015-Q2,West,Furniture,3,40.97,122.91,61.95,26.55,34.41
CA-2015-100146,2015-Q2,West,Furniture,2,48.78,97.57,72.57,31.1,-6.1
CA-2015-100146,2015-Q2,West,Furniture,3,240.78,722.35,448.76,192.33,81.26
CA-2017-152079,2017-Q1,Central,Office Supplies,5,2.3,11.52,5.14,2.2,4.18
CA-2016-129728,2016-Q2,West,Furniture,8,20.98,167.84,109.26,46.83,11.75
CA-2014-121769,2014-Q2,East,Furniture,1,172.11,172.11,186.74,80.03,-94.66
CA-2014-103058,2014-Q3,East,Technology,2,49.99,99.98,64.39,27.59,8.0
CA-2017-121125,2017-Q2,West,Technology,1,156.79,156.79,97.4,41.75,17.64
CA-2017-121125,2017-Q2,West,Technology,2,17.68,35.36,26.91,11.54,-3.09
CA-2017-121125,2017-Q2,West,Furniture,1,13.59,13.59,9.75,4.18,-0.34
US-2016-114013,2016-Q1,East,Furniture,2,193.34,386.68,274.54,117.66,-5.52
US-2016-114013,2016-Q1,East,Technology,5,75.99,379.96,232.72,99.74,47.5
US-2016-114013,2016-Q1,East,Technology,3,179.97,539.91,459.82,197.07,-116.98
US-2016-114013,2016-Q1,East,Office Supplies,5,8.25,41.24,19.12,8.2,13.92
US-2016-114013,2016-Q1,East,Office Supplies,1,51.9,51.9,65.39,28.03,-41.52
US-2016-114013,2016-Q1,East,Office Supplies,5,110.51,552.56,483.49,207.21,-138.14
US-2016-114013,2016-Q1,East,Office Supplies,5,4.63,23.16,27.02,11.58,-15.44
US-2016-114013,2016-Q1,East,Office Supplies,2,63.04,126.08,108.11,46.34,-28.37
US-2016-114013,2016-Q1,East,Technology,3,149.7,449.1,764.97,327.84,-643.71
CA-2017-135069,2017-Q2,East,Office Supplies,4,48.78,195.1,121.2,51.95,21.95
CA-2017-135069,2017-Q2,East,Furniture,3,12.22,36.67,21.17,9.08,6.42
CA-2016-101693,2016-Q2,Central,Furniture,2,42.62,85.25,63.94,27.4,-6.09
CA-2016-101693,2016-Q2,Central,Furniture,2,16.36,32.71,41.22,17.66,-26.17
US-2014-164763,2014-Q1,South,Office Supplies,3,3.81,11.43,4.24,1.82,5.37
US-2014-164763,2014-Q1,South,Office Supplies,2,15.22,30.44,10.86,4.66,14.92
US-2014-164763,2014-Q1,South,Office Supplies,2,6.48,12.96,4.63,1.98,6.35
US-2014-164763,2014-Q1,South,Office Supplies,4,4.0,16.0,5.82,2.5,7.68
US-2014-164763,2014-Q1,South,Office Supplies,3,10.89,32.67,16.93,7.25,8.49
CA-2014-161249,2014-Q3,West,Office Supplies,3,1.49,4.46,3.79,1.62,-0.95
CA-2014-161249,2014-Q3,West,Office Supplies,5,1.87,9.35,11.12,4.77,-6.54
CA-2015-148180,2015-Q3,West,Office Supplies,3,3.05,9.14,4.24,1.81,3.09
CA-2015-148180,2015-Q3,West,Office Supplies,6,3.86,23.14,10.32,4.43,8.39
CA-2015-148180,2015-Q3,West,Office Supplies,5,19.84,99.2,51.39,22.02,25.79
CA-2014-165568,2014-Q1,West,Office Supplies,5,4.27,21.36,9.9,4.25,7.21
CA-2015-145457,2015-Q1,West,Furniture,5,9.38,46.9,23.64,10.13,13.13
US-2017-163657,2017-Q3,West,Office Supplies,5,3.74,18.72,8.52,3.65,6.55
US-2017-163657,2017-Q3,West,Furniture,2,118.26,236.53,167.64,71.85,-2.96
CA-2015-120446,2015-Q4,West,Office Supplies,3,6.3,18.9,7.15,3.06,8.69
CA-2014-109932,2014-Q4,Central,Office Supplies,2,5.34,10.69,4.86,2.09,3.74
CA-2014-109932,2014-Q4,Central,Office Supplies,3,79.03,237.1,151.44,64.91,20.75
CA-2017-127474,2017-Q1,Central,Office Supplies,1,5.18,5.18,2.36,1.01,1.81
CA-2017-127474,2017-Q1,Central,Office Supplies,2,32.79,65.58,29.27,12.54,23.77
CA-2017-127474,2017-Q1,Central,Furniture,1,22.2,22.2,33.8,14.48,-26.08
CA-2017-127474,2017-Q1,Central,Office Supplies,5,83.88,419.4,190.83,81.78,146.79
CA-2017-115448,2017-Q4,South,Furniture,5,17.78,88.92,52.13,22.34,14.45
CA-2017-105669,2017-Q3,Central,Office Supplies,3,3.3,9.91,4.68,2.01,3.22
CA-2017-105669,2017-Q3,Central,Furniture,5,63.69,318.43,277.03,118.73,-77.33
CA-2017-105669,2017-Q3,Central,Office Supplies,5,1.16,5.8,11.16,4.79,-10.15
CA-2017-105669,2017-Q3,Central,Technology,6,235.96,1415.76,929.1,398.18,88.48
CA-2017-134796,2017-Q2,Central,Technology,2,74.24,148.48,92.25,39.53,16.7
CA-2016-137743,2016-Q3,Central,Office Supplies,4,2.31,9.25,4.29,1.84,3.12
CA-2016-137743,2016-Q3,Central,Office Supplies,2,518.31,1036.62,689.35,295.44,51.83
CA-2015-137974,2015-Q2,South,Technology,2,284.82,569.64,295.07,126.46,148.11
CA-2015-137974,2015-Q2,South,Office Supplies,1,9.14,9.14,3.2,1.37,4.57
CA-2015-137974,2015-Q2,South,Furniture,7,170.98,1196.86,754.02,323.15,119.69
CA-2015-137974,2015-Q2,South,Furniture,9,58.14,523.26,278.38,119.3,125.58
US-2015-136987,2015-Q2,West,Technology,4,159.99,639.97,296.79,127.19,215.99
US-2015-136987,2015-Q2,West,Office Supplies,2,26.38,52.76,19.94,8.55,24.27
CA-2015-138485,2015-Q1,West,Technology,9,59.88,538.92,320.66,137.42,80.84
CA-2016-103709,2016-Q3,West,Office Supplies,2,7.44,14.88,7.81,3.35,3.72
CA-2016-103709,2016-Q3,West,Office Supplies,8,4.28,34.24,13.18,5.65,15.41
CA-2016-103709,2016-Q3,West,Office Supplies,2,130.87,261.74,137.41,58.89,65.44
CA-2016-138282,2016-Q2,West,Office Supplies,8,10.98,87.84,44.88,19.24,23.72
CA-2017-148985,2017-Q4,West,Furniture,4,8.73,34.92,16.14,6.91,11.87
CA-2014-138100,2014-Q3,East,Office Supplies,3,4.98,14.94,5.54,2.38,7.02
CA-2014-138100,2014-Q3,East,Furniture,2,7.28,14.56,5.81,2.49,6.26
CA-2015-100734,2015-Q3,East,Office Supplies,4,0.9,3.58,4.51,1.93,-2.86
CA-2015-100734,2015-Q3,East,Office Supplies,2,73.59,147.18,123.63,52.99,-29.44
CA-2016-139997,2016-Q3,West,Technology,5,299.99,1499.95,734.98,314.99,449.98
CA-2016-109652,2016-Q2,Central,Office Supplies,4,3.39,13.57,7.24,3.11,3.22
CA-2014-167199,2014-Q1,South,Furniture,9,285.98,2573.82,1279.19,548.22,746.41
CA-2014-167199,2014-Q1,South,Office Supplies,2,304.99,609.98,234.84,100.65,274.49
CA-2014-167199,2014-Q1,South,Office Supplies,2,2.74,5.48,2.8,1.2,1.48
CA-2014-167199,2014-Q1,South,Technology,2,195.99,391.98,194.82,83.49,113.67
CA-2014-167199,2014-Q1,South,Technology,4,188.99,755.96,386.3,165.55,204.11
CA-2014-167199,2014-Q1,South,Office Supplies,4,7.78,31.12,21.57,9.24,0.31
CA-2014-167199,2014-Q1,South,Office Supplies,1,6.54,6.54,2.47,1.06,3.01
CA-2016-124583,2016-Q3,West,Office Supplies,1,12.78,12.78,4.92,2.11,5.75
CA-2014-113964,2014-Q3,East,Office Supplies,4,4.62,18.46,8.08,3.46,6.92
CA-2014-129938,2014-Q4,East,Furniture,7,63.69,445.8,387.85,166.22,-108.27
CA-2017-135111,2017-Q4,Central,Office Supplies,1,2.48,2.48,1.13,0.48,0.87
CA-2017-135111,2017-Q4,Central,Office Supplies,5,5.18,25.9,9.25,3.96,12.69
US-2015-134558,2015-Q4,East,Office Supplies,5,5.98,29.9,10.67,4.58,14.65
US-2015-134558,2015-Q4,East,Technology,9,249.99,2249.91,1212.7,519.73,517.48
US-2015-134558,2015-Q4,East,Furniture,4,263.29,1053.16,810.94,347.54,-105.32
CA-2017-157196,2017-Q4,West,Office Supplies,2,6.48,12.96,4.72,2.02,6.22
CA-2015-108672,2015-Q3,West,Furniture,6,17.78,106.68,51.53,22.08,33.07
US-2017-118598,2017-Q4,East,Technology,6,19.99,119.94,79.76,34.18,6.0
US-2017-160836,2017-Q3,Central,Office Supplies,3,3.42,10.27,4.94,2.12,3.21
US-2017-160836,2017-Q3,Central,Furniture,5,102.44,512.19,404.63,173.41,-65.85
US-2017-160836,2017-Q3,Central,Office Supplies,2,0.78,1.56,4.03,1.73,-4.2
CA-2017-121048,2017-Q3,West,Office Supplies,2,2.22,4.45,2.1,0.9,1.45
CA-2017-121048,2017-Q3,West,Furniture,3,92.23,276.69,158.82,68.07,49.8
CA-2017-121048,2017-Q3,West,Office Supplies,4,1.24,4.96,1.84,0.79,2.33
CA-2017-121048,2017-Q3,West,Office Supplies,4,17.98,71.92,35.74,15.32,20.86
CA-2017-121048,2017-Q3,West,Furniture,3,6.28,18.84,7.65,3.28,7.91
CA-2017-121048,2017-Q3,West,Technology,3,46.99,140.97,84.86,36.37,19.74
CA-2017-121048,2017-Q3,West,Technology,3,156.79,470.38,292.22,125.24,52.92
US-2017-120147,2017-Q1,West,Office Supplies,2,3.04,6.08,2.81,1.2,2.07
US-2017-120147,2017-Q1,West,Technology,1,164.79,164.79,102.38,43.87,18.54
CA-2016-158043,2016-Q1,East,Office Supplies,2,11.68,23.36,8.18,3.5,11.68
US-2017-106579,2017-Q2,Central,Office Supplies,4,3.04,12.18,21.73,9.32,-18.87
CA-2014-115889,2014-Q4,West,Technology,2,23.19,46.38,28.81,12.35,5.22
CA-2014-115889,2014-Q4,West,Office Supplies,2,181.46,362.92,180.37,77.3,105.25
US-2017-161935,2017-Q3,East,Office Supplies,2,4.62,9.25,4.13,1.77,3.35
US-2017-161935,2017-Q3,East,Technology,9,209.99,1889.95,1587.56,680.38,-377.99
US-2017-161935,2017-Q3,East,Office Supplies,5,12.41,62.04,40.17,17.22,4.65
US-2017-161935,2017-Q3,East,Furniture,5,79.38,396.92,173.66,74.42,148.84
US-2017-161935,2017-Q3,East,Office Supplies,7,34.21,239.46,155.05,66.45,17.96
US-2017-161935,2017-Q3,East,Office Supplies,5,2.62,13.12,7.69,3.3,2.13
US-2017-167920,2017-Q4,South,Office Supplies,2,14.68,29.36,11.09,4.76,13.51
US-2017-167920,2017-Q4,South,Office Supplies,5,42.98,214.9,106.81,45.77,62.32
US-2017-167920,2017-Q4,South,Office Supplies,4,3.98,15.92,5.91,2.53,7.48
US-2017-167920,2017-Q4,South,Technology,5,29.29,146.45,68.68,29.44,48.33
US-2017-167920,2017-Q4,South,Office Supplies,1,15.14,15.14,10.17,4.36,0.61
US-2017-167920,2017-Q4,South,Office Supplies,2,2.88,5.76,2.18,0.93,2.65
US-2017-167920,2017-Q4,South,Technology,2,699.99,1399.98,538.99,231.0,629.99
CA-2016-162383,2016-Q3,East,Office Supplies,2,4.47,8.95,11.49,4.92,-7.46
CA-2016-162383,2016-Q3,East,Office Supplies,6,1.48,8.86,10.74,4.61,-6.49
CA-2016-162383,2016-Q3,East,Furniture,2,42.62,85.25,60.53,25.94,-1.22
CA-2014-125731,2014-Q3,West,Office Supplies,7,3.1,21.73,9.89,4.24,7.6
CA-2014-125731,2014-Q3,West,Furniture,5,297.41,1487.04,936.84,401.5,148.7
US-2017-106145,2017-Q3,West,Office Supplies,6,11.98,71.88,27.17,11.65,33.06
US-2017-106145,2017-Q3,West,Furniture,3,3.08,9.24,4.4,1.88,2.96
US-2017-106145,2017-Q3,West,Office Supplies,6,5.98,35.88,13.81,5.92,16.15
US-2017-106145,2017-Q3,West,Office Supplies,3,5.68,17.04,8.05,3.45,5.54
US-2017-106145,2017-Q3,West,Office Supplies,3,310.39,931.18,431.84,185.07,314.27
CA-2016-107146,2016-Q2,West,Furniture,3,88.78,266.35,195.77,83.9,-13.32
CA-2016-107146,2016-Q2,West,Furniture,4,120.78,483.14,300.15,128.64,54.35
US-2017-134642,2017-Q1,South,Furniture,2,98.39,196.78,153.24,65.68,-22.14
US-2017-134642,2017-Q1,South,Furniture,5,46.38,231.92,158.28,67.84,5.8
US-2017-160143,2017-Q1,West,Office Supplies,3,9.9,29.7,15.18,6.5,8.02
CA-2017-103415,2017-Q4,Central,Furniture,2,6.8,13.59,19.5,8.36,-14.27
CA-2016-106460,2016-Q1,West,Office Supplies,2,35.44,70.88,26.3,11.27,33.31
US-2017-112347,2017-Q4,West,Office Supplies,1,114.29,114.29,71.0,30.43,12.86
US-2017-112347,2017-Q4,West,Office Supplies,8,4.58,36.62,42.73,18.31,-24.42
US-2017-112347,2017-Q4,West,Furniture,8,30.29,242.35,424.12,181.76,-363.53
US-2017-112347,2017-Q4,West,Technology,2,24.81,49.62,31.26,13.4,4.96
US-2017-112347,2017-Q4,West,Furniture,6,84.78,508.7,356.09,152.61,0.0
US-2017-112347,2017-Q4,West,Technology,6,9.56,57.36,50.19,21.51,-14.34
US-2017-112347,2017-Q4,West,Furniture,5,181.34,906.68,587.08,251.6,68.0
CA-2014-103492,2014-Q4,Central,Technology,6,119.99,719.95,453.56,194.39,72.0
CA-2014-103492,2014-Q4,Central,Technology,7,107.99,755.94,482.85,206.94,66.15
CA-2014-103492,2014-Q4,Central,Office Supplies,5,2.4,11.98,21.8,9.35,-19.17
CA-2014-103492,2014-Q4,Central,Office Supplies,1,0.9,0.9,1.73,0.74,-1.57
CA-2016-136595,2016-Q3,Central,Furniture,3,7.07,21.2,23.0,9.86,-11.66
CA-2014-140396,2014-Q4,East,Office Supplies,3,11.58,34.74,12.16,5.21,17.37
CA-2014-140396,2014-Q4,East,Technology,6,138.99,833.94,431.98,185.14,216.82
CA-2014-140396,2014-Q4,East,Office Supplies,3,4.32,12.96,5.89,2.53,4.54
CA-2014-140396,2014-Q4,East,Office Supplies,4,6.48,25.92,9.44,4.04,12.44
CA-2014-114181,2014-Q2,East,Furniture,7,49.99,349.96,396.86,170.08,-216.98
CA-2014-114181,2014-Q2,East,Office Supplies,5,4.46,22.32,11.91,5.11,5.3
CA-2017-159506,2017-Q4,Central,Office Supplies,6,26.38,158.28,59.83,25.64,72.81
CA-2017-159506,2017-Q4,Central,Office Supplies,3,165.98,497.94,191.71,82.16,224.07
US-2014-137155,2014-Q4,East,Office Supplies,3,177.98,533.94,265.37,113.73,154.84
US-2014-137155,2014-Q4,East,Office Supplies,3,55.98,167.94,59.95,25.7,82.29
US-2014-137155,2014-Q4,East,Furniture,6,5.28,31.68,15.3,6.56,9.82
CA-2016-105746,2016-Q4,East,Furniture,1,170.79,170.79,119.55,51.24,0.0
US-2016-104815,2016-Q3,Central,Furniture,4,49.68,198.74,139.12,59.62,0.0
CA-2017-157672,2017-Q4,West,Technology,2,31.91,63.82,35.18,15.08,13.56
US-2016-166660,2016-Q1,West,Furniture,4,108.79,435.17,346.51,148.5,-59.84
US-2016-166660,2016-Q1,West,Furniture,1,48.58,48.58,28.57,12.24,7.77
CA-2017-140802,2017-Q2,Central,Technology,3,15.99,47.98,27.71,11.87,8.4
CA-2017-140802,2017-Q2,Central,Office Supplies,4,5.18,20.74,9.44,4.04,7.26
CA-2014-133830,2014-Q4,West,Office Supplies,9,2.94,26.46,10.19,4.36,11.91
CA-2014-133830,2014-Q4,West,Office Supplies,4,12.28,49.12,18.22,7.81,23.09
CA-2014-133830,2014-Q4,West,Office Supplies,3,5.0,15.0,5.46,2.34,7.2
CA-2014-100916,2014-Q4,South,Office Supplies,5,38.94,194.7,129.47,55.49,9.74
CA-2014-100916,2014-Q4,South,Furniture,4,147.83,591.32,335.28,143.69,112.35
CA-2014-100916,2014-Q4,South,Office Supplies,1,2.84,2.84,1.37,0.59,0.88
CA-2015-129532,2015-Q4,West,Office Supplies,2,110.98,221.96,152.26,65.26,4.44
CA-2015-129532,2015-Q4,West,Technology,4,59.0,236.0,137.12,58.76,40.12
CA-2014-134726,2014-Q4,West,Technology,2,20.97,41.94,18.79,8.05,15.1
CA-2014-134726,2014-Q4,West,Technology,1,52.79,52.79,33.72,14.45,4.62
CA-2016-138597,2016-Q4,Central,Furniture,3,187.98,563.94,315.81,135.34,112.79
CA-2015-123113,2015-Q4,East,Office Supplies,8,328.14,2625.12,1323.06,567.03,735.03
CA-2015-123113,2015-Q4,East,Office Supplies,3,5.98,17.94,9.42,4.03,4.49
CA-2015-169656,2015-Q3,East,Office Supplies,3,140.95,422.86,284.9,122.1,15.86
CA-2015-142734,2015-Q2,East,Furniture,2,63.88,127.76,87.44,37.48,2.84
CA-2014-163223,2014-Q1,South,Technology,7,499.99,3499.93,1812.96,776.99,909.98
CA-2014-163223,2014-Q1,South,Office Supplies,5,2.88,14.4,5.45,2.33,6.62
CA-2014-163223,2014-Q1,South,Office Supplies,3,40.99,122.97,43.9,18.81,60.26
CA-2014-163223,2014-Q1,South,Office Supplies,4,2.33,9.32,4.63,1.99,2.7
CA-2014-163223,2014-Q1,South,Office Supplies,3,40.98,122.94,44.75,19.18,59.01
CA-2017-122945,2017-Q4,West,Furniture,3,5.77,17.31,8.48,3.64,5.19
CA-2015-139738,2015-Q3,Central,Office Supplies,7,18.39,128.74,81.11,34.76,12.87
CA-2016-158778,2016-Q3,East,Furniture,9,6.47,58.25,32.62,13.98,11.65
CA-2016-158778,2016-Q3,East,Furniture,2,35.62,71.25,63.41,27.18,-19.34
CA-2016-158778,2016-Q3,East,Office Supplies,3,2.62,7.87,5.1,2.18,0.59
CA-2016-158778,2016-Q3,East,Furniture,3,295.76,887.27,665.45,285.2,-63.38
CA-2017-119655,2017-Q2,Central,Office Supplies,7,20.98,146.86,53.46,22.91,70.49
CA-2017-119655,2017-Q2,Central,Office Supplies,4,9.14,36.56,12.8,5.48,18.28
CA-2015-164567,2015-Q2,West,Technology,3,75.19,225.58,142.11,60.91,22.56
CA-2014-131947,2014-Q3,West,Office Supplies,2,2.62,5.25,3.35,1.44,0.46
CA-2014-131947,2014-Q3,West,Office Supplies,3,12.75,38.26,23.44,10.04,4.78
CA-2014-131947,2014-Q3,West,Office Supplies,5,8.05,40.24,19.01,8.15,13.08
CA-2014-131947,2014-Q3,West,Technology,5,5.98,29.92,36.3,15.56,-21.94
CA-2014-131947,2014-Q3,West,Office Supplies,6,24.78,148.7,71.56,30.67,46.47
CA-2014-131947,2014-Q3,West,Technology,10,5.59,55.92,27.4,11.74,16.78
CA-2016-152520,2016-Q3,East,Office Supplies,2,6.48,12.96,4.72,2.02,6.22
CA-2016-101791,2016-Q2,Central,Furniture,3,8.39,25.18,40.98,17.56,-33.36
CA-2016-101791,2016-Q2,Central,Furniture,2,2.79,5.58,5.08,2.18,-1.68
CA-2016-101791,2016-Q2,Central,Office Supplies,9,144.15,1297.37,840.05,360.02,97.3
CA-2017-121195,2017-Q4,Central,Office Supplies,2,132.16,264.32,171.15,73.35,19.82
CA-2017-163209,2017-Q2,West,Office Supplies,4,6.48,25.92,9.44,4.04,12.44
CA-2017-163209,2017-Q2,West,Office Supplies,7,3.28,22.96,11.41,4.89,6.66
CA-2014-133354,2014-Q1,West,Office Supplies,3,6.48,19.44,7.08,3.03,9.33
US-2015-130491,2015-Q1,Central,Office Supplies,2,4.77,9.54,3.67,1.58,4.29
US-2015-130491,2015-Q1,Central,Office Supplies,1,5.81,5.81,2.81,1.2,1.8
US-2015-130491,2015-Q1,Central,Office Supplies,2,2.88,5.76,2.82,1.21,1.73
CA-2015-113740,2015-Q3,East,Furniture,3,4.97,14.91,7.2,3.09,4.62
CA-2014-148425,2014-Q4,South,Office Supplies,9,0.74,6.64,7.75,3.32,-4.43
CA-2016-144309,2016-Q4,East,Office Supplies,2,9.27,18.54,6.88,2.95,8.71
CA-2016-144309,2016-Q4,East,Office Supplies,5,135.99,679.96,321.28,137.69,220.99
CA-2017-151225,2017-Q4,West,Furniture,1,189.58,189.58,126.07,54.03,9.48
CA-2017-151225,2017-Q4,West,Technology,5,14.39,71.96,45.33,19.43,7.2
US-2014-144078,2014-Q4,West,Technology,5,107.98,539.92,344.88,147.8,47.24
US-2014-144078,2014-Q4,West,Furniture,4,181.34,725.34,469.66,201.28,54.4
US-2014-144078,2014-Q4,West,Office Supplies,3,2.48,7.44,3.39,1.45,2.6
CA-2014-124464,2014-Q3,East,Office Supplies,1,39.48,39.48,19.9,8.53,11.05
CA-2015-136805,2015-Q2,Central,Office Supplies,5,170.1,850.5,423.36,181.44,245.7
CA-2015-136805,2015-Q2,Central,Furniture,9,8.37,75.33,39.02,16.72,19.59
US-2015-159499,2015-Q4,West,Office Supplies,6,54.27,325.63,208.0,89.14,28.49
US-2015-159499,2015-Q4,West,Technology,2,11.67,23.34,17.36,7.44,-1.46
US-2015-159499,2015-Q4,West,Office Supplies,5,3.3,16.52,7.8,3.35,5.37
CA-2014-162089,2014-Q1,Central,Office Supplies,5,67.14,335.72,155.69,66.72,113.31
CA-2014-162089,2014-Q1,Central,Technology,7,35.99,251.94,114.63,49.13,88.18
CA-2014-162089,2014-Q1,Central,Furniture,7,18.19,127.3,95.47,40.92,-9.09
US-2017-158526,2017-Q4,South,Furniture,8,150.98,1207.84,625.66,268.14,314.04
US-2017-158526,2017-Q4,South,Office Supplies,1,12.53,12.53,4.65,1.99,5.89
US-2017-158526,2017-Q4,South,Office Supplies,1,34.58,34.58,17.18,7.37,10.03
US-2017-158526,2017-Q4,South,Furniture,1,300.98,300.98,149.59,64.11,87.28
US-2017-158526,2017-Q4,South,Furniture,3,86.25,258.75,126.79,54.34,77.62
CA-2017-104885,2017-Q1,East,Office Supplies,3,19.84,59.52,30.83,13.21,15.48
CA-2017-104885,2017-Q1,East,Office Supplies,7,8.28,57.96,21.5,9.22,27.24
CA-2017-104885,2017-Q1,East,Furniture,2,220.98,441.96,238.22,102.09,101.65
CA-2017-104885,2017-Q1,East,Office Supplies,6,11.34,68.04,24.29,10.41,33.34
US-2016-157490,2016-Q4,West,Technology,6,117.29,703.71,1149.39,492.6,-938.28
US-2016-157490,2016-Q4,West,Office Supplies,4,4.47,17.9,22.97,9.85,-14.92
US-2016-157490,2016-Q4,West,Office Supplies,4,3.0,11.98,14.81,6.35,-9.18
US-2016-157490,2016-Q4,West,Technology,5,13.59,67.96,46.98,20.13,0.85
CA-2015-161452,2015-Q2,West,Furniture,3,297.41,892.22,562.1,240.9,89.22
US-2014-115196,2014-Q3,South,Technology,2,650.0,1299.99,1310.39,561.6,-572.0
CA-2016-138968,2016-Q1,West,Office Supplies,2,2.27,4.54,2.02,0.87,1.65
CA-2016-138968,2016-Q1,West,Furniture,4,338.01,1352.03,887.27,380.26,84.5
CA-2015-101889,2015-Q4,East,Furniture,9,172.11,1548.99,1409.58,604.11,-464.7
CA-2015-101889,2015-Q4,East,Office Supplies,3,6.62,19.87,9.21,3.95,6.71
CA-2017-110821,2017-Q3,Central,Technology,3,39.82,119.45,93.02,39.87,-13.44
CA-2017-110821,2017-Q3,Central,Office Supplies,2,59.08,118.16,100.29,42.98,-25.11
CA-2015-121552,2015-Q1,South,Office Supplies,4,4.89,19.56,9.86,4.22,5.48
CA-2015-107685,2015-Q4,West,Furniture,4,20.24,80.96,36.27,15.54,29.15
CA-2015-107685,2015-Q4,West,Office Supplies,4,6.48,25.92,9.44,4.04,12.44
US-2014-120740,2014-Q2,West,Office Supplies,2,53.48,106.96,53.16,22.78,31.02
US-2014-120740,2014-Q2,West,Furniture,4,46.94,187.76,77.55,33.23,76.98
CA-2017-155740,2017-Q3,East,Office Supplies,4,19.2,76.78,91.36,39.16,-53.74
CA-2017-146493,2017-Q2,Central,Office Supplies,5,10.78,53.9,19.62,8.41,25.87
CA-2014-105417,2014-Q1,Central,Furniture,3,25.58,76.73,91.31,39.13,-53.71
CA-2014-105417,2014-Q1,Central,Office Supplies,7,1.49,10.43,20.08,8.6,-18.25
US-2017-141509,2017-Q3,West,Office Supplies,5,19.84,99.2,51.39,22.02,25.79
CA-2017-139493,2017-Q3,South,Office Supplies,5,3.18,15.92,9.19,3.94,2.79
CA-2014-151967,2014-Q4,South,Furniture,4,32.48,129.92,83.67,35.86,10.39
US-2016-140158,2016-Q4,East,Office Supplies,1,30.4,30.4,11.49,4.93,13.98
US-2016-140158,2016-Q4,East,Technology,9,599.99,5399.91,1965.56,842.39,2591.96
US-2016-140158,2016-Q4,East,Office Supplies,3,39.7,119.1,59.19,25.37,34.54
CA-2015-130974,2015-Q4,East,Office Supplies,6,6.68,40.08,14.59,6.25,19.24
CA-2015-130974,2015-Q4,East,Office Supplies,3,19.98,59.94,22.24,9.53,28.17
CA-2015-130974,2015-Q4,East,Technology,2,129.99,259.98,120.11,51.48,88.39
CA-2015-130974,2015-Q4,East,Furniture,1,170.98,170.98,96.94,41.55,32.49
CA-2015-130974,2015-Q4,East,Furniture,3,12.99,38.97,24.0,10.29,4.68
CA-2015-130974,2015-Q4,East,Office Supplies,5,30.98,154.9,59.64,25.56,69.7
CA-2015-130974,2015-Q4,East,Furniture,4,111.52,446.07,312.25,133.82,0.0
CA-2017-133487,2017-Q2,West,Office Supplies,3,50.98,152.94,78.16,33.49,41.29
CA-2014-142951,2014-Q4,South,Technology,3,7.82,23.47,12.94,5.54,4.99
CA-2014-133592,2014-Q4,East,Office Supplies,4,48.91,195.64,72.58,31.11,91.95
CA-2014-133592,2014-Q4,East,Office Supplies,3,4.98,14.94,5.54,2.38,7.02
CA-2014-133592,2014-Q4,East,Technology,4,421.95,1687.8,661.62,283.55,742.63
CA-2014-133592,2014-Q4,East,Furniture,2,170.98,341.96,184.32,78.99,78.65
CA-2014-133592,2014-Q4,East,Furniture,6,100.98,605.88,318.09,136.32,151.47
CA-2015-120782,2015-Q2,Central,Office Supplies,1,186.73,186.73,101.66,43.57,41.5
CA-2015-120782,2015-Q2,Central,Office Supplies,3,1270.99,3812.97,1334.54,571.95,1906.48
CA-2015-116876,2015-Q1,East,Office Supplies,9,2.94,26.42,11.79,5.05,9.58
CA-2015-116876,2015-Q1,East,Technology,1,625.99,625.99,306.73,131.46,187.8
CA-2016-169838,2016-Q4,Central,Furniture,9,174.29,1568.61,867.44,371.76,329.41
CA-2016-169838,2016-Q4,Central,Office Supplies,1,17.3,17.3,6.3,2.7,8.3
CA-2016-169838,2016-Q4,Central,Technology,8,20.0,160.0,68.32,29.28,62.4
US-2017-128951,2017-Q3,South,Office Supplies,3,59.98,179.94,90.69,38.87,50.38
US-2017-128951,2017-Q3,South,Furniture,3,290.98,872.94,501.07,214.74,157.13
US-2017-128951,2017-Q3,South,Office Supplies,2,6.48,12.96,4.72,2.02,6.22
CA-2014-102330,2014-Q4,West,Office Supplies,6,14.8,88.8,31.08,13.32,44.4
CA-2014-102330,2014-Q4,West,Technology,4,79.99,319.97,198.78,85.19,36.0
CA-2016-118899,2016-Q1,West,Furniture,7,23.98,167.89,107.24,45.96,14.69
CA-2017-107958,2017-Q3,Central,Office Supplies,5,32.79,163.96,73.16,31.36,59.44
CA-2017-107958,2017-Q3,Central,Office Supplies,4,1.31,5.23,9.34,4.0,-8.11
CA-2017-151799,2017-Q4,East,Technology,2,599.99,1199.98,512.39,219.6,467.99
CA-2017-151799,2017-Q4,East,Office Supplies,1,73.85,73.85,50.14,21.49,2.22
CA-2017-151799,2017-Q4,East,Office Supplies,3,8.57,25.71,13.32,5.71,6.68
CA-2017-151799,2017-Q4,East,Office Supplies,6,2.88,17.28,6.41,2.75,8.12
CA-2017-151799,2017-Q4,East,Furniture,2,263.29,526.58,405.47,173.77,-52.66
CA-2016-114601,2016-Q3,Central,Office Supplies,2,5.78,11.56,4.13,1.77,5.66
CA-2016-114601,2016-Q3,Central,Technology,3,69.99,209.97,105.83,45.35,58.79
CA-2016-114601,2016-Q3,Central,Furniture,4,111.96,447.84,244.52,104.8,98.52
CA-2016-114601,2016-Q3,Central,Technology,3,159.99,479.97,221.75,95.03,163.19
CA-2016-114601,2016-Q3,Central,Office Supplies,3,2.88,8.64,4.29,1.84,2.51
CA-2017-100237,2017-Q4,West,Office Supplies,2,5.84,11.68,5.24,2.24,4.2
CA-2014-139542,2014-Q4,East,Technology,3,13.59,40.78,28.19,12.08,0.51
CA-2014-139542,2014-Q4,East,Office Supplies,3,4.57,13.7,16.3,6.99,-9.59
US-2015-142811,2015-Q2,West,Technology,5,17.56,87.8,38.42,16.46,32.92
CA-2017-139353,2017-Q4,South,Furniture,3,25.98,77.95,43.65,18.71,15.59
CA-2017-139353,2017-Q4,South,Office Supplies,2,73.59,147.18,123.63,52.99,-29.44
CA-2017-139353,2017-Q4,South,Office Supplies,3,15.98,47.95,22.24,9.53,16.18
CA-2014-150203,2014-Q4,West,Office Supplies,6,41.71,250.26,124.38,53.3,72.58
US-2017-101518,2017-Q4,East,Technology,3,13.59,40.78,28.19,12.08,0.51
CA-2015-149636,2015-Q1,West,Office Supplies,5,5.92,29.6,14.24,6.11,9.25
CA-2015-149636,2015-Q1,West,Office Supplies,2,0.97,1.94,2.31,0.99,-1.36
US-2017-146213,2017-Q3,West,Technology,4,39.99,159.96,76.14,32.63,51.19
CA-2015-108588,2015-Q1,East,Office Supplies,3,19.84,59.52,30.83,13.21,15.48
CA-2015-108588,2015-Q1,East,Office Supplies,2,8.74,17.48,6.48,2.78,8.22
CA-2015-108588,2015-Q1,East,Office Supplies,2,6.58,13.17,5.99,2.57,4.61
US-2017-138086,2017-Q2,West,Office Supplies,3,13.58,40.74,19.96,8.56,12.22
CA-2015-139374,2015-Q3,Central,Furniture,1,179.89,179.89,127.72,54.74,-2.57
CA-2016-113978,2016-Q3,East,Office Supplies,1,286.26,286.26,187.86,80.51,17.89
CA-2016-113978,2016-Q3,East,Office Supplies,2,12.11,24.22,20.34,8.72,-4.84
CA-2016-113978,2016-Q3,East,Office Supplies,3,110.51,331.54,290.09,124.33,-82.88
US-2015-150231,2015-Q1,East,Office Supplies,3,5.84,17.52,7.85,3.36,6.31
CA-2016-106915,2016-Q4,Central,Office Supplies,4,4.46,17.86,9.53,4.09,4.24
US-2016-109260,2016-Q3,South,Technology,3,143.99,431.98,355.31,152.27,-75.6
CA-2017-104850,2017-Q2,West,Furniture,4,72.78,291.14,221.63,94.98,-25.47
CA-2017-140508,2017-Q3,Central,Office Supplies,4,28.71,114.85,55.27,23.69,35.89
CA-2017-143294,2017-Q2,Central,Office Supplies,2,5.34,10.69,4.86,2.09,3.74
CA-2016-165673,2016-Q2,East,Office Supplies,4,3.81,15.23,6.8,2.91,5.52
CA-2017-134418,2017-Q3,West,Office Supplies,3,4.14,12.42,5.04,2.16,5.22
US-2016-106313,2016-Q3,West,Office Supplies,3,6.48,19.44,7.08,3.03,9.33
CA-2014-105872,2014-Q2,East,Office Supplies,4,17.59,70.37,30.79,13.19,26.39
CA-2017-108287,2017-Q4,South,Office Supplies,9,1.41,12.67,7.87,3.37,1.43
CA-2017-141103,2017-Q3,East,Technology,5,17.99,89.95,32.74,14.03,43.18
CA-2014-154781,2014-Q4,West,Office Supplies,2,3.29,6.58,2.48,1.07,3.03
CA-2014-154781,2014-Q4,West,Technology,1,94.99,94.99,46.54,19.95,28.5
CA-2015-147816,2015-Q3,West,Technology,2,17.56,35.12,15.36,6.59,13.17
CA-2017-105326,2017-Q3,West,Office Supplies,4,6.48,25.92,9.44,4.04,12.44
CA-2016-133613,2016-Q2,East,Office Supplies,2,3.98,7.96,2.95,1.27,3.74
CA-2016-133613,2016-Q2,East,Technology,3,188.99,566.97,289.72,124.17,153.08
CA-2016-133613,2016-Q2,East,Office Supplies,3,3.28,9.84,4.89,2.1,2.85
CA-2015-109113,2015-Q4,Central,Technology,2,12.74,25.49,14.5,6.21,4.78
CA-2015-156153,2015-Q2,East,Office Supplies,6,1.26,7.56,5.08,2.18,0.3
CA-2015-133242,2015-Q2,South,Furniture,3,20.28,60.84,28.96,12.41,19.47
CA-2015-133242,2015-Q2,South,Office Supplies,2,225.02,450.04,274.07,117.46,58.51
CA-2015-133242,2015-Q2,South,Office Supplies,2,17.3,34.6,12.59,5.4,16.61
CA-2015-133242,2015-Q2,South,Technology,3,155.99,467.97,229.31,98.27,140.39
CA-2015-133242,2015-Q2,South,Office Supplies,2,16.51,33.02,12.02,5.15,15.85
CA-2015-158323,2015-Q4,South,Furniture,2,8.54,17.09,11.21,4.81,1.07
CA-2015-161795,2015-Q4,East,Office Supplies,2,1.5,3.01,1.87,0.8,0.34
CA-2017-100902,2017-Q4,South,Office Supplies,7,38.32,268.24,122.05,52.31,93.88
CA-2017-100902,2017-Q4,South,Technology,5,86.23,431.16,226.36,97.01,107.79
CA-2017-112844,2017-Q4,East,Technology,4,10.9,43.6,21.97,9.42,12.21
CA-2017-112844,2017-Q4,East,Furniture,3,51.65,154.95,86.77,37.19,30.99
CA-2016-158925,2016-Q4,Central,Office Supplies,3,5.18,15.55,7.08,3.03,5.44
CA-2014-155390,2014-Q4,South,Office Supplies,2,21.1,42.21,19.94,8.55,13.72
CA-2017-123071,2017-Q4,Central,Office Supplies,2,5.18,10.37,4.72,2.02,3.63
CA-2017-156391,2017-Q3,West,Office Supplies,1,2.22,2.22,1.16,0.5,0.56
CA-2015-103093,2015-Q1,South,Office Supplies,9,8.28,74.52,27.65,11.85,35.02
US-2017-118941,2017-Q3,East,Office Supplies,3,5.84,17.52,8.58,3.68,5.26
US-2017-118941,2017-Q3,East,Furniture,5,355.98,1779.9,984.28,421.84,373.78
US-2017-118941,2017-Q3,East,Office Supplies,5,43.98,219.9,112.37,48.16,59.37
CA-2015-169299,2015-Q3,West,Office Supplies,3,2.38,7.15,4.5,1.93,0.72
CA-2017-154088,2017-Q4,South,Office Supplies,5,5.34,26.72,12.16,5.21,9.35
CA-2016-155978,2016-Q3,West,Technology,2,519.86,1039.73,664.12,284.63,90.98
CA-2016-155978,2016-Q3,West,Office Supplies,2,22.98,45.96,22.52,9.65,13.79
CA-2016-108196,2016-Q4,East,Office Supplies,2,228.3,456.59,532.69,228.29,-304.39
CA-2016-108196,2016-Q4,East,Technology,5,900.0,4499.98,7769.97,3329.99,-6599.98
CA-2016-108196,2016-Q4,East,Technology,3,19.99,59.98,33.59,14.39,12.0
CA-2016-152800,2016-Q2,West,Office Supplies,3,2.04,6.12,2.27,0.97,2.88
CA-2014-166961,2014-Q4,West,Office Supplies,1,10.98,10.98,5.61,2.41,2.96
CA-2014-166961,2014-Q4,West,Office Supplies,3,2.62,7.86,2.97,1.27,3.62
CA-2014-166961,2014-Q4,West,Office Supplies,3,17.15,51.45,26.29,11.27,13.89
CA-2014-166961,2014-Q4,West,Office Supplies,3,12.35,37.06,16.21,6.95,13.9
CA-2016-139381,2016-Q2,South,Office Supplies,4,50.98,203.92,104.2,44.66,55.06
CA-2016-139381,2016-Q2,South,Technology,4,7.39,29.56,15.11,6.47,7.98
CA-2015-132136,2015-Q1,Central,Office Supplies,3,2.86,8.57,16.2,6.94,-14.57
CA-2016-162236,2016-Q4,South,Office Supplies,2,22.62,45.25,28.9,12.39,3.96
CA-2016-162236,2016-Q4,South,Furniture,10,87.63,876.3,817.88,350.52,-292.1
CA-2016-162236,2016-Q4,South,Office Supplies,2,92.69,185.38,154.1,66.04,-34.76
US-2014-111353,2014-Q4,East,Office Supplies,2,12.53,25.06,9.3,3.98,11.78
US-2016-117037,2016-Q2,Central,Office Supplies,1,2.89,2.89,5.36,2.3,-4.77
US-2016-117037,2016-Q2,Central,Office Supplies,3,2.63,7.9,3.8,1.63,2.47
US-2016-117037,2016-Q2,Central,Furniture,3,7.54,22.61,22.95,9.83,-10.17
US-2016-117037,2016-Q2,Central,Office Supplies,8,3.82,30.53,14.69,6.3,9.54
CA-2017-160801,2017-Q3,East,Office Supplies,3,1.61,4.84,5.76,2.47,-3.39
CA-2016-108364,2016-Q4,Central,Office Supplies,5,0.36,1.8,3.28,1.4,-2.88
CA-2017-169362,2017-Q4,Central,Technology,2,19.99,39.98,29.04,12.44,-1.5
CA-2015-127481,2015-Q4,West,Office Supplies,5,6.48,32.4,11.56,4.96,15.88
CA-2015-127481,2015-Q4,West,Office Supplies,2,48.94,97.88,34.26,14.68,48.94
CA-2015-112711,2015-Q3,Central,Technology,4,76.79,307.17,193.52,82.93,30.72
US-2015-145121,2015-Q4,East,Office Supplies,5,5.38,26.9,9.6,4.12,13.18
CA-2017-166184,2017-Q1,East,Office Supplies,3,15.67,47.01,17.44,7.48,22.09
CA-2017-166184,2017-Q1,East,Technology,1,469.99,469.99,233.58,100.11,136.3
CA-2017-166184,2017-Q1,East,Furniture,3,69.28,207.85,143.88,61.66,2.31
CA-2017-157413,2017-Q2,East,Office Supplies,3,108.25,324.74,281.31,120.56,-77.13
CA-2014-143637,2014-Q1,West,Furniture,2,20.24,40.48,18.14,7.77,14.57
CA-2015-102260,2015-Q3,South,Office Supplies,4,3.0,12.0,5.46,2.34,4.2
CA-2015-102260,2015-Q3,South,Office Supplies,4,180.02,720.06,548.15,234.92,-63.01
CA-2015-102260,2015-Q3,South,Office Supplies,1,25.42,25.42,21.13,9.06,-4.77
CA-2015-102260,2015-Q3,South,Office Supplies,2,1.41,2.82,1.75,0.75,0.32
CA-2015-102260,2015-Q3,South,Office Supplies,2,1.6,3.2,4.03,1.73,-2.56
US-2016-137295,2016-Q1,South,Office Supplies,7,4.4,30.83,38.84,16.65,-24.66
US-2016-137295,2016-Q1,South,Office Supplies,3,15.87,47.62,29.17,12.5,5.95
US-2016-137295,2016-Q1,South,Technology,2,54.39,108.78,68.53,29.37,10.88
CA-2016-134334,2016-Q1,East,Office Supplies,1,4.77,4.77,1.83,0.79,2.15
CA-2016-134334,2016-Q1,East,Office Supplies,3,2.66,7.98,4.14,1.77,2.07
CA-2016-134334,2016-Q1,East,Furniture,3,183.48,550.43,418.33,179.28,-47.18
CA-2016-134334,2016-Q1,East,Furniture,6,1.76,10.56,4.14,1.77,4.65
US-2017-109316,2017-Q2,West,Furniture,2,748.84,1497.67,949.7,407.01,140.96
US-2017-109316,2017-Q2,West,Technology,2,8.76,17.52,14.71,6.31,-3.5
CA-2016-138478,2016-Q4,West,Office Supplies,3,37.74,113.22,58.65,25.13,29.44
CA-2016-138478,2016-Q4,West,Office Supplies,6,5.98,35.88,12.81,5.49,17.58
CA-2016-138478,2016-Q4,West,Office Supplies,3,1511.99,4535.98,2024.18,867.51,1644.29
CA-2017-150469,2017-Q1,West,Office Supplies,8,1.48,11.84,4.31,1.85,5.68
CA-2017-152436,2017-Q4,East,Office Supplies,6,98.79,592.74,302.89,129.81,160.04
CA-2016-169334,2016-Q4,South,Office Supplies,9,12.41,111.67,73.28,31.41,6.98
US-2014-115413,2014-Q3,East,Office Supplies,3,2.88,8.64,4.29,1.84,2.51
US-2014-115413,2014-Q3,East,Technology,3,49.99,149.97,68.24,29.24,52.49
CA-2014-125150,2014-Q2,West,Furniture,5,46.58,232.88,150.79,64.62,17.47
CA-2015-127327,2015-Q1,East,Furniture,1,90.88,90.88,53.01,22.72,15.15
CA-2017-117114,2017-Q4,Central,Technology,4,127.19,508.77,329.43,141.18,38.16
CA-2017-117114,2017-Q4,Central,Office Supplies,3,3.3,9.91,4.68,2.01,3.22
CA-2015-137302,2015-Q2,West,Furniture,3,21.31,63.94,40.28,17.27,6.39
CA-2015-137302,2015-Q2,West,Office Supplies,3,19.84,59.52,30.83,13.21,15.48
CA-2015-137302,2015-Q2,West,Technology,3,103.99,311.98,191.09,81.89,39.0
CA-2015-137302,2015-Q2,West,Office Supplies,3,16.78,50.35,22.91,9.82,17.62
CA-2016-112382,2016-Q2,Central,Technology,2,9.57,19.14,12.06,5.17,1.91
CA-2015-128958,2015-Q1,South,Office Supplies,5,2.62,13.12,7.69,3.3,2.13
CA-2015-106257,2015-Q2,West,Furniture,2,120.78,241.57,179.67,77.0,-15.1
CA-2015-106257,2015-Q2,West,Technology,2,239.96,479.92,306.55,131.38,41.99
CA-2015-149083,2015-Q3,West,Furniture,4,76.78,307.14,223.06,95.6,-11.52
CA-2015-149083,2015-Q3,West,Office Supplies,2,6.3,12.6,4.76,2.04,5.8
CA-2015-149083,2015-Q3,West,Technology,2,79.99,159.98,71.67,30.72,57.59
US-2014-137869,2014-Q1,Central,Office Supplies,3,2.04,6.12,2.27,0.97,2.88
US-2014-137869,2014-Q1,Central,Furniture,4,296.18,1184.72,754.67,323.43,106.62
CA-2016-116603,2016-Q3,East,Office Supplies,2,22.98,45.96,22.52,9.65,13.79
CA-2014-158470,2014-Q2,South,Office Supplies,3,19.35,58.05,21.94,9.41,26.7
CA-2014-158470,2014-Q2,South,Office Supplies,11,6.48,71.28,25.95,11.12,34.21
US-2017-123834,2017-Q3,Central,Furniture,4,31.1,124.4,102.01,43.72,-21.33
CA-2015-125976,2015-Q3,South,Office Supplies,5,30.98,154.9,59.64,25.56,69.7
CA-2015-125976,2015-Q3,South,Technology,12,155.99,1871.88,917.22,393.1,561.56
CA-2016-128706,2016-Q1,Central,Furniture,2,8.1,16.19,16.15,6.92,-6.88
CA-2016-104311,2016-Q2,Central,Office Supplies,3,6.31,18.94,15.91,6.82,-3.79
CA-2016-104311,2016-Q2,Central,Office Supplies,3,4.22,12.67,11.09,4.75,-3.17
CA-2016-104311,2016-Q2,Central,Office Supplies,2,2.52,5.04,2.3,0.98,1.76
CA-2014-169649,2014-Q4,Central,Office Supplies,2,4.22,8.45,3.84,1.65,2.96
CA-2014-169649,2014-Q4,Central,Office Supplies,2,10.2,20.39,51.38,22.02,-53.01
CA-2015-144890,2015-Q4,West,Office Supplies,2,4.98,9.96,3.56,1.52,4.88
CA-2017-135587,2017-Q4,South,Office Supplies,4,80.16,320.64,161.6,69.26,89.78
CA-2017-135587,2017-Q4,South,Technology,4,13.0,52.0,20.02,8.58,23.4
CA-2014-103429,2014-Q2,East,Office Supplies,2,12.79,25.58,11.64,4.99,8.95
CA-2014-103429,2014-Q2,East,Technology,5,92.8,464.0,230.61,98.83,134.56
CA-2014-103429,2014-Q2,East,Office Supplies,3,78.65,235.95,110.66,47.43,77.86
CA-2014-103429,2014-Q2,East,Office Supplies,4,9.99,39.96,15.39,6.59,17.98
CA-2017-152261,2017-Q1,East,Office Supplies,4,4.63,18.53,21.62,9.26,-12.35
CA-2015-142993,2015-Q4,West,Technology,2,8.95,17.9,10.15,4.35,3.4
CA-2015-142993,2015-Q4,West,Office Supplies,2,40.98,81.96,57.37,24.59,0.0
CA-2015-143364,2015-Q3,West,Office Supplies,3,90.91,272.74,236.26,101.25,-64.77
CA-2015-143364,2015-Q3,West,Office Supplies,4,4.62,18.5,8.26,3.54,6.7
CA-2015-143364,2015-Q3,West,Furniture,2,220.96,441.92,274.54,117.66,49.72
CA-2015-143364,2015-Q3,West,Furniture,6,21.29,127.76,223.59,95.82,-191.65
CA-2014-100972,2014-Q4,West,Office Supplies,3,55.48,166.44,60.58,25.97,79.89
CA-2016-136994,2016-Q2,West,Office Supplies,2,6.69,13.38,5.06,2.17,6.15
US-2017-166233,2017-Q3,South,Technology,2,12.0,24.0,18.69,8.01,-2.7
CA-2017-122112,2017-Q3,East,Office Supplies,4,6.11,24.45,10.91,4.68,8.86
CA-2016-101672,2016-Q4,West,Office Supplies,2,3.08,6.16,2.24,0.96,2.96
CA-2016-101672,2016-Q4,West,Furniture,4,228.78,915.14,568.53,243.66,102.95
CA-2016-101672,2016-Q4,West,Office Supplies,2,4.28,8.56,3.3,1.41,3.85
CA-2016-101672,2016-Q4,West,Office Supplies,2,48.91,97.82,36.29,15.55,45.98
CA-2017-168403,2017-Q3,West,Office Supplies,6,5.18,31.1,13.87,5.95,11.28
CA-2017-168403,2017-Q3,West,Office Supplies,1,11.18,11.18,7.24,3.1,0.84
CA-2015-148705,2015-Q1,South,Office Supplies,2,2.52,5.04,2.3,0.98,1.76
CA-2016-160241,2016-Q4,Central,Furniture,4,60.54,242.18,381.43,163.47,-302.72
CA-2016-155747,2016-Q2,East,Furniture,2,168.59,337.18,318.63,136.56,-118.01
CA-2017-118017,2017-Q4,West,Office Supplies,6,2.22,13.34,8.64,3.7,1.0
CA-2017-118017,2017-Q4,West,Technology,6,12.79,76.75,46.34,19.86,10.55
CA-2017-118017,2017-Q4,West,Technology,8,12.79,102.34,61.79,26.48,14.07
CA-2017-118017,2017-Q4,West,Office Supplies,2,5.16,10.32,4.61,1.97,3.74
CA-2017-118017,2017-Q4,West,Office Supplies,7,6.76,47.32,28.98,12.42,5.92
CA-2017-118017,2017-Q4,West,Furniture,3,7.79,23.38,11.46,4.91,7.01
CA-2017-118017,2017-Q4,West,Furniture,5,3.34,16.72,9.37,4.01,3.34
CA-2017-118017,2017-Q4,West,Furniture,1,16.19,16.19,8.07,3.46,4.66
CA-2016-113117,2016-Q3,West,Office Supplies,5,6.48,32.4,11.79,5.06,15.55
CA-2016-148684,2016-Q4,South,Office Supplies,9,2.21,19.89,10.16,4.36,5.37
CA-2016-148684,2016-Q4,South,Technology,2,199.99,399.98,159.59,68.4,171.99
CA-2016-148684,2016-Q4,South,Furniture,5,68.77,343.85,144.42,61.89,137.54
CA-2016-148684,2016-Q4,South,Office Supplies,3,35.44,106.32,39.44,16.91,49.97
CA-2017-125367,2017-Q3,East,Office Supplies,3,4.64,13.92,6.7,2.87,4.35
CA-2017-124744,2017-Q2,East,Office Supplies,5,16.48,82.4,29.41,12.61,40.38
CA-2017-124744,2017-Q2,East,Office Supplies,2,3.12,6.24,2.23,0.95,3.06
CA-2017-124744,2017-Q2,East,Office Supplies,8,55.98,447.84,159.88,68.52,219.44
CA-2017-128363,2017-Q3,South,Office Supplies,7,38.86,272.05,169.01,72.43,30.61
CA-2017-128363,2017-Q3,South,Office Supplies,6,269.1,1614.58,1996.7,855.73,-1237.85
CA-2017-128363,2017-Q3,South,Office Supplies,5,4.86,24.32,10.64,4.56,9.12
CA-2017-128363,2017-Q3,South,Technology,2,0.79,1.58,0.77,0.33,0.48
CA-2017-128363,2017-Q3,South,Furniture,1,31.98,31.98,22.39,9.59,0.0
CA-2017-128363,2017-Q3,South,Office Supplies,5,2.95,14.76,6.97,2.99,4.8
CA-2017-128363,2017-Q3,South,Furniture,2,211.82,423.65,263.19,112.8,47.66
CA-2015-126669,2015-Q4,Central,Office Supplies,2,38.32,76.64,34.87,14.95,26.82
US-2015-118766,2015-Q4,Central,Office Supplies,1,4.46,4.46,1.95,0.84,1.67
US-2015-118766,2015-Q4,Central,Office Supplies,10,0.4,3.96,7.62,3.27,-6.93
CA-2016-112585,2016-Q3,West,Office Supplies,2,357.82,715.64,375.71,161.02,178.91
CA-2016-149762,2016-Q4,West,Furniture,3,89.57,268.7,183.39,78.59,6.72
CA-2016-149762,2016-Q4,West,Office Supplies,8,2.74,21.92,11.2,4.8,5.92
CA-2016-149762,2016-Q4,West,Office Supplies,3,16.24,48.72,28.99,12.42,7.31
CA-2016-149762,2016-Q4,West,Furniture,2,102.84,205.67,152.44,65.33,-12.1
CA-2016-167605,2016-Q2,Central,Furniture,2,15.17,30.34,43.54,18.66,-31.86
US-2017-105697,2017-Q3,East,Office Supplies,2,12.85,25.7,16.64,7.13,1.93
CA-2017-165323,2017-Q2,East,Technology,5,680.9,3404.5,1215.41,520.89,1668.2
CA-2017-165323,2017-Q2,East,Technology,3,33.78,101.34,65.26,27.97,8.11
CA-2015-110891,2015-Q4,East,Furniture,4,86.09,344.37,306.49,131.35,-93.47
CA-2017-100783,2017-Q3,Central,Office Supplies,1,30.38,30.38,18.61,7.97,3.8
CA-2015-152513,2015-Q3,West,Office Supplies,2,11.42,22.85,10.79,4.63,7.43
CA-2017-139822,2017-Q3,East,Office Supplies,2,19.31,38.62,19.47,8.34,10.81
CA-2017-139822,2017-Q3,East,Technology,2,29.99,59.98,34.43,14.75,10.8
CA-2017-107713,2017-Q1,East,Office Supplies,3,58.1,174.3,64.67,27.71,81.92
CA-2017-134096,2017-Q3,South,Technology,5,76.79,383.96,241.89,103.67,38.4
CA-2017-134096,2017-Q3,South,Office Supplies,3,5.19,15.57,18.89,8.1,-11.42
CA-2016-125843,2016-Q3,South,Office Supplies,4,5.58,22.32,8.13,3.48,10.71
CA-2016-125843,2016-Q3,South,Office Supplies,7,14.8,103.6,36.26,15.54,51.8
CA-2017-120404,2017-Q4,East,Technology,3,0.99,2.97,1.14,0.49,1.34
CA-2017-120404,2017-Q4,East,Technology,1,569.99,569.99,279.29,119.7,171.0
CA-2017-120404,2017-Q4,East,Furniture,3,16.99,50.97,29.26,12.54,9.17
CA-2017-167549,2017-Q3,Central,Furniture,6,49.69,298.12,211.67,90.71,-4.26
CA-2016-120082,2016-Q1,East,Office Supplies,3,19.84,59.52,29.16,12.5,17.86
US-2016-168095,2016-Q3,West,Furniture,3,76.76,230.28,145.07,62.18,23.03
US-2016-168095,2016-Q3,West,Office Supplies,5,21.1,105.52,49.86,21.37,34.29
CA-2017-166093,2017-Q3,West,Office Supplies,2,11.68,23.36,8.18,3.5,11.68
CA-2017-166093,2017-Q3,West,Technology,3,23.99,71.98,44.09,18.89,9.0
CA-2017-166093,2017-Q3,West,Office Supplies,2,4.28,8.56,3.3,1.41,3.85
CA-2017-166093,2017-Q3,West,Office Supplies,3,4.64,13.92,6.33,2.72,4.87
CA-2017-166093,2017-Q3,West,Office Supplies,9,279.81,2518.29,1304.47,559.06,654.76
CA-2017-166093,2017-Q3,West,Office Supplies,3,180.19,540.57,280.01,120.01,140.55
CA-2017-166093,2017-Q3,West,Office Supplies,8,27.63,221.06,100.58,43.11,77.37
CA-2016-146325,2016-Q4,West,Furniture,2,40.71,81.42,63.41,27.17,-9.16
CA-2016-146325,2016-Q4,West,Office Supplies,10,13.48,134.8,69.83,29.92,35.05
CA-2017-134194,2017-Q4,Central,Office Supplies,9,4.4,39.58,69.26,29.69,-59.37
CA-2017-134194,2017-Q4,Central,Office Supplies,7,6.38,44.69,27.76,11.9,5.03
CA-2017-134194,2017-Q4,Central,Office Supplies,2,15.87,31.74,20.55,8.81,2.38
CA-2017-134194,2017-Q4,Central,Office Supplies,5,8.2,40.98,74.58,31.97,-65.57
CA-2017-134194,2017-Q4,Central,Office Supplies,3,1.06,3.17,5.77,2.47,-5.07
CA-2014-131009,2014-Q1,Central,Office Supplies,5,3.77,18.84,15.66,6.71,-3.53
CA-2014-131009,2014-Q1,Central,Furniture,6,60.38,362.25,253.57,108.68,0.0
CA-2014-131009,2014-Q1,Central,Furniture,6,10.59,63.55,68.95,29.55,-34.95
CA-2014-131009,2014-Q1,Central,Office Supplies,3,43.18,129.55,106.55,45.67,-22.67
CA-2015-145814,2015-Q4,East,Office Supplies,2,2.99,5.98,2.62,1.12,2.24
CA-2015-145814,2015-Q4,East,Technology,4,215.44,861.76,428.3,183.55,249.91
CA-2014-138359,2014-Q2,East,Office Supplies,4,16.74,66.96,45.0,19.28,2.68
CA-2014-138359,2014-Q2,East,Office Supplies,2,3.12,6.24,2.23,0.95,3.06
CA-2017-131807,2017-Q4,West,Furniture,4,108.79,435.17,346.51,148.5,-59.84
CA-2017-131807,2017-Q4,West,Office Supplies,5,2.98,14.9,5.63,2.42,6.85
CA-2017-131807,2017-Q4,West,Office Supplies,4,3.95,15.8,8.18,3.51,4.11
CA-2017-131807,2017-Q4,West,Furniture,5,14.58,72.9,32.15,13.78,26.97
CA-2017-131807,2017-Q4,West,Furniture,3,68.78,206.35,140.83,60.36,5.16
CA-2017-131807,2017-Q4,West,Technology,1,7.99,7.99,3.7,1.59,2.7
CA-2017-104864,2017-Q4,South,Office Supplies,5,16.27,81.36,70.48,30.2,-19.32
CA-2017-104864,2017-Q4,South,Office Supplies,8,2.53,20.23,25.49,10.93,-16.19
CA-2017-104864,2017-Q4,South,Office Supplies,4,97.26,389.06,238.3,102.13,48.63
CA-2017-104864,2017-Q4,South,Office Supplies,4,5.18,20.74,9.44,4.04,7.26
CA-2017-104864,2017-Q4,South,Office Supplies,8,5.18,41.47,18.86,8.09,14.52
CA-2015-138219,2015-Q1,West,Office Supplies,4,8.34,33.36,11.68,5.0,16.68
CA-2016-157707,2016-Q4,West,Furniture,3,30.29,90.88,197.21,84.52,-190.85
CA-2016-157707,2016-Q4,West,Technology,1,15.99,15.99,13.29,5.7,-3.0
CA-2016-157707,2016-Q4,West,Furniture,1,120.78,120.78,75.03,32.16,13.59
US-2015-126753,2015-Q3,East,Technology,4,129.95,519.79,442.69,189.72,-112.62
US-2015-126753,2015-Q3,East,Technology,3,10.39,31.18,25.65,10.99,-5.46
US-2015-126753,2015-Q3,East,Office Supplies,2,5.18,10.37,4.72,2.02,3.63
US-2015-126753,2015-Q3,East,Office Supplies,2,1.36,2.72,3.24,1.39,-1.91
US-2015-126753,2015-Q3,East,Furniture,3,84.78,254.35,178.04,76.31,0.0
US-2015-126753,2015-Q3,East,Office Supplies,3,1.25,3.76,4.56,1.96,-2.76
US-2015-126753,2015-Q3,East,Office Supplies,3,3.42,10.27,4.94,2.12,3.21
CA-2014-166051,2014-Q2,South,Technology,3,219.99,659.97,323.39,138.59,197.99
CA-2014-166051,2014-Q2,South,Technology,3,37.91,113.73,56.52,24.23,32.98
CA-2015-113040,2015-Q3,West,Office Supplies,1,5.1,5.1,2.41,1.03,1.66
CA-2014-103800,2014-Q1,Central,Office Supplies,2,8.22,16.45,7.63,3.27,5.55
CA-2014-113383,2014-Q3,East,Office Supplies,4,20.48,81.92,41.86,17.94,22.12
CA-2014-113383,2014-Q3,East,Furniture,5,50.98,254.9,124.9,53.53,76.47
CA-2017-152499,2017-Q1,Central,Office Supplies,5,3.02,15.12,7.15,3.06,4.91
CA-2017-152499,2017-Q1,Central,Office Supplies,3,2.62,7.87,4.89,2.09,0.89
CA-2016-151498,2016-Q2,West,Office Supplies,5,1.66,8.32,3.86,1.65,2.81
CA-2016-137939,2016-Q3,East,Technology,5,17.99,89.95,32.74,14.03,43.18
US-2016-117793,2016-Q3,Central,Office Supplies,4,6.3,25.2,9.53,4.08,11.59
US-2016-117793,2016-Q3,Central,Office Supplies,3,12.53,37.59,13.94,5.98,17.67
US-2016-117793,2016-Q3,Central,Office Supplies,1,14.97,14.97,7.55,3.23,4.19
US-2016-117793,2016-Q3,Central,Technology,2,0.99,1.98,0.76,0.33,0.89
CA-2016-133872,2016-Q2,South,Office Supplies,4,9.98,39.94,46.59,19.97,-26.62
CA-2016-133872,2016-Q2,South,Technology,2,9.23,18.46,11.31,4.84,2.31
US-2015-165743,2015-Q4,West,Office Supplies,3,1.63,4.9,5.83,2.5,-3.43
US-2015-165743,2015-Q4,West,Furniture,6,24.29,145.76,275.49,118.07,-247.8
US-2015-165743,2015-Q4,West,Office Supplies,6,1.6,9.61,11.89,5.09,-7.37
US-2017-105998,2017-Q4,West,Technology,5,39.95,199.75,78.3,33.56,87.89
US-2017-105998,2017-Q4,West,Furniture,12,139.43,1673.18,1156.59,495.68,20.91
US-2014-148194,2014-Q2,West,Furniture,7,1.74,12.18,5.8,2.48,3.9
US-2014-148194,2014-Q2,West,Office Supplies,4,14.42,57.68,27.05,11.6,19.03
US-2015-151407,2015-Q4,Central,Technology,4,65.99,263.96,131.19,56.22,76.55
CA-2015-110870,2015-Q4,West,Technology,6,49.99,299.94,119.68,51.29,128.97
CA-2015-110870,2015-Q4,West,Office Supplies,7,3.68,25.76,17.67,7.57,0.52
CA-2014-143210,2014-Q4,East,Technology,2,135.95,271.9,135.13,57.92,78.85
CA-2014-143210,2014-Q4,East,Furniture,3,15.28,45.84,21.18,9.07,15.59
CA-2014-143210,2014-Q4,East,Furniture,2,4.91,9.82,4.61,1.97,3.24
CA-2016-139808,2016-Q4,West,Office Supplies,12,7.78,93.36,64.7,27.73,0.93
CA-2015-110863,2015-Q4,Central,Office Supplies,4,135.31,541.24,375.08,160.75,5.41
CA-2015-110863,2015-Q4,Central,Office Supplies,3,35.44,106.32,39.44,16.91,49.97
CA-2015-110863,2015-Q4,Central,Furniture,5,264.78,1323.9,657.98,281.99,383.93
CA-2014-127859,2014-Q1,East,Office Supplies,6,21.1,126.62,59.83,25.64,41.15
US-2015-136427,2015-Q2,West,Technology,7,17.99,125.94,77.14,33.06,15.74
CA-2017-120168,2017-Q2,East,Office Supplies,5,132.78,663.92,319.51,136.93,207.48
CA-2017-120168,2017-Q2,East,Technology,8,15.0,120.0,74.76,32.04,13.2
CA-2017-120168,2017-Q2,East,Office Supplies,1,3.29,3.29,1.27,0.54,1.48
CA-2017-120168,2017-Q2,East,Furniture,3,6.28,18.84,8.97,3.84,6.03
US-2014-131870,2014-Q3,East,Furniture,6,10.11,60.67,33.45,14.33,12.89
US-2014-131870,2014-Q3,East,Office Supplies,9,3.42,30.82,19.68,8.44,2.7
CA-2017-114804,2017-Q4,West,Technology,1,52.79,52.79,33.72,14.45,4.62
CA-2017-167227,2017-Q4,Central,Office Supplies,10,8.39,83.9,44.04,18.88,20.98
CA-2017-167227,2017-Q4,Central,Office Supplies,2,5.88,11.76,4.2,1.8,5.76
CA-2014-129189,2014-Q3,Central,Office Supplies,3,1.66,4.99,12.58,5.39,-12.98
CA-2014-129189,2014-Q3,Central,Office Supplies,5,17.58,87.92,40.77,17.48,29.67
CA-2014-129189,2014-Q3,Central,Furniture,5,131.59,657.93,526.34,225.58,-93.99
CA-2014-129189,2014-Q3,Central,Office Supplies,1,1.04,1.04,2.01,0.86,-1.83
CA-2015-132465,2015-Q3,East,Furniture,2,105.34,210.68,112.08,48.04,50.56
CA-2015-132465,2015-Q3,East,Office Supplies,1,78.8,78.8,54.05,23.17,1.58
CA-2015-132465,2015-Q3,East,Technology,1,19.99,19.99,9.23,3.96,6.8
CA-2015-132465,2015-Q3,East,Office Supplies,4,193.17,772.68,465.15,199.35,108.18
CA-2016-166373,2016-Q4,Central,Technology,6,17.68,106.08,80.75,34.61,-9.28
CA-2016-158806,2016-Q1,Central,Furniture,3,7.69,23.08,23.83,10.21,-10.96
CA-2016-158806,2016-Q1,Central,Office Supplies,5,5.18,25.92,11.79,5.06,9.07
CA-2015-119690,2015-Q2,Central,Office Supplies,3,15.98,47.95,22.24,9.53,16.18
CA-2015-119690,2015-Q2,Central,Office Supplies,2,0.49,0.98,1.72,0.74,-1.48
CA-2015-119690,2015-Q2,Central,Furniture,9,8.38,75.38,67.28,28.83,-20.73
CA-2015-119690,2015-Q2,Central,Office Supplies,2,2.31,4.61,2.06,0.88,1.67
CA-2015-153738,2015-Q3,East,Office Supplies,6,6.28,37.68,14.5,6.22,16.96
CA-2017-169012,2017-Q3,South,Office Supplies,3,13.97,41.91,21.71,9.3,10.9
CA-2017-109393,2017-Q2,West,Furniture,3,145.33,436.0,301.61,129.26,5.13
CA-2017-121489,2017-Q3,West,Furniture,6,64.78,388.7,244.88,104.95,38.87
CA-2017-121489,2017-Q3,West,Office Supplies,6,95.43,572.58,376.76,161.47,34.35
CA-2017-121489,2017-Q3,West,Technology,2,16.59,33.18,15.1,6.47,11.61
US-2017-133081,2017-Q1,East,Technology,4,15.97,63.88,27.28,11.69,24.91
US-2017-133081,2017-Q1,East,Furniture,1,26.72,26.72,10.47,4.49,11.76
CA-2017-165008,2017-Q3,West,Office Supplies,9,32.78,295.06,131.67,56.43,106.96
CA-2016-145611,2016-Q3,East,Office Supplies,5,78.65,393.25,184.44,79.04,129.77
CA-2016-113600,2016-Q4,East,Office Supplies,3,0.74,2.21,2.58,1.11,-1.48
CA-2017-130834,2017-Q4,South,Office Supplies,3,5.42,16.27,7.69,3.29,5.29
CA-2016-168543,2016-Q3,East,Office Supplies,7,100.98,706.86,356.26,152.68,197.92
CA-2014-144974,2014-Q3,East,Office Supplies,5,1.19,5.97,7.38,3.17,-4.58
CA-2014-144974,2014-Q3,East,Furniture,1,21.18,21.18,11.49,4.92,4.77
CA-2014-144974,2014-Q3,East,Office Supplies,6,6.9,41.38,26.8,11.48,3.1
CA-2014-109904,2014-Q3,East,Office Supplies,3,5.98,17.94,9.42,4.03,4.49
CA-2017-152205,2017-Q3,East,Office Supplies,1,2.66,2.66,3.16,1.36,-1.86
CA-2015-121188,2015-Q3,West,Office Supplies,5,178.47,892.35,437.26,187.39,267.7
CA-2015-121188,2015-Q3,West,Furniture,2,153.84,307.67,195.1,83.61,28.96
CA-2015-121188,2015-Q3,West,Office Supplies,9,80.98,728.82,489.77,209.9,29.15
CA-2015-121188,2015-Q3,West,Office Supplies,5,8.27,41.36,19.18,8.22,13.96
CA-2015-121188,2015-Q3,West,Technology,3,14.39,43.18,19.65,8.42,15.11
CA-2015-121188,2015-Q3,West,Furniture,2,2.08,4.16,1.69,0.72,1.75
CA-2015-156013,2015-Q3,East,Office Supplies,5,12.28,61.4,22.78,9.76,28.86
CA-2015-156013,2015-Q3,East,Office Supplies,2,12.22,24.45,10.91,4.68,8.86
CA-2016-132997,2016-Q4,East,Technology,4,65.99,263.96,134.88,57.81,71.27
CA-2016-132997,2016-Q4,East,Technology,3,119.99,359.97,181.43,77.75,100.79
CA-2016-132997,2016-Q4,East,Office Supplies,2,6.48,12.96,4.72,2.02,6.22
CA-2016-132997,2016-Q4,East,Office Supplies,3,38.94,116.82,77.69,33.29,5.84
CA-2016-132997,2016-Q4,East,Office Supplies,2,138.39,276.78,130.78,56.05,89.95
US-2015-160563,2015-Q4,West,Technology,3,79.99,239.97,107.51,46.07,86.39
US-2015-160563,2015-Q4,West,Furniture,6,2.67,16.02,6.95,2.98,6.09
CA-2017-151750,2017-Q1,Central,Office Supplies,5,90.91,454.56,393.76,168.76,-107.96
CA-2017-151750,2017-Q1,Central,Furniture,5,28.28,141.42,230.16,98.64,-187.38
CA-2017-151750,2017-Q1,Central,Furniture,4,77.68,310.74,236.17,101.21,-26.64
CA-2017-151750,2017-Q1,Central,Office Supplies,4,3.18,12.74,7.36,3.15,2.23
CA-2017-151750,2017-Q1,Central,Office Supplies,5,1.29,6.47,11.32,4.85,-9.7
CA-2017-151750,2017-Q1,Central,Office Supplies,14,0.98,13.75,25.5,10.93,-22.68
CA-2017-151750,2017-Q1,Central,Office Supplies,2,7.61,15.22,37.83,16.21,-38.82
CA-2015-106187,2015-Q2,South,Furniture,3,9.14,27.42,12.67,5.43,9.32
CA-2015-106187,2015-Q2,South,Office Supplies,1,165.98,165.98,63.9,27.39,74.69
CA-2015-106187,2015-Q2,South,Technology,3,25.0,75.0,39.9,17.1,18.0
US-2016-164945,2016-Q4,East,Office Supplies,8,16.78,134.27,61.09,26.18,47.0
CA-2015-150714,2015-Q4,West,Office Supplies,6,24.42,146.54,69.24,29.67,47.63
CA-2015-150714,2015-Q4,West,Office Supplies,3,43.97,131.9,58.86,25.22,47.82
CA-2015-150714,2015-Q4,West,Office Supplies,5,40.78,203.88,128.44,55.05,20.39
CA-2015-150714,2015-Q4,West,Office Supplies,7,2.04,14.3,17.35,7.44,-10.49
CA-2015-150714,2015-Q4,West,Office Supplies,10,71.86,718.64,616.23,264.1,-161.69
CA-2016-105753,2016-Q4,South,Furniture,5,12.22,61.1,29.94,12.83,18.33
CA-2017-120894,2017-Q2,South,Office Supplies,3,9.36,28.08,15.97,6.85,5.26
CA-2016-106621,2016-Q3,West,Office Supplies,4,2.62,10.5,6.52,2.8,1.18
CA-2015-107020,2015-Q3,West,Office Supplies,2,19.96,39.92,18.87,8.08,12.97
US-2015-117492,2015-Q3,East,Office Supplies,9,8.62,77.58,40.19,17.22,20.17
CA-2014-101392,2014-Q4,West,Office Supplies,7,38.48,269.36,139.53,59.8,70.03
CA-2015-127502,2015-Q4,West,Office Supplies,2,2.88,5.76,2.06,0.88,2.82
CA-2017-143658,2017-Q4,East,Office Supplies,5,21.98,109.9,53.85,23.08,32.97
CA-2017-133046,2017-Q3,West,Furniture,3,7.96,23.88,9.36,4.01,10.51
CA-2017-133046,2017-Q3,West,Office Supplies,4,6.55,26.2,9.9,4.25,12.05
CA-2017-133046,2017-Q3,West,Office Supplies,2,6.48,12.96,4.72,2.02,6.22
CA-2017-133046,2017-Q3,West,Technology,5,46.99,234.95,141.44,60.62,32.89
CA-2017-122798,2017-Q4,West,Office Supplies,5,23.65,118.25,58.77,25.19,34.29
CA-2017-122798,2017-Q4,West,Office Supplies,1,4.28,4.28,1.65,0.7,1.93
CA-2016-169663,2016-Q1,West,Technology,3,8.95,26.85,15.22,6.53,5.1
CA-2016-169663,2016-Q1,West,Technology,3,1119.2,3357.6,2085.91,893.96,377.73
CA-2015-149846,2015-Q2,West,Office Supplies,2,4.13,8.26,3.12,1.34,3.8
CA-2015-149846,2015-Q2,West,Technology,7,424.76,2973.32,1847.17,791.65,334.5
CA-2015-149846,2015-Q2,West,Office Supplies,7,14.97,104.79,52.81,22.64,29.34
CA-2015-149846,2015-Q2,West,Technology,6,129.29,775.73,502.29,215.26,58.18
CA-2017-159149,2017-Q1,Central,Furniture,1,89.07,89.07,74.27,31.83,-17.03
CA-2017-159149,2017-Q1,Central,Office Supplies,6,29.24,175.44,85.97,36.84,52.63
CA-2017-159149,2017-Q1,Central,Technology,4,109.58,438.34,368.21,157.8,-87.67
US-2017-167570,2017-Q4,East,Furniture,4,53.88,215.54,191.83,82.21,-58.5
CA-2017-160122,2017-Q4,Central,Office Supplies,6,9.26,55.58,24.32,10.42,20.84
CA-2017-160122,2017-Q4,Central,Furniture,2,63.7,127.39,107.01,45.86,-25.48
CA-2016-130393,2016-Q4,Central,Furniture,5,49.69,248.43,186.32,79.85,-17.74
CA-2016-130393,2016-Q4,Central,Office Supplies,4,2.91,11.65,29.76,12.76,-30.87
CA-2016-130393,2016-Q4,Central,Furniture,2,42.62,85.25,60.53,25.94,-1.22
CA-2017-144820,2017-Q4,Central,Office Supplies,5,4.13,20.64,12.82,5.5,2.32
CA-2017-101014,2017-Q3,West,Furniture,3,49.34,148.02,74.6,31.97,41.45
CA-2017-105543,2017-Q4,Central,Office Supplies,1,33.29,33.29,17.71,7.59,7.99
US-2017-113201,2017-Q2,West,Office Supplies,5,40.99,204.95,73.16,31.36,100.43
US-2017-106551,2017-Q3,Central,Furniture,4,131.58,526.34,421.07,180.46,-75.19
CA-2016-116722,2016-Q4,West,Furniture,2,20.98,41.96,21.73,9.32,10.91
CA-2016-116722,2016-Q4,West,Furniture,3,150.38,451.15,315.8,135.35,0.0
CA-2016-116722,2016-Q4,West,Office Supplies,11,2.86,31.5,14.33,6.14,11.03
CA-2014-138128,2014-Q4,East,Office Supplies,3,10.22,30.67,14.76,6.32,9.59
CA-2014-138128,2014-Q4,East,Technology,4,270.0,1079.98,667.79,286.19,126.0
US-2017-150070,2017-Q3,West,Furniture,2,80.78,161.57,132.89,56.95,-28.27
CA-2015-137064,2015-Q1,Central,Office Supplies,3,0.98,2.93,5.54,2.38,-4.99
CA-2015-137064,2015-Q1,Central,Technology,2,9.26,18.53,9.89,4.24,4.4
CA-2015-137064,2015-Q1,Central,Office Supplies,3,223.58,670.75,557.56,238.96,-125.77
CA-2017-157350,2017-Q3,Central,Furniture,5,12.99,64.96,76.17,32.64,-43.85
CA-2014-127866,2014-Q3,West,Technology,2,20.97,41.94,18.79,8.05,15.1
CA-2014-127866,2014-Q3,West,Office Supplies,2,5.98,11.96,4.27,1.83,5.86
CA-2014-127866,2014-Q3,West,Office Supplies,4,3.28,13.12,6.52,2.8,3.8
CA-2014-127866,2014-Q3,West,Office Supplies,3,178.47,535.41,262.35,112.44,160.62
CA-2015-131352,2015-Q4,Central,Furniture,3,24.26,72.78,100.62,43.12,-70.96
CA-2015-121776,2015-Q1,West,Office Supplies,3,12.28,36.84,13.67,5.86,17.31
CA-2015-121776,2015-Q1,West,Office Supplies,7,12.53,87.71,32.54,13.95,41.22
CA-2016-118073,2016-Q3,South,Furniture,7,80.33,562.29,572.52,245.36,-255.59
CA-2014-103219,2014-Q4,East,Furniture,9,6.28,56.52,24.53,10.51,21.48
CA-2016-102561,2016-Q3,East,Office Supplies,8,1.41,11.26,6.99,3.0,1.27
CA-2016-102561,2016-Q3,East,Office Supplies,10,28.41,284.08,181.45,77.77,24.86
CA-2016-102561,2016-Q3,East,Office Supplies,4,4.62,18.5,8.26,3.54,6.7
CA-2016-100993,2016-Q1,West,Office Supplies,3,4.91,14.73,5.26,2.25,7.22
CA-2016-100993,2016-Q1,West,Office Supplies,3,62.18,186.54,95.32,40.85,50.37
CA-2016-100993,2016-Q1,West,Furniture,4,139.43,557.73,385.53,165.23,6.97
CA-2016-100993,2016-Q1,West,Technology,4,39.99,159.97,134.37,57.59,-31.99
US-2014-112949,2014-Q2,Central,Office Supplies,6,78.65,471.9,221.32,94.85,155.73
US-2014-112949,2014-Q2,Central,Office Supplies,2,1.76,3.52,1.28,0.55,1.69
US-2017-146822,2017-Q2,South,Office Supplies,4,12.28,49.12,18.22,7.81,23.09
US-2016-131058,2016-Q4,West,Office Supplies,7,2.88,20.16,7.2,3.08,9.88
CA-2014-167997,2014-Q1,Central,Office Supplies,2,5.34,10.68,3.96,1.7,5.02
CA-2014-167997,2014-Q1,Central,Furniture,2,70.98,141.96,71.55,30.66,39.75
CA-2017-140151,2017-Q1,West,Office Supplies,2,16.24,32.48,19.33,8.28,4.87
CA-2017-140151,2017-Q1,West,Office Supplies,3,6.68,20.04,7.29,3.13,9.62
CA-2017-140151,2017-Q1,West,Technology,4,3499.99,13999.96,5095.99,2183.99,6719.98
US-2017-143770,2017-Q1,East,Technology,2,119.0,238.0,139.94,59.98,38.08
US-2017-143770,2017-Q1,East,Office Supplies,2,30.98,61.96,23.86,10.22,27.88
CA-2016-131296,2016-Q4,East,Furniture,2,119.68,239.37,184.32,78.99,-23.94
CA-2016-103464,2016-Q4,West,Technology,5,119.0,595.0,349.86,149.94,95.2
CA-2017-136238,2017-Q4,Central,Office Supplies,3,5.34,16.03,7.29,3.13,5.61
CA-2016-120803,2016-Q1,East,Technology,5,39.95,199.75,78.3,33.56,87.89
CA-2016-134138,2016-Q1,East,Furniture,2,113.98,227.96,134.04,57.45,36.47
CA-2015-120915,2015-Q3,East,Office Supplies,6,48.92,293.52,152.04,65.16,76.32
CA-2015-120915,2015-Q3,East,Technology,2,153.99,307.98,153.07,65.6,89.31
CA-2015-168207,2015-Q4,West,Furniture,6,16.16,96.96,44.11,18.91,33.94
CA-2015-168207,2015-Q4,West,Office Supplies,7,16.78,117.49,53.46,22.91,41.12
CA-2015-168207,2015-Q4,West,Office Supplies,3,3.98,11.95,5.44,2.33,4.18
CA-2015-168207,2015-Q4,West,Furniture,3,170.83,512.5,379.85,162.8,-30.15
CA-2016-144148,2016-Q3,West,Furniture,7,123.3,863.13,626.85,268.65,-32.37
CA-2017-107174,2017-Q4,West,Furniture,7,290.98,2036.86,1169.16,501.07,366.63
CA-2017-107174,2017-Q4,West,Furniture,2,224.78,449.57,365.83,156.79,-73.05
CA-2017-107174,2017-Q4,West,Technology,3,36.32,108.96,53.39,22.88,32.69
CA-2016-146150,2016-Q1,South,Office Supplies,7,37.74,264.18,136.84,58.65,68.69
CA-2014-114125,2014-Q3,West,Office Supplies,1,2.88,2.88,1.03,0.44,1.41
CA-2014-114125,2014-Q3,West,Office Supplies,6,6.98,41.9,19.43,8.33,14.14
CA-2014-114125,2014-Q3,West,Office Supplies,4,5.98,23.92,13.89,5.96,4.07
CA-2016-114944,2016-Q1,Central,Office Supplies,4,39.13,156.51,72.58,31.11,52.82
CA-2016-135965,2016-Q3,East,Office Supplies,6,21.39,128.34,63.78,27.34,37.22
CA-2017-149699,2017-Q4,West,Technology,5,94.99,474.95,232.72,99.74,142.49
CA-2016-166429,2016-Q3,West,Technology,2,499.99,999.98,384.99,165.0,449.99
CA-2015-112767,2015-Q3,West,Furniture,4,69.38,277.5,326.34,139.86,-188.7
CA-2015-119879,2015-Q4,East,Furniture,8,156.59,1252.7,1213.03,519.87,-480.2
CA-2015-119879,2015-Q4,East,Technology,5,22.19,110.97,94.51,40.5,-24.04
CA-2017-155642,2017-Q2,Central,Furniture,3,7.54,22.61,22.95,9.83,-10.17
CA-2017-155642,2017-Q2,Central,Furniture,1,1.89,1.89,2.02,0.86,-0.99
US-2017-101721,2017-Q3,Central,Office Supplies,3,21.1,63.31,29.91,12.82,20.58
CA-2015-136728,2015-Q3,Central,Office Supplies,1,7.82,7.82,3.42,1.47,2.93
CA-2015-136728,2015-Q3,Central,Furniture,4,42.52,170.07,127.55,54.67,-12.15
CA-2016-127194,2016-Q4,East,Office Supplies,9,6.98,62.82,23.3,9.99,29.53
CA-2015-140375,2015-Q4,East,Office Supplies,3,6.48,19.44,7.08,3.03,9.33
CA-2015-140375,2015-Q4,East,Office Supplies,1,7.38,7.38,2.63,1.13,3.62
US-2017-155866,2017-Q4,East,Office Supplies,6,6.48,38.88,14.15,6.07,18.66
US-2017-155866,2017-Q4,East,Furniture,4,46.94,187.76,77.55,33.23,76.98
CA-2015-141327,2015-Q4,South,Office Supplies,7,0.86,6.05,7.2,3.08,-4.23
CA-2015-141327,2015-Q4,South,Office Supplies,3,32.78,98.35,61.96,26.55,9.84
CA-2015-141327,2015-Q4,South,Furniture,2,167.87,335.74,217.39,93.17,25.18
CA-2015-136700,2015-Q4,West,Office Supplies,2,4.48,8.96,3.2,1.37,4.39
CA-2017-102736,2017-Q3,South,Technology,4,22.39,89.57,63.48,27.21,-1.12
CA-2017-102736,2017-Q3,South,Office Supplies,5,14.39,71.96,45.33,19.43,7.2
CA-2017-102736,2017-Q3,South,Office Supplies,3,5.18,15.55,7.08,3.03,5.44
CA-2017-125269,2017-Q2,Central,Office Supplies,5,2.09,10.43,20.08,8.6,-18.25
CA-2017-125269,2017-Q2,Central,Office Supplies,1,72.78,72.78,63.69,27.29,-18.2
CA-2015-114811,2015-Q4,East,Office Supplies,5,13.43,67.15,35.25,15.11,16.79
CA-2015-114811,2015-Q4,East,Technology,2,274.99,549.98,284.89,122.1,142.99
CA-2015-114811,2015-Q4,East,Furniture,3,3.94,11.82,4.96,2.13,4.73
CA-2015-114811,2015-Q4,East,Technology,4,1160.95,4643.8,1690.35,724.43,2229.02
CA-2015-114811,2015-Q4,East,Furniture,2,288.88,577.76,323.55,138.66,115.55
CA-2015-122266,2015-Q2,South,Furniture,1,191.52,191.52,187.69,80.44,-76.61
CA-2015-122266,2015-Q2,South,Office Supplies,1,2.62,2.62,1.53,0.66,0.43
CA-2015-141565,2015-Q3,South,Office Supplies,6,228.29,1369.76,1598.06,684.88,-913.18
CA-2015-141565,2015-Q3,South,Office Supplies,4,73.59,294.37,247.27,105.97,-58.87
CA-2017-128769,2017-Q3,South,Office Supplies,2,40.78,81.57,52.1,22.33,7.14
CA-2016-116337,2016-Q4,Central,Furniture,5,8.89,44.46,43.57,18.67,-17.78
CA-2016-116337,2016-Q4,Central,Office Supplies,3,104.7,314.09,206.12,88.34,19.63
CA-2015-120845,2015-Q3,South,Office Supplies,4,1.58,6.34,7.69,3.3,-4.65
CA-2015-120845,2015-Q3,South,Office Supplies,1,10.48,10.48,4.68,2.0,3.8
CA-2015-120845,2015-Q3,South,Office Supplies,1,2.47,2.47,3.0,1.28,-1.81
CA-2015-120845,2015-Q3,South,Office Supplies,2,1.63,3.26,3.88,1.66,-2.28
CA-2014-120775,2014-Q4,Central,Office Supplies,3,1.45,4.34,2.43,1.04,0.87
CA-2014-120775,2014-Q4,Central,Furniture,3,10.59,31.78,35.59,15.26,-19.07
CA-2014-120775,2014-Q4,Central,Office Supplies,2,2.46,4.93,2.25,0.96,1.72
CA-2014-120775,2014-Q4,Central,Office Supplies,3,0.6,1.79,3.38,1.45,-3.04
CA-2014-120775,2014-Q4,Central,Office Supplies,4,3.77,15.07,13.19,5.65,-3.77
CA-2014-152905,2014-Q1,Central,Office Supplies,2,6.31,12.62,10.6,4.54,-2.52
CA-2016-104633,2016-Q2,West,Office Supplies,6,30.98,185.88,71.56,30.67,83.65
CA-2016-104633,2016-Q2,West,Office Supplies,2,6.48,12.96,4.72,2.02,6.22
CA-2017-104136,2017-Q4,East,Office Supplies,10,18.97,189.7,69.05,29.59,91.06
CA-2017-104136,2017-Q4,East,Office Supplies,1,40.99,40.99,14.63,6.27,20.09
CA-2016-123050,2016-Q2,East,Furniture,2,41.32,82.64,52.64,22.56,7.44
CA-2016-123050,2016-Q2,East,Office Supplies,2,15.51,31.02,16.06,6.89,8.07
CA-2016-123050,2016-Q2,East,Technology,3,29.99,89.97,36.53,15.65,37.79
CA-2016-162355,2016-Q2,South,Office Supplies,3,11.99,35.97,18.38,7.88,9.71
CA-2016-162355,2016-Q2,South,Furniture,7,180.98,1266.86,682.84,292.64,291.38
CA-2014-158225,2014-Q3,West,Office Supplies,5,33.89,169.45,88.96,38.13,42.36
CA-2014-158225,2014-Q3,West,Office Supplies,2,20.34,40.68,28.19,12.08,0.41
CA-2017-102204,2017-Q2,South,Office Supplies,2,1.66,3.33,2.04,0.87,0.42
CA-2017-102204,2017-Q2,South,Furniture,4,233.32,933.26,973.99,417.42,-458.15
CA-2017-102204,2017-Q2,South,Furniture,5,560.78,2803.92,1962.74,841.18,0.0
CA-2017-103065,2017-Q4,South,Office Supplies,2,2.38,4.77,3.88,1.66,-0.77
CA-2017-103065,2017-Q4,South,Office Supplies,1,6.67,6.67,2.92,1.25,2.5
CA-2017-103065,2017-Q4,South,Office Supplies,2,2.22,4.45,2.34,1.0,1.11
CA-2017-103065,2017-Q4,South,Furniture,4,10.98,43.94,26.53,11.37,6.04
CA-2014-109855,2014-Q3,East,Office Supplies,2,11.87,23.74,10.8,4.63,8.31
CA-2014-109855,2014-Q3,East,Technology,3,119.0,357.0,209.92,89.96,57.12
CA-2014-109897,2014-Q3,West,Technology,8,100.79,806.34,529.16,226.78,50.4
CA-2014-109897,2014-Q3,West,Furniture,3,28.48,85.44,37.68,16.15,31.61
US-2014-143581,2014-Q3,South,Office Supplies,3,114.97,344.91,234.19,100.37,10.35
CA-2015-129217,2015-Q2,Central,Office Supplies,5,14.19,70.97,183.81,78.78,-191.62
CA-2015-129217,2015-Q2,Central,Office Supplies,2,18.39,36.78,23.17,9.93,3.68
CA-2016-133816,2016-Q2,East,Technology,2,372.0,743.99,607.59,260.4,-124.0
CA-2015-140221,2015-Q1,Central,Office Supplies,2,5.6,11.21,19.62,8.41,-16.82
CA-2015-140221,2015-Q1,Central,Furniture,2,2.36,4.71,4.61,1.98,-1.88
CA-2015-140221,2015-Q1,Central,Office Supplies,5,36.2,180.98,456.07,195.46,-470.55
CA-2015-140221,2015-Q1,Central,Office Supplies,2,30.21,60.42,38.07,16.31,6.04
CA-2017-152310,2017-Q3,West,Technology,1,299.99,299.99,146.99,63.0,90.0
CA-2017-152310,2017-Q3,West,Office Supplies,4,48.04,192.16,69.94,29.98,92.24
CA-2017-152310,2017-Q3,West,Technology,8,30.33,242.62,150.72,64.6,27.3
CA-2017-152310,2017-Q3,West,Office Supplies,3,15.58,46.74,24.54,10.52,11.68
CA-2017-152310,2017-Q3,West,Technology,5,34.99,174.95,113.89,48.81,12.25
CA-2017-152310,2017-Q3,West,Office Supplies,6,16.78,100.7,44.06,18.88,37.76
CA-2016-118101,2016-Q2,Central,Office Supplies,9,40.99,368.91,131.7,56.44,180.77
CA-2016-118101,2016-Q2,Central,Office Supplies,1,8.02,8.02,2.97,1.28,3.77
CA-2016-118101,2016-Q2,Central,Office Supplies,4,42.76,171.04,88.6,37.97,44.47
CA-2016-100307,2016-Q4,South,Office Supplies,3,6.48,19.44,7.08,3.03,9.33
CA-2015-138457,2015-Q3,South,Office Supplies,4,3.27,13.09,16.19,6.94,-10.04
CA-2014-131800,2014-Q4,East,Office Supplies,3,40.98,122.94,64.54,27.66,30.74
CA-2014-131800,2014-Q4,East,Office Supplies,7,5.06,35.45,15.82,6.78,12.85
CA-2014-118304,2014-Q2,East,Technology,2,9.99,19.98,10.35,4.44,5.19
CA-2017-121790,2017-Q1,Central,Furniture,1,69.38,69.38,81.59,34.97,-47.18
CA-2017-121790,2017-Q1,Central,Office Supplies,4,7.92,31.68,20.24,8.67,2.77
CA-2017-121790,2017-Q1,Central,Technology,4,500.79,2003.17,1226.94,525.83,250.4
CA-2017-121790,2017-Q1,Central,Office Supplies,2,4.67,9.34,4.33,1.86,3.15
CA-2016-169670,2016-Q4,East,Furniture,8,320.38,2563.06,1574.86,674.94,313.26
CA-2016-139549,2016-Q4,West,Furniture,4,96.78,387.14,267.61,114.69,4.84
CA-2015-104059,2015-Q2,East,Office Supplies,1,3.42,3.42,2.18,0.94,0.3
CA-2017-164112,2017-Q2,East,Office Supplies,7,155.06,1085.42,562.25,240.96,282.21
CA-2015-143882,2015-Q2,East,Office Supplies,9,4.78,43.06,19.21,8.24,15.61
US-2016-139262,2016-Q1,South,Office Supplies,3,1.25,3.76,4.56,1.96,-2.76
US-2016-139262,2016-Q1,South,Office Supplies,2,17.43,34.86,43.11,18.48,-26.73
US-2016-139262,2016-Q1,South,Office Supplies,3,144.15,432.46,280.02,120.01,32.43
CA-2017-146192,2017-Q2,South,Office Supplies,3,225.02,675.06,411.11,176.19,87.76
CA-2017-134810,2017-Q2,South,Office Supplies,3,21.74,65.23,30.25,12.96,22.02
CA-2017-134810,2017-Q2,South,Furniture,3,69.0,207.0,126.78,54.34,25.88
CA-2015-154284,2015-Q4,Central,Technology,2,300.26,600.53,324.29,138.98,137.26
CA-2015-154284,2015-Q4,Central,Office Supplies,2,29.95,59.9,31.97,13.7,14.23
CA-2015-154284,2015-Q4,Central,Technology,8,79.68,637.44,351.39,150.59,135.46
CA-2015-154284,2015-Q4,Central,Furniture,3,17.25,51.76,59.78,25.62,-33.64
CA-2014-156244,2014-Q3,South,Office Supplies,6,5.18,31.1,14.15,6.06,10.89
CA-2014-156244,2014-Q3,South,Office Supplies,5,9.59,47.96,30.63,13.13,4.2
CA-2014-156244,2014-Q3,South,Technology,7,22.7,158.93,82.05,35.16,41.72
CA-2014-156244,2014-Q3,South,Office Supplies,6,35.21,211.25,136.79,58.62,15.84
CA-2014-156244,2014-Q3,South,Office Supplies,2,2.78,5.55,4.61,1.98,-1.04
CA-2014-156244,2014-Q3,South,Office Supplies,1,2.95,2.95,1.36,0.59,1.0
CA-2015-106362,2015-Q4,East,Office Supplies,3,3.44,10.33,12.54,5.37,-7.58
US-2017-168802,2017-Q4,West,Office Supplies,4,4.59,18.37,8.68,3.72,5.97
US-2017-146906,2017-Q1,East,Technology,2,149.95,299.9,157.45,67.48,74.97
CA-2016-166380,2016-Q2,South,Office Supplies,9,2.95,26.55,9.67,4.14,12.74
CA-2016-166380,2016-Q2,South,Technology,2,55.99,111.98,59.57,25.53,26.88
US-2015-158911,2015-Q3,South,Furniture,2,2.46,4.93,2.93,1.26,0.74
US-2015-158911,2015-Q3,South,Office Supplies,3,3.93,11.78,5.26,2.25,4.27
US-2014-103338,2014-Q1,West,Office Supplies,3,2.66,7.98,4.14,1.77,2.07
CA-2015-109169,2015-Q2,Central,Office Supplies,2,90.48,180.96,69.67,29.86,81.43
US-2017-167318,2017-Q3,West,Technology,5,329.99,1649.95,692.98,296.99,659.98
US-2017-167318,2017-Q3,West,Furniture,3,120.78,362.35,221.94,95.12,45.29
US-2014-120313,2014-Q4,West,Technology,2,36.79,73.58,45.71,19.59,8.28
CA-2017-135419,2017-Q4,West,Furniture,4,121.59,486.37,314.92,134.97,36.48
CA-2016-128671,2016-Q3,Central,Office Supplies,5,6.48,32.4,11.79,5.06,15.55
CA-2016-128671,2016-Q3,Central,Office Supplies,7,5.98,41.86,15.82,6.78,19.26
CA-2016-128671,2016-Q3,Central,Office Supplies,2,38.78,77.56,29.32,12.56,35.68
CA-2016-149335,2016-Q3,West,Office Supplies,9,4.13,37.17,18.21,7.81,11.15
CA-2014-168312,2014-Q1,Central,Office Supplies,3,45.78,137.35,90.14,38.63,8.58
CA-2014-168312,2014-Q1,Central,Furniture,3,125.5,376.51,293.68,125.86,-43.03
US-2017-105935,2017-Q1,South,Furniture,4,15.68,62.72,26.78,11.48,24.46
US-2017-105935,2017-Q1,South,Technology,7,419.99,2939.93,1522.88,652.67,764.38
CA-2014-161508,2014-Q3,Central,Furniture,3,170.79,512.36,368.9,158.1,-14.64
CA-2014-161508,2014-Q3,Central,Office Supplies,2,1.74,3.49,2.04,0.88,0.57
CA-2014-161508,2014-Q3,Central,Office Supplies,7,3.18,22.29,12.87,5.52,3.9
CA-2014-161508,2014-Q3,Central,Office Supplies,3,5.34,16.03,7.29,3.13,5.61
CA-2017-130904,2017-Q2,South,Office Supplies,1,1.75,1.75,1.12,0.48,0.15
CA-2017-130904,2017-Q2,South,Office Supplies,8,2.62,20.99,13.04,5.59,2.36
CA-2017-133620,2017-Q4,East,Office Supplies,1,11.21,11.21,5.5,2.35,3.36
CA-2015-142937,2015-Q4,Central,Office Supplies,2,22.52,45.04,28.38,12.16,4.5
US-2016-149790,2016-Q3,Central,Office Supplies,2,7.81,15.62,28.43,12.19,-25.0
CA-2016-130778,2016-Q4,East,Office Supplies,2,4.37,8.74,4.53,1.94,2.27
CA-2016-130778,2016-Q4,East,Office Supplies,5,8.95,44.75,16.92,7.25,20.58
CA-2017-144456,2017-Q3,South,Office Supplies,5,12.34,61.68,39.4,16.88,5.4
CA-2017-144456,2017-Q3,South,Technology,3,52.79,158.38,101.16,43.36,13.86
CA-2017-103478,2017-Q3,Central,Office Supplies,4,0.72,2.86,5.21,2.23,-4.58
CA-2017-103478,2017-Q3,Central,Office Supplies,7,13.46,94.19,181.32,77.71,-164.84
CA-2017-118577,2017-Q4,East,Office Supplies,3,47.9,143.7,52.3,22.42,68.98
CA-2017-118577,2017-Q4,East,Office Supplies,1,6.48,6.48,2.36,1.01,3.11
CA-2017-113572,2017-Q4,East,Technology,4,1.97,7.88,3.75,1.61,2.52
CA-2016-153269,2016-Q1,East,Office Supplies,1,11.21,11.21,5.5,2.35,3.36
CA-2016-153269,2016-Q1,East,Furniture,5,70.98,354.9,186.33,79.85,88.72
CA-2016-153269,2016-Q1,East,Office Supplies,3,5.98,17.94,6.41,2.74,8.79
CA-2016-153269,2016-Q1,East,Office Supplies,4,12.95,51.8,19.94,8.55,23.31
CA-2017-161655,2017-Q2,East,Office Supplies,9,33.28,299.52,104.83,44.93,149.76
CA-2016-101469,2016-Q3,South,Office Supplies,2,3.85,7.7,3.18,1.36,3.16
CA-2014-153087,2014-Q4,South,Office Supplies,4,5.98,23.92,8.54,3.66,11.72
CA-2014-153087,2014-Q4,South,Technology,5,99.6,498.0,219.62,94.12,184.26
CA-2017-135076,2017-Q2,West,Furniture,6,72.78,436.7,332.44,142.47,-38.21
CA-2014-161634,2014-Q4,South,Office Supplies,5,6.48,32.4,11.79,5.06,15.55
CA-2017-141481,2017-Q2,West,Office Supplies,3,20.48,61.44,31.39,13.46,16.59
CA-2016-132549,2016-Q4,South,Office Supplies,7,10.48,73.36,37.48,16.07,19.81
US-2014-155544,2014-Q1,South,Office Supplies,5,11.84,59.2,25.9,11.1,22.2
US-2014-155544,2014-Q1,South,Furniture,3,10.98,32.95,18.45,7.91,6.59
US-2014-155544,2014-Q1,South,Furniture,3,72.79,218.38,160.51,68.79,-10.92
US-2015-115238,2015-Q2,East,Furniture,5,6.28,31.4,12.75,5.46,13.19
US-2015-115238,2015-Q2,East,Furniture,1,9.48,9.48,3.98,1.71,3.79
US-2015-115238,2015-Q2,East,Technology,10,20.95,209.5,105.59,45.25,58.66
US-2015-115238,2015-Q2,East,Furniture,5,4.86,24.3,9.7,4.15,10.45
US-2015-115238,2015-Q2,East,Office Supplies,1,6.48,6.48,2.36,1.01,3.11
CA-2017-132199,2017-Q2,East,Furniture,2,16.23,32.45,17.61,7.54,7.3
CA-2017-132199,2017-Q2,East,Office Supplies,4,6.6,26.39,30.79,13.19,-17.59
CA-2017-132199,2017-Q2,East,Furniture,5,74.69,373.47,339.86,145.65,-112.04
CA-2017-132199,2017-Q2,East,Office Supplies,5,12.84,64.2,76.4,32.74,-44.94
CA-2017-132199,2017-Q2,East,Office Supplies,2,4.0,8.0,3.64,1.56,2.8
CA-2016-163174,2016-Q3,South,Furniture,3,62.18,186.54,101.85,43.65,41.04
CA-2014-110555,2014-Q2,West,Office Supplies,7,12.44,87.08,43.89,18.81,24.38
CA-2014-110555,2014-Q2,West,Technology,2,52.79,105.58,67.44,28.9,9.24
CA-2014-110555,2014-Q2,West,Technology,6,36.24,217.44,88.28,37.84,91.32
CA-2017-147207,2017-Q1,Central,Office Supplies,2,15.87,31.74,19.44,8.33,3.97
CA-2017-147207,2017-Q1,Central,Office Supplies,2,2.72,5.43,13.31,5.7,-13.58
CA-2017-147207,2017-Q1,Central,Furniture,5,182.69,913.43,758.15,324.92,-169.64
CA-2017-147207,2017-Q1,Central,Office Supplies,3,124.05,372.14,240.96,103.27,27.91
CA-2017-137631,2017-Q2,South,Technology,2,375.99,751.98,467.17,200.21,84.6
CA-2017-157273,2017-Q1,West,Technology,4,151.19,604.77,381.0,163.29,60.48
CA-2014-109918,2014-Q3,West,Office Supplies,4,6.84,27.36,13.98,5.99,7.39
CA-2014-109918,2014-Q3,West,Office Supplies,2,10.28,20.56,7.63,3.27,9.66
CA-2014-109918,2014-Q3,West,Office Supplies,5,16.78,83.92,36.71,15.74,31.47
CA-2016-118745,2016-Q2,West,Furniture,3,300.9,902.71,608.2,260.66,33.85
CA-2016-163972,2016-Q4,West,Furniture,2,60.34,120.67,69.57,29.81,21.29
CA-2014-165393,2014-Q4,Central,Office Supplies,1,4.98,4.98,9.42,4.03,-8.47
CA-2016-113726,2016-Q4,West,Furniture,3,27.42,82.26,33.97,14.56,33.73
CA-2016-152940,2016-Q4,West,Office Supplies,1,29.74,29.74,17.7,7.58,4.46
CA-2015-158701,2015-Q1,West,Office Supplies,6,14.56,87.36,44.64,19.13,23.59
CA-2015-158701,2015-Q1,West,Office Supplies,6,9.36,56.16,27.03,11.58,17.55
CA-2017-156272,2017-Q1,South,Office Supplies,1,64.38,64.38,39.43,16.9,8.05
CA-2015-162964,2015-Q4,Central,Office Supplies,1,64.78,64.78,55.55,23.81,-14.58
CA-2015-162964,2015-Q4,Central,Office Supplies,3,5.18,15.55,6.94,2.97,5.64
CA-2015-162964,2015-Q4,Central,Office Supplies,7,31.98,223.89,107.75,46.18,69.96
CA-2014-103527,2014-Q3,Central,Office Supplies,3,3.63,10.9,5.25,2.25,3.4
CA-2016-134544,2016-Q1,West,Technology,2,42.39,84.78,73.44,31.48,-20.14
CA-2016-163048,2016-Q1,Central,Furniture,4,60.38,241.5,169.05,72.45,0.0
CA-2016-145135,2016-Q4,East,Technology,3,19.99,59.97,31.49,13.49,14.99
CA-2016-145135,2016-Q4,East,Office Supplies,2,6.68,13.36,4.86,2.09,6.41
CA-2017-137582,2017-Q3,West,Office Supplies,3,3.94,11.81,5.38,2.3,4.13
CA-2015-149601,2015-Q2,East,Office Supplies,1,16.24,16.24,9.66,4.14,2.44
CA-2015-149601,2015-Q2,East,Office Supplies,5,15.51,77.55,39.09,16.75,21.71
CA-2014-139423,2014-Q4,East,Office Supplies,2,38.06,76.12,37.84,16.21,22.07
CA-2016-102596,2016-Q4,East,Office Supplies,6,2.86,17.18,7.66,3.29,6.23
CA-2017-153227,2017-Q4,West,Office Supplies,2,5.88,11.76,4.2,1.8,5.76
CA-2017-110625,2017-Q4,East,Furniture,2,13.73,27.46,12.3,5.27,9.89
CA-2016-142594,2016-Q4,East,Technology,3,45.98,137.94,71.46,30.62,35.86
CA-2016-142594,2016-Q4,East,Furniture,5,22.23,111.15,43.57,18.67,48.91
CA-2016-142594,2016-Q4,East,Office Supplies,3,300.65,901.95,423.02,181.29,297.64
CA-2016-142594,2016-Q4,East,Furniture,3,122.0,366.01,289.15,123.92,-47.06
CA-2014-152254,2014-Q2,South,Office Supplies,7,44.38,310.69,141.36,60.59,108.74
US-2014-120236,2014-Q3,Central,Office Supplies,5,1.54,7.68,13.44,5.76,-11.52
CA-2017-120061,2017-Q4,East,Furniture,2,77.68,155.37,133.62,57.26,-35.51
CA-2015-133837,2015-Q2,West,Office Supplies,1,10.74,10.74,6.95,2.98,0.81
CA-2015-110814,2015-Q4,East,Office Supplies,5,46.48,232.4,107.77,46.19,78.44
CA-2015-110814,2015-Q4,East,Furniture,3,54.88,164.65,106.29,45.55,12.81
CA-2015-110814,2015-Q4,East,Office Supplies,2,11.34,22.68,8.1,3.47,11.11
CA-2016-154067,2016-Q1,West,Office Supplies,4,26.38,105.52,39.89,17.09,48.54
CA-2017-140480,2017-Q3,East,Furniture,4,20.98,83.92,54.63,23.42,5.87
CA-2017-140480,2017-Q3,East,Technology,5,28.38,141.9,58.6,25.12,58.18
CA-2017-140480,2017-Q3,East,Furniture,2,19.99,39.98,21.55,9.23,9.2
CA-2017-140480,2017-Q3,East,Office Supplies,7,4.13,28.91,14.17,6.07,8.67
CA-2017-140480,2017-Q3,East,Office Supplies,5,34.99,174.95,90.62,38.84,45.49
CA-2015-134082,2015-Q4,West,Office Supplies,4,27.63,110.53,50.29,21.56,38.68
CA-2016-130820,2016-Q4,South,Furniture,4,157.5,630.02,580.67,248.86,-199.51
CA-2016-159765,2016-Q2,South,Office Supplies,7,3.98,27.86,13.07,5.6,9.19
CA-2017-132290,2017-Q1,Central,Furniture,4,233.35,933.41,774.73,332.03,-173.35
CA-2016-147109,2016-Q4,Central,Office Supplies,10,5.18,51.84,23.59,10.11,18.14
CA-2016-147109,2016-Q4,Central,Technology,3,55.2,165.6,120.27,51.54,-6.21
CA-2017-107265,2017-Q2,Central,Office Supplies,3,35.44,106.32,39.44,16.91,49.97
CA-2017-118199,2017-Q2,West,Office Supplies,5,29.58,147.92,71.19,30.51,46.22
CA-2017-118199,2017-Q2,West,Office Supplies,3,34.76,104.28,54.75,23.46,26.07
CA-2017-118199,2017-Q2,West,Furniture,1,286.85,286.85,156.62,67.12,63.11
CA-2017-118199,2017-Q2,West,Office Supplies,4,16.74,66.96,45.0,19.28,2.68
CA-2017-118199,2017-Q2,West,Technology,2,99.99,199.98,78.39,33.6,87.99
CA-2017-150091,2017-Q4,East,Technology,3,15.0,45.0,28.03,12.02,4.95
CA-2017-150091,2017-Q4,East,Office Supplies,5,3.58,17.9,6.39,2.74,8.77
CA-2017-150091,2017-Q4,East,Furniture,2,20.24,40.48,16.15,6.92,17.41
CA-2017-150091,2017-Q4,East,Furniture,5,430.98,2154.9,1417.93,607.68,129.29
CA-2016-137652,2016-Q3,East,Office Supplies,8,2.3,18.43,21.5,9.22,-12.29
CA-2015-128356,2015-Q4,West,Office Supplies,2,5.47,10.94,6.99,2.99,0.96
CA-2017-167017,2017-Q4,Central,Office Supplies,2,2.18,4.36,2.93,1.26,0.17
US-2017-132220,2017-Q4,West,Technology,6,10.39,62.35,51.28,21.98,-10.91
CA-2016-118129,2016-Q4,East,Furniture,5,60.78,303.92,234.02,100.29,-30.39
US-2014-113124,2014-Q1,Central,Office Supplies,2,64.65,129.3,85.99,36.85,6.46
CA-2017-155621,2017-Q4,East,Furniture,10,27.42,274.2,113.25,48.53,112.42
US-2014-127635,2014-Q3,Central,Office Supplies,4,1.51,6.05,5.19,2.22,-1.36
US-2014-127635,2014-Q3,Central,Office Supplies,2,3.42,6.85,3.3,1.41,2.14
US-2014-127635,2014-Q3,Central,Furniture,5,1.99,9.96,11.68,5.0,-6.72
US-2014-127635,2014-Q3,Central,Office Supplies,2,4.28,8.55,15.56,6.67,-13.68
CA-2015-151470,2015-Q3,West,Office Supplies,11,4.14,45.58,20.34,8.72,16.52
CA-2015-112823,2015-Q4,East,Technology,2,12.74,25.49,14.72,6.31,4.46
CA-2014-108861,2014-Q2,West,Office Supplies,4,34.24,136.96,59.92,25.68,51.36
CA-2017-114370,2017-Q1,Central,Technology,2,24.81,49.62,31.26,13.4,4.96
CA-2016-158302,2016-Q4,East,Office Supplies,3,3.53,10.58,5.0,2.14,3.44
CA-2017-145779,2017-Q2,West,Office Supplies,4,21.1,84.42,39.89,17.09,27.44
US-2016-155173,2016-Q1,East,Technology,2,215.97,431.94,352.75,151.18,-71.99
US-2016-155173,2016-Q1,East,Office Supplies,1,2.04,2.04,2.48,1.06,-1.5
US-2016-155173,2016-Q1,East,Technology,3,22.75,68.24,56.52,24.23,-12.51
CA-2017-125451,2017-Q4,East,Furniture,4,60.18,240.74,178.15,76.35,-13.76
CA-2017-125451,2017-Q4,East,Furniture,4,8.75,35.0,14.21,6.09,14.7
CA-2017-125451,2017-Q4,East,Furniture,2,105.34,210.68,112.08,48.04,50.56
CA-2017-125451,2017-Q4,East,Furniture,3,212.63,637.9,535.84,229.64,-127.58
CA-2017-125451,2017-Q4,East,Office Supplies,8,5.43,43.44,15.5,6.65,21.29
CA-2017-125451,2017-Q4,East,Office Supplies,1,2.22,2.22,1.09,0.46,0.67
CA-2014-131387,2014-Q2,West,Technology,5,335.99,1679.96,1087.77,466.19,126.0
CA-2016-125087,2016-Q2,Central,Furniture,4,86.09,344.37,306.49,131.35,-93.47
CA-2016-125087,2016-Q2,Central,Office Supplies,3,518.31,1554.94,1034.03,443.16,77.75
CA-2016-125087,2016-Q2,Central,Furniture,5,25.58,127.88,136.51,58.51,-67.14
CA-2016-154081,2016-Q2,West,Technology,2,111.19,222.38,140.1,60.04,22.24
US-2017-118556,2017-Q2,Central,Furniture,3,35.62,106.87,95.12,40.76,-29.01
US-2017-118556,2017-Q2,Central,Office Supplies,3,1.19,3.56,6.86,2.94,-6.24
CA-2014-126200,2014-Q3,Central,Office Supplies,3,8.56,25.68,45.84,19.64,-39.8
CA-2014-126200,2014-Q3,Central,Office Supplies,3,4.13,12.38,22.53,9.66,-19.81
CA-2014-146500,2014-Q3,East,Office Supplies,5,5.06,25.3,9.39,4.02,11.89
CA-2014-146500,2014-Q3,East,Office Supplies,3,31.98,95.94,60.44,25.91,9.59
CA-2015-169537,2015-Q3,Central,Office Supplies,2,3.75,7.5,2.73,1.17,3.6
CA-2014-100881,2014-Q1,West,Technology,3,100.79,302.38,195.79,83.91,22.68
CA-2015-144043,2015-Q2,West,Technology,4,11.67,46.69,34.73,14.88,-2.92
CA-2015-116512,2015-Q2,East,Office Supplies,3,5.98,17.94,10.42,4.47,3.05
CA-2015-101000,2015-Q2,East,Office Supplies,3,123.38,370.14,158.05,67.74,144.35
CA-2016-168557,2016-Q3,West,Office Supplies,2,4.46,8.93,4.07,1.74,3.12
US-2016-164196,2016-Q4,Central,Furniture,6,446.49,2678.94,1706.49,731.35,241.1
US-2017-132031,2017-Q2,South,Furniture,4,96.78,387.14,281.16,120.5,-14.52
US-2017-132031,2017-Q2,South,Technology,2,22.7,45.41,23.44,10.05,11.92
US-2017-132031,2017-Q2,South,Furniture,3,25.98,77.95,62.75,26.89,-11.69
US-2017-132031,2017-Q2,South,Office Supplies,1,3.0,3.0,1.36,0.59,1.05
CA-2015-169733,2015-Q4,South,Office Supplies,1,9.95,9.95,6.26,2.69,1.0
CA-2017-169404,2017-Q2,East,Office Supplies,4,9.48,37.9,46.87,20.08,-29.05
CA-2017-169404,2017-Q2,East,Office Supplies,2,32.79,65.58,29.27,12.54,23.77
CA-2017-134880,2017-Q4,West,Office Supplies,1,44.78,44.78,19.98,8.57,16.23
CA-2015-145758,2015-Q4,East,Technology,4,258.95,1035.8,536.54,229.95,269.31
CA-2017-158736,2017-Q4,West,Office Supplies,2,2.88,5.76,2.86,1.23,1.67
US-2016-119270,2016-Q1,West,Office Supplies,2,9.99,19.98,7.69,3.3,8.99
CA-2014-109890,2014-Q3,Central,Technology,2,17.99,35.98,18.14,7.77,10.07
CA-2016-138583,2016-Q2,East,Office Supplies,3,5.55,16.66,9.33,4.0,3.33
US-2017-118535,2017-Q1,East,Office Supplies,2,10.35,20.7,7.53,3.23,9.94
CA-2016-126284,2016-Q3,Central,Office Supplies,5,16.74,83.7,29.88,12.81,41.01
CA-2017-142391,2017-Q3,West,Furniture,10,19.98,199.8,89.51,38.36,71.93
CA-2017-124716,2017-Q1,West,Office Supplies,2,22.84,45.68,17.27,7.4,21.01
CA-2017-124716,2017-Q1,West,Office Supplies,2,55.48,110.96,40.39,17.31,53.26
CA-2017-124716,2017-Q1,West,Office Supplies,3,3.98,11.94,4.18,1.79,5.97
CA-2016-158841,2016-Q1,South,Technology,5,1749.99,8749.95,4164.98,1784.99,2799.98
CA-2016-158841,2016-Q1,South,Office Supplies,8,4.55,36.4,12.74,5.46,18.2
CA-2016-158841,2016-Q1,South,Furniture,7,2.67,18.69,8.11,3.48,7.1
CA-2017-106824,2017-Q3,West,Office Supplies,3,1.98,5.94,4.07,1.75,0.12
CA-2015-109190,2015-Q4,Central,Office Supplies,8,7.59,60.74,28.17,12.07,20.5
CA-2015-109190,2015-Q4,Central,Technology,3,159.99,479.98,222.59,95.4,161.99
CA-2015-109190,2015-Q4,Central,Office Supplies,1,6.08,6.08,11.49,4.93,-10.34
CA-2016-143154,2016-Q4,West,Technology,3,55.2,165.6,120.27,51.54,-6.21
CA-2014-169061,2014-Q1,East,Office Supplies,3,19.84,59.52,30.83,13.21,15.48
CA-2014-169061,2014-Q1,East,Technology,3,159.99,479.97,211.67,90.71,177.59
CA-2014-169061,2014-Q1,East,Office Supplies,2,9.31,18.62,9.25,3.97,5.4
CA-2014-169061,2014-Q1,East,Office Supplies,6,8.27,49.63,23.02,9.86,16.75
CA-2014-169061,2014-Q1,East,Office Supplies,2,48.91,97.82,36.29,15.55,45.98
CA-2015-102316,2015-Q1,West,Technology,2,7.99,15.98,10.35,4.43,1.2
CA-2015-102316,2015-Q1,West,Furniture,3,61.58,184.75,143.87,61.66,-20.78
CA-2014-164903,2014-Q1,West,Office Supplies,2,6.48,12.96,4.72,2.02,6.22
CA-2016-109400,2016-Q2,Central,Furniture,4,91.68,366.74,333.73,143.03,-110.02
CA-2016-130400,2016-Q1,Central,Office Supplies,9,0.98,8.86,16.12,6.91,-14.17
CA-2016-130400,2016-Q1,Central,Technology,5,5.59,27.96,13.7,5.87,8.39
CA-2016-130400,2016-Q1,Central,Office Supplies,3,48.78,146.35,67.87,29.09,49.39
CA-2015-135853,2015-Q4,Central,Technology,11,15.93,175.23,79.73,34.17,61.33
CA-2015-135853,2015-Q4,Central,Technology,1,125.99,125.99,66.14,28.35,31.5
CA-2015-135853,2015-Q4,Central,Office Supplies,2,11.5,23.0,8.86,3.79,10.35
CA-2016-103359,2016-Q4,East,Office Supplies,2,12.79,25.58,11.64,4.99,8.95
CA-2016-144645,2016-Q1,Central,Furniture,2,36.89,73.78,105.88,45.37,-77.47
CA-2017-141614,2017-Q2,South,Office Supplies,4,5.18,20.74,9.44,4.04,7.26
CA-2015-122168,2015-Q3,South,Office Supplies,3,5.84,17.52,6.5,2.79,8.23
CA-2015-122168,2015-Q3,South,Office Supplies,12,2.98,35.76,18.02,7.73,10.01
CA-2016-132899,2016-Q2,East,Office Supplies,2,1.82,3.64,1.86,0.8,0.98
CA-2017-149720,2017-Q2,Central,Furniture,6,5.06,30.34,33.45,14.33,-17.44
CA-2017-118003,2017-Q4,East,Furniture,1,12.99,12.99,8.0,3.43,1.56
CA-2017-118003,2017-Q4,East,Furniture,3,60.74,182.22,95.66,41.0,45.56
CA-2017-118003,2017-Q4,East,Furniture,3,100.98,302.94,199.33,85.43,18.18
CA-2016-141887,2016-Q1,East,Furniture,14,3.93,54.99,32.23,13.82,8.94
US-2016-160206,2016-Q2,Central,Technology,1,12.99,12.99,8.91,3.82,0.26
CA-2017-133074,2017-Q3,West,Office Supplies,7,7.98,55.86,19.55,8.38,27.93
CA-2017-161172,2017-Q1,East,Technology,2,22.19,44.38,36.25,15.53,-7.4
CA-2017-161172,2017-Q1,East,Furniture,6,8.54,51.26,30.5,13.07,7.69
CA-2017-161172,2017-Q1,East,Office Supplies,3,1.73,5.19,6.05,2.6,-3.46
CA-2017-161172,2017-Q1,East,Technology,2,79.99,159.98,81.19,34.79,44.0
CA-2017-161172,2017-Q1,East,Office Supplies,2,27.11,54.22,35.58,15.25,3.39
CA-2017-137624,2017-Q4,West,Furniture,2,120.71,241.42,194.34,83.29,-36.21
CA-2016-156748,2016-Q4,Central,Office Supplies,4,8.34,33.36,11.68,5.0,16.68
CA-2016-156748,2016-Q4,Central,Office Supplies,2,6.88,13.76,5.2,2.23,6.33
CA-2016-156748,2016-Q4,Central,Office Supplies,7,70.98,496.86,330.41,141.61,24.84
CA-2016-156748,2016-Q4,Central,Furniture,3,129.99,389.97,248.41,106.46,35.1
CA-2015-169677,2015-Q1,South,Office Supplies,2,4.91,9.82,3.51,1.5,4.81
US-2014-163146,2014-Q2,West,Technology,3,18.8,56.4,37.11,15.91,3.38
CA-2015-157343,2015-Q2,East,Office Supplies,4,4.58,18.31,21.36,9.16,-12.21
CA-2015-157343,2015-Q2,East,Office Supplies,5,5.18,25.92,11.79,5.06,9.07
CA-2015-157343,2015-Q2,East,Office Supplies,3,2.67,8.02,4.91,2.11,1.0
CA-2017-147354,2017-Q1,West,Technology,2,239.99,479.98,293.99,125.99,60.0
CA-2017-147354,2017-Q1,West,Office Supplies,5,6.17,30.84,14.84,6.36,9.64
CA-2015-157287,2015-Q4,East,Office Supplies,2,16.78,33.57,22.32,9.57,1.68
CA-2015-157287,2015-Q4,East,Furniture,7,60.37,422.62,295.83,126.79,0.0
CA-2014-137575,2014-Q3,East,Technology,2,99.99,199.98,81.19,34.8,83.99
CA-2016-119074,2016-Q1,South,Furniture,1,20.24,20.24,8.08,3.46,8.7
CA-2016-119074,2016-Q1,South,Furniture,4,9.98,39.92,20.12,8.62,11.18
CA-2016-119074,2016-Q1,South,Office Supplies,2,16.27,32.54,11.62,4.98,15.94
CA-2015-149566,2015-Q4,West,Technology,3,13.0,39.0,15.01,6.44,17.55
CA-2015-149566,2015-Q4,West,Office Supplies,4,3.15,12.6,4.58,1.97,6.05
CA-2015-126186,2015-Q3,West,Furniture,4,6.16,24.64,14.45,6.19,4.0
CA-2015-121132,2015-Q3,Central,Office Supplies,3,2.09,6.26,2.95,1.27,2.04
CA-2015-121132,2015-Q3,Central,Office Supplies,4,3.61,14.43,7.7,3.3,3.43
CA-2014-140473,2014-Q2,Central,Technology,3,239.99,719.98,409.49,175.49,135.0
US-2017-102904,2017-Q4,South,Technology,8,29.99,239.92,151.15,64.78,23.99
CA-2016-102092,2016-Q4,South,Furniture,7,150.98,1056.86,628.83,269.5,158.53
CA-2015-117884,2015-Q1,South,Technology,7,63.99,447.94,250.84,107.51,89.59
CA-2015-117884,2015-Q1,South,Office Supplies,9,16.71,150.41,128.97,55.28,-33.84
CA-2016-132829,2016-Q4,Central,Technology,3,151.19,453.58,289.72,124.17,39.69
CA-2016-132829,2016-Q4,Central,Office Supplies,9,5.04,45.36,21.43,9.19,14.74
CA-2016-132829,2016-Q4,Central,Technology,3,95.96,287.88,176.33,75.57,35.98
CA-2016-132829,2016-Q4,Central,Technology,3,43.96,131.88,81.93,35.11,14.84
CA-2016-132829,2016-Q4,Central,Furniture,2,1.16,2.33,2.16,0.93,-0.76
CA-2016-123540,2016-Q2,Central,Furniture,5,290.98,1454.9,753.64,322.99,378.27
US-2017-108315,2017-Q2,South,Office Supplies,3,1.61,4.84,5.87,2.52,-3.55
US-2017-108315,2017-Q2,South,Furniture,6,36.78,220.7,160.29,68.69,-8.28
CA-2016-134110,2016-Q4,Central,Technology,3,22.39,67.18,42.32,18.14,6.72
CA-2016-134110,2016-Q4,Central,Office Supplies,4,3.81,15.23,6.8,2.91,5.52
US-2016-136581,2016-Q4,East,Office Supplies,6,5.18,31.1,14.15,6.06,10.89
CA-2016-162390,2016-Q4,East,Office Supplies,7,138.39,968.74,457.73,196.17,314.84
CA-2016-162390,2016-Q4,East,Office Supplies,13,17.1,222.35,101.17,43.36,77.82
CA-2016-162390,2016-Q4,East,Technology,2,239.99,479.98,272.99,116.99,90.0
CA-2016-162222,2016-Q2,Central,Office Supplies,3,3.42,10.27,4.94,2.12,3.21
CA-2014-121629,2014-Q4,Central,Technology,5,199.77,998.85,839.03,359.59,-199.77
CA-2015-164623,2015-Q4,East,Office Supplies,2,12.28,24.56,9.11,3.91,11.54
CA-2014-159849,2014-Q3,West,Office Supplies,3,1.89,5.67,3.89,1.67,0.11
CA-2017-101273,2017-Q3,South,Office Supplies,4,3.58,14.34,9.41,4.03,0.9
CA-2017-106747,2017-Q3,East,Furniture,1,102.3,102.3,52.99,22.71,26.6
CA-2017-146164,2017-Q4,Central,Furniture,2,303.76,607.52,357.22,153.1,97.2
CA-2017-146164,2017-Q4,Central,Office Supplies,2,15.58,31.16,16.36,7.01,7.79
CA-2016-111605,2016-Q4,South,Office Supplies,1,2.61,2.61,0.99,0.42,1.2
CA-2014-130673,2014-Q2,Central,Furniture,3,3.44,10.33,11.39,4.88,-5.94
CA-2014-130673,2014-Q2,Central,Office Supplies,2,5.18,10.37,4.72,2.02,3.63
CA-2014-130673,2014-Q2,Central,Technology,2,10.39,20.78,17.09,7.33,-3.64
CA-2014-130673,2014-Q2,Central,Office Supplies,5,13.39,66.96,56.24,24.11,-13.39
CA-2014-104808,2014-Q1,West,Office Supplies,2,8.62,17.25,7.85,3.36,6.04
US-2017-132927,2017-Q4,East,Office Supplies,7,1.58,11.09,13.45,5.77,-8.13
CA-2017-162015,2017-Q3,West,Technology,5,257.49,1287.45,729.98,312.85,244.62
CA-2017-162015,2017-Q3,West,Office Supplies,5,33.62,168.1,87.07,37.32,43.71
CA-2015-138492,2015-Q2,East,Office Supplies,2,25.98,51.97,43.65,18.71,-10.39
CA-2017-145338,2017-Q1,East,Office Supplies,2,2.38,4.77,3.0,1.29,0.48
CA-2017-126676,2017-Q3,East,Office Supplies,3,2.66,7.98,2.85,1.22,3.91
CA-2017-101700,2017-Q2,West,Office Supplies,2,9.35,18.69,8.18,3.5,7.01
CA-2017-101700,2017-Q2,West,Furniture,3,3.89,11.66,5.82,2.49,3.35
CA-2017-159667,2017-Q4,South,Technology,3,63.99,191.98,107.51,46.07,38.4
CA-2017-159667,2017-Q4,South,Technology,4,124.79,499.17,327.58,140.39,31.2
CA-2014-111934,2014-Q2,South,Office Supplies,2,5.94,11.88,4.57,1.96,5.35
CA-2014-111934,2014-Q2,South,Office Supplies,1,35.44,35.44,13.15,5.63,16.66
US-2016-117387,2016-Q4,West,Office Supplies,4,16.78,67.14,29.37,12.59,25.18
CA-2014-141110,2014-Q4,West,Office Supplies,3,1.44,4.32,1.97,0.84,1.51
CA-2014-141110,2014-Q4,West,Office Supplies,3,4.98,14.94,5.54,2.38,7.02
CA-2014-141110,2014-Q4,West,Office Supplies,2,20.27,40.54,20.43,8.76,11.35
CA-2014-141110,2014-Q4,West,Office Supplies,1,7.31,7.31,3.32,1.43,2.56
US-2014-133949,2014-Q4,West,Technology,7,67.99,475.94,291.51,124.94,59.49
US-2016-116365,2016-Q1,Central,Technology,2,15.04,30.08,24.74,10.6,-5.26
US-2016-116365,2016-Q1,Central,Technology,3,55.2,165.6,120.27,51.54,-6.21
US-2016-116365,2016-Q1,Central,Technology,5,36.19,180.96,117.17,50.22,13.57
CA-2017-162936,2017-Q3,East,Technology,2,11.59,23.18,10.87,4.66,7.65
CA-2014-151946,2014-Q2,East,Furniture,2,28.48,56.96,25.12,10.76,21.08
CA-2014-151946,2014-Q2,East,Office Supplies,4,3.89,15.56,8.06,3.45,4.05
CA-2014-151946,2014-Q2,East,Furniture,2,176.78,353.57,278.44,119.33,-44.2
CA-2014-151946,2014-Q2,East,Furniture,2,6.98,13.96,5.08,2.18,6.7
CA-2017-123624,2017-Q4,West,Technology,5,16.59,82.95,37.74,16.18,29.03
CA-2016-146437,2016-Q1,West,Office Supplies,2,19.84,39.68,20.55,8.81,10.32
CA-2016-138233,2016-Q4,West,Technology,3,159.99,479.97,211.67,90.71,177.59
CA-2016-165918,2016-Q3,West,Office Supplies,2,3.69,7.38,2.74,1.17,3.47
CA-2016-165918,2016-Q3,West,Office Supplies,3,4.75,14.26,6.86,2.94,4.46
CA-2016-165918,2016-Q3,West,Office Supplies,2,40.99,81.98,29.27,12.54,40.17
CA-2016-165918,2016-Q3,West,Office Supplies,3,13.21,39.62,18.02,7.73,13.87
CA-2017-117513,2017-Q1,West,Furniture,7,57.1,399.67,290.26,124.4,-14.99
CA-2017-132437,2017-Q3,East,Office Supplies,4,16.28,65.12,33.73,14.46,16.93
US-2017-119319,2017-Q4,Central,Furniture,5,6.11,30.56,35.29,15.13,-19.86
CA-2017-104318,2017-Q2,South,Office Supplies,2,10.38,20.77,12.9,5.53,2.34
US-2016-114230,2016-Q4,West,Office Supplies,4,9.95,39.81,25.08,10.75,3.98
CA-2015-136147,2015-Q4,South,Office Supplies,6,20.18,121.1,155.41,66.61,-100.92
CA-2015-136147,2015-Q4,South,Technology,5,22.39,111.96,79.35,34.01,-1.4
CA-2015-156118,2015-Q4,West,Office Supplies,3,5.23,15.7,7.42,3.18,5.1
CA-2015-164084,2015-Q3,East,Office Supplies,3,23.42,70.26,35.9,15.39,18.97
CA-2015-164084,2015-Q3,East,Technology,5,18.0,90.0,51.66,22.14,16.2
CA-2015-164084,2015-Q3,East,Office Supplies,2,3.05,6.1,2.83,1.21,2.06
CA-2015-164084,2015-Q3,East,Furniture,2,240.59,481.18,421.03,180.44,-120.29
CA-2015-164084,2015-Q3,East,Office Supplies,4,1.81,7.24,3.39,1.46,2.39
CA-2016-107783,2016-Q3,East,Furniture,5,35.49,177.45,178.87,76.66,-78.08
CA-2016-107783,2016-Q3,East,Office Supplies,6,228.29,1369.76,1598.06,684.88,-913.18
CA-2016-107783,2016-Q3,East,Office Supplies,3,3.16,9.48,6.14,2.63,0.71
CA-2017-159793,2017-Q3,East,Furniture,2,65.49,130.98,154.03,66.02,-89.07
CA-2014-160094,2014-Q2,South,Office Supplies,5,34.99,174.95,90.62,38.84,45.49
CA-2014-160094,2014-Q2,South,Office Supplies,5,165.2,826.0,427.87,183.37,214.76
CA-2017-151281,2017-Q2,West,Furniture,7,19.94,139.58,70.35,30.15,39.08
CA-2017-118346,2017-Q3,Central,Technology,5,79.99,399.95,179.18,76.79,143.98
CA-2014-129819,2014-Q4,South,Office Supplies,3,4.13,12.39,4.6,1.97,5.82
US-2017-148551,2017-Q1,Central,Office Supplies,5,152.2,760.98,1331.71,570.74,-1141.47
CA-2017-147767,2017-Q4,West,Office Supplies,6,11.31,67.86,79.17,33.93,-45.24
CA-2015-108259,2015-Q4,South,Office Supplies,11,2.86,31.5,13.78,5.91,11.81
CA-2015-108259,2015-Q4,South,Office Supplies,1,5.04,5.04,2.38,1.02,1.64
CA-2015-108259,2015-Q4,South,Office Supplies,7,5.7,39.88,48.38,20.74,-29.24
CA-2015-108259,2015-Q4,South,Furniture,1,4.71,4.71,2.31,0.99,1.41
CA-2016-113341,2016-Q4,West,Furniture,3,64.78,194.35,122.44,52.47,19.44
US-2015-131842,2015-Q4,South,Furniture,2,48.71,97.42,60.52,25.94,10.96
CA-2016-164574,2016-Q3,South,Office Supplies,5,140.95,704.76,474.83,203.5,26.43
CA-2016-164574,2016-Q3,South,Office Supplies,3,9.13,27.4,33.24,14.25,-20.09
CA-2014-142769,2014-Q3,West,Office Supplies,5,1.14,5.7,2.11,0.91,2.68
CA-2014-142769,2014-Q3,West,Furniture,3,4.73,14.19,6.06,2.6,5.53
CA-2014-142769,2014-Q3,West,Office Supplies,2,3.65,7.3,3.58,1.53,2.19
CA-2014-142769,2014-Q3,West,Technology,2,99.99,199.98,86.79,37.2,75.99
CA-2014-142769,2014-Q3,West,Technology,4,36.24,144.96,58.86,25.22,60.88
CA-2014-142769,2014-Q3,West,Technology,2,59.0,118.0,68.56,29.38,20.06
CA-2014-142769,2014-Q3,West,Office Supplies,1,48.94,48.94,17.13,7.34,24.47
CA-2014-142769,2014-Q3,West,Office Supplies,2,11.33,22.66,9.04,3.88,9.74
CA-2016-168361,2016-Q2,Central,Office Supplies,1,0.84,0.84,1.53,0.65,-1.34
CA-2016-153185,2016-Q3,East,Office Supplies,6,5.16,30.96,13.82,5.92,11.22
CA-2017-124765,2017-Q4,South,Furniture,5,144.78,723.92,563.75,241.61,-81.44
CA-2015-131856,2015-Q2,Central,Furniture,4,5.49,21.97,26.53,11.37,-15.93
CA-2015-131856,2015-Q2,Central,Technology,6,103.19,619.15,384.65,164.85,69.65
CA-2015-131856,2015-Q2,Central,Office Supplies,7,18.27,127.9,60.43,25.9,41.57
CA-2017-126634,2017-Q1,West,Furniture,5,18.84,94.2,38.25,16.39,39.56
CA-2016-118500,2016-Q4,West,Office Supplies,5,9.9,49.5,25.3,10.84,13.36
CA-2016-163951,2016-Q4,East,Office Supplies,5,3.3,16.52,10.41,4.46,1.65
CA-2016-149916,2016-Q4,West,Office Supplies,4,13.84,55.36,25.19,10.79,19.38
CA-2016-149916,2016-Q4,West,Technology,1,11.56,11.56,5.46,2.34,3.76
CA-2015-158918,2015-Q4,West,Office Supplies,4,4.28,17.12,6.59,2.83,7.7
US-2014-159611,2014-Q4,East,Furniture,3,60.78,182.35,140.41,60.18,-18.24
US-2014-159611,2014-Q4,East,Office Supplies,2,59.08,118.16,100.29,42.98,-25.11
CA-2017-163265,2017-Q1,Central,Office Supplies,2,9.18,18.37,8.52,3.65,6.2
CA-2017-163265,2017-Q1,Central,Furniture,3,200.19,600.56,426.4,182.74,-8.58
CA-2017-163265,2017-Q1,Central,Office Supplies,3,16.78,50.35,40.97,17.56,-8.18
CA-2017-163265,2017-Q1,Central,Office Supplies,6,4.67,28.03,17.17,7.36,3.5
CA-2017-163265,2017-Q1,Central,Furniture,1,7.69,7.69,7.94,3.4,-3.65
CA-2017-141705,2017-Q4,Central,Furniture,5,103.48,517.4,419.1,179.61,-81.31
CA-2016-112739,2016-Q3,Central,Office Supplies,8,1.08,8.61,15.36,6.59,-13.34
CA-2016-112739,2016-Q3,Central,Technology,5,31.91,159.56,87.95,37.7,33.91
CA-2016-143805,2016-Q4,South,Office Supplies,7,300.65,2104.55,987.04,423.01,694.5
CA-2016-143805,2016-Q4,South,Office Supplies,5,8.14,40.7,20.23,8.67,11.8
CA-2014-133634,2014-Q4,South,Technology,3,15.93,47.79,22.08,9.46,16.25
CA-2017-101665,2017-Q4,West,Office Supplies,2,2.58,5.16,2.67,1.15,1.34
CA-2016-155446,2016-Q4,West,Technology,7,3.03,21.21,11.73,5.03,4.45
CA-2017-137323,2017-Q4,East,Office Supplies,6,16.06,96.36,49.92,21.39,25.05
CA-2016-144015,2016-Q2,West,Office Supplies,2,115.86,231.72,154.09,66.04,11.59
CA-2016-144015,2016-Q2,West,Office Supplies,5,3.58,17.9,6.26,2.69,8.95
CA-2016-144015,2016-Q2,West,Office Supplies,2,6.24,12.48,4.8,2.06,5.62
CA-2014-101427,2014-Q4,East,Office Supplies,3,2.67,8.02,4.84,2.08,1.1
CA-2016-136770,2016-Q3,East,Technology,2,129.95,259.9,221.35,94.86,-56.31
CA-2016-136770,2016-Q3,East,Technology,2,123.6,247.19,207.64,88.99,-49.44
CA-2016-136770,2016-Q3,East,Technology,5,55.99,279.96,161.68,69.29,48.99
CA-2016-118311,2016-Q4,West,Technology,5,90.0,450.0,201.6,86.4,162.0
US-2014-112795,2014-Q3,Central,Office Supplies,3,6.48,19.44,6.94,2.97,9.53
CA-2017-127096,2017-Q3,West,Furniture,1,300.9,300.9,202.73,86.89,11.28
CA-2017-119284,2017-Q2,South,Technology,3,79.99,239.98,149.09,63.89,27.0
CA-2017-119284,2017-Q2,South,Furniture,4,7.79,31.17,15.27,6.55,9.35
CA-2017-119284,2017-Q2,South,Furniture,2,60.48,120.96,104.43,44.75,-28.22
CA-2017-119284,2017-Q2,South,Technology,8,279.99,2239.94,1411.16,604.79,223.99
CA-2017-119284,2017-Q2,South,Office Supplies,8,9.58,76.61,48.94,20.97,6.7
CA-2017-119284,2017-Q2,South,Office Supplies,1,142.78,142.78,87.45,37.48,17.85
CA-2017-119284,2017-Q2,South,Office Supplies,5,18.27,91.36,43.17,18.5,29.69
CA-2015-133494,2015-Q1,East,Office Supplies,2,1.78,3.55,2.18,0.93,0.44
CA-2016-111318,2016-Q3,Central,Technology,8,14.39,115.14,72.54,31.09,11.51
US-2014-132745,2014-Q4,West,Office Supplies,1,4.71,4.71,3.3,1.41,0.0
CA-2014-146815,2014-Q3,East,Furniture,2,86.38,172.76,111.52,47.8,13.44
CA-2014-146815,2014-Q3,East,Office Supplies,2,1.76,3.52,1.28,0.55,1.69
CA-2014-119144,2014-Q4,West,Technology,4,19.99,79.97,68.57,29.39,-17.99
CA-2014-119144,2014-Q4,West,Furniture,3,101.99,305.97,196.54,84.23,25.2
CA-2014-119144,2014-Q4,West,Office Supplies,3,114.97,344.91,234.19,100.37,10.35
CA-2014-105648,2014-Q1,West,Furniture,3,208.78,626.35,454.89,194.95,-23.49
US-2015-145422,2015-Q4,West,Furniture,3,119.83,359.5,272.38,116.73,-29.61
CA-2017-136623,2017-Q3,West,Technology,6,11.99,71.95,46.58,19.97,5.4
CA-2017-136623,2017-Q3,West,Office Supplies,5,5.96,29.8,14.34,6.15,9.31
CA-2017-121678,2017-Q4,East,Office Supplies,1,1.82,1.82,2.25,0.97,-1.4
CA-2016-120824,2016-Q2,Central,Office Supplies,4,16.1,64.38,157.74,67.6,-160.96
CA-2016-120824,2016-Q2,Central,Furniture,2,3.49,6.98,8.06,3.46,-4.54
CA-2016-120824,2016-Q2,Central,Office Supplies,8,1.41,11.26,5.12,2.2,3.94
CA-2016-120824,2016-Q2,Central,Office Supplies,3,5.18,15.55,6.94,2.97,5.64
CA-2016-120824,2016-Q2,Central,Furniture,2,189.68,379.37,349.02,149.58,-119.23
CA-2016-120824,2016-Q2,Central,Office Supplies,9,7.5,67.54,42.55,18.24,6.75
CA-2016-120824,2016-Q2,Central,Office Supplies,2,0.76,1.52,2.93,1.26,-2.67
US-2016-135209,2016-Q4,South,Office Supplies,7,5.34,37.41,17.02,7.3,13.09
US-2016-135209,2016-Q4,South,Office Supplies,6,4.22,25.34,11.53,4.94,8.87
CA-2017-148145,2017-Q1,West,Office Supplies,4,11.55,46.2,17.46,7.49,21.25
CA-2015-103870,2015-Q4,South,Technology,3,1.58,4.73,2.81,1.21,0.71
CA-2015-103870,2015-Q4,South,Furniture,3,17.78,53.35,26.14,11.2,16.01
CA-2015-103870,2015-Q4,South,Furniture,2,65.55,131.1,86.04,36.87,8.19
CA-2015-103870,2015-Q4,South,Office Supplies,3,7.5,22.51,14.18,6.08,2.25
CA-2015-103870,2015-Q4,South,Technology,7,10.39,72.74,59.83,25.64,-12.73
CA-2015-111017,2015-Q3,Central,Office Supplies,3,17.53,52.59,25.77,11.04,15.78
CA-2017-116988,2017-Q2,West,Office Supplies,3,6.48,19.44,7.08,3.03,9.33
CA-2017-116988,2017-Q2,West,Furniture,3,42.1,126.3,60.12,25.76,40.42
CA-2017-116988,2017-Q2,West,Technology,5,257.49,1287.45,729.98,312.85,244.62
US-2014-169390,2014-Q1,East,Office Supplies,4,16.24,64.96,38.65,16.57,9.74
CA-2016-168774,2016-Q3,Central,Office Supplies,3,178.47,535.41,262.35,112.44,160.62
CA-2017-161592,2017-Q2,South,Office Supplies,5,1.62,8.1,9.83,4.21,-5.94
US-2017-131961,2017-Q4,East,Office Supplies,4,3.31,13.25,6.73,2.88,3.64
US-2017-131961,2017-Q4,East,Technology,2,42.0,83.99,73.49,31.5,-21.0
CA-2016-102498,2016-Q3,South,Office Supplies,5,14.64,73.2,36.38,15.59,21.23
CA-2015-113222,2015-Q4,Central,Office Supplies,3,3.58,10.74,3.91,1.67,5.16
US-2015-144771,2015-Q4,West,Furniture,1,11.03,11.03,5.6,2.4,3.03
US-2015-144771,2015-Q4,West,Technology,3,17.68,53.04,40.38,17.3,-4.64
CA-2015-162376,2015-Q4,East,Office Supplies,4,4.28,17.12,8.51,3.65,4.96
CA-2015-162376,2015-Q4,East,Office Supplies,3,19.98,59.94,22.24,9.53,28.17
CA-2017-128076,2017-Q1,West,Furniture,2,105.29,210.58,138.56,59.39,12.63
CA-2017-128076,2017-Q1,West,Office Supplies,2,15.48,30.96,14.63,6.27,10.06
CA-2017-128076,2017-Q1,West,Technology,2,119.99,239.98,140.69,60.29,39.0
US-2015-163825,2015-Q2,East,Office Supplies,3,1016.79,3050.38,1334.54,571.95,1143.89
US-2015-163825,2015-Q2,East,Technology,2,66.99,133.98,70.34,30.15,33.49
CA-2016-105662,2016-Q2,South,Office Supplies,4,23.31,93.25,43.25,18.53,31.47
CA-2016-105662,2016-Q2,South,Technology,3,59.16,177.48,110.26,47.25,19.97
CA-2017-152198,2017-Q3,East,Office Supplies,6,2.95,17.71,8.21,3.52,5.98
CA-2017-152198,2017-Q3,East,Office Supplies,3,1.62,4.86,5.89,2.53,-3.56
CA-2017-152198,2017-Q3,East,Office Supplies,2,3.13,6.26,8.04,3.44,-5.22
CA-2016-114307,2016-Q3,East,Office Supplies,2,18.84,37.68,18.99,8.14,10.55
CA-2016-114307,2016-Q3,East,Office Supplies,8,6.48,51.84,18.87,8.09,24.88
CA-2016-114307,2016-Q3,East,Furniture,3,9.14,27.42,12.67,5.43,9.32
CA-2016-114307,2016-Q3,East,Office Supplies,3,1.8,5.4,1.97,0.84,2.59
CA-2016-159891,2016-Q1,South,Office Supplies,1,1270.99,1270.99,444.84,190.65,635.5
CA-2016-159891,2016-Q1,South,Office Supplies,8,15.67,125.36,46.51,19.93,58.92
CA-2016-112578,2016-Q4,West,Office Supplies,1,14.03,14.03,6.97,2.99,4.07
CA-2016-112578,2016-Q4,West,Office Supplies,2,13.98,27.96,14.48,6.21,7.27
CA-2015-107083,2015-Q4,Central,Office Supplies,2,2.67,5.34,3.23,1.38,0.73
CA-2015-107083,2015-Q4,Central,Office Supplies,2,0.85,1.7,2.97,1.27,-2.54
CA-2015-107083,2015-Q4,Central,Office Supplies,3,8.2,24.59,64.55,27.66,-67.62
CA-2015-107083,2015-Q4,Central,Office Supplies,5,1.6,7.98,14.8,6.35,-13.17
CA-2015-151722,2015-Q4,East,Technology,4,72.0,288.0,161.28,69.12,57.6
CA-2016-151148,2016-Q3,West,Technology,3,48.98,146.95,96.44,41.33,9.18
CA-2016-151148,2016-Q3,West,Furniture,4,20.78,83.14,54.56,23.38,5.2
CA-2017-115882,2017-Q3,South,Office Supplies,4,235.7,942.78,593.95,254.55,94.28
CA-2017-115882,2017-Q3,South,Office Supplies,3,24.78,74.35,35.78,15.33,23.24
CA-2015-132276,2015-Q1,East,Office Supplies,6,4.48,26.88,14.11,6.05,6.72
CA-2015-132276,2015-Q1,East,Office Supplies,2,5.45,10.9,4.96,2.13,3.81
CA-2016-163636,2016-Q4,Central,Office Supplies,2,1.77,3.54,2.26,0.97,0.31
CA-2016-102813,2016-Q3,Central,Furniture,5,105.69,528.43,369.9,158.53,0.0
CA-2016-102813,2016-Q3,Central,Office Supplies,8,5.18,41.47,18.86,8.09,14.52
CA-2017-135377,2017-Q4,East,Furniture,3,95.99,287.98,196.55,84.23,7.2
CA-2015-165813,2015-Q1,West,Office Supplies,3,9.77,29.3,18.72,8.02,2.56
CA-2015-133585,2015-Q1,Central,Office Supplies,2,27.66,55.33,34.38,14.73,6.22
CA-2015-133585,2015-Q1,Central,Furniture,6,204.67,1228.0,884.88,379.24,-36.12
CA-2016-116911,2016-Q3,West,Office Supplies,4,5.11,20.42,9.65,4.13,6.64
CA-2016-116911,2016-Q3,West,Furniture,3,376.13,1128.39,608.2,260.66,259.53
US-2017-129224,2017-Q1,South,Office Supplies,2,2.31,4.61,2.06,0.88,1.67
CA-2017-145765,2017-Q2,West,Technology,5,39.19,195.96,123.45,52.91,19.6
CA-2017-145765,2017-Q2,West,Office Supplies,3,5.18,15.55,7.08,3.03,5.44
CA-2017-145765,2017-Q2,West,Technology,4,67.99,271.97,152.31,65.27,54.39
CA-2017-126914,2017-Q2,South,Furniture,3,232.78,698.35,452.18,193.79,52.38
CA-2017-126914,2017-Q2,South,Furniture,2,38.86,77.73,57.13,24.49,-3.89
CA-2015-169572,2015-Q3,South,Office Supplies,9,5.18,46.62,17.62,7.55,21.45
CA-2017-162075,2017-Q1,Central,Technology,7,76.79,537.54,343.35,147.15,47.04
CA-2014-162992,2014-Q4,West,Office Supplies,2,7.31,14.62,5.42,2.33,6.87
CA-2014-162992,2014-Q4,West,Office Supplies,5,4.51,22.55,9.63,4.13,8.79
CA-2014-162992,2014-Q4,West,Technology,5,116.76,583.8,357.58,153.25,72.97
CA-2014-162992,2014-Q4,West,Technology,4,52.79,211.17,136.73,58.6,15.84
CA-2016-106397,2016-Q3,West,Office Supplies,2,6.48,12.96,4.72,2.02,6.22
CA-2016-106397,2016-Q3,West,Office Supplies,2,22.99,45.98,23.18,9.93,12.87
US-2016-150140,2016-Q2,East,Technology,5,258.95,1294.75,670.68,287.43,336.64
CA-2014-116666,2014-Q2,East,Technology,5,359.99,1799.97,1091.98,467.99,240.0
CA-2017-148992,2017-Q4,Central,Office Supplies,2,5.34,10.69,4.86,2.09,3.74
CA-2016-140935,2016-Q4,Central,Technology,2,110.99,221.98,111.88,47.95,62.15
CA-2016-140935,2016-Q4,Central,Furniture,2,170.98,341.96,201.07,86.18,54.71
CA-2014-157644,2014-Q4,East,Technology,3,11.59,34.77,16.31,6.99,11.47
CA-2014-157644,2014-Q4,East,Office Supplies,3,6.3,18.9,7.15,3.06,8.69
US-2017-100398,2017-Q3,West,Office Supplies,3,34.24,102.72,45.84,19.64,37.24
CA-2016-113082,2016-Q3,East,Furniture,2,20.24,40.48,18.14,7.77,14.57
US-2017-110646,2017-Q4,East,Office Supplies,3,11.09,33.28,42.71,18.31,-27.74
US-2017-110646,2017-Q4,East,Technology,5,23.73,118.65,69.22,29.66,19.77
US-2017-110646,2017-Q4,East,Office Supplies,5,2.95,14.76,6.85,2.93,4.98
CA-2017-120614,2017-Q2,West,Office Supplies,4,9.38,37.52,13.66,5.85,18.01
US-2016-140172,2016-Q1,Central,Office Supplies,3,69.05,207.14,111.17,47.64,48.33
US-2016-140172,2016-Q1,Central,Office Supplies,5,2.78,13.9,7.1,3.05,3.75
CA-2015-127754,2015-Q3,West,Furniture,3,88.78,266.35,177.12,75.91,13.32
CA-2015-144274,2015-Q4,East,Technology,2,153.99,307.98,153.07,65.6,89.31
CA-2015-144274,2015-Q4,East,Office Supplies,6,7.35,44.1,16.36,7.01,20.73
CA-2015-144274,2015-Q4,East,Office Supplies,4,3.28,13.12,5.24,2.24,5.64
CA-2015-144274,2015-Q4,East,Office Supplies,2,8.28,16.56,6.15,2.63,7.78
CA-2015-144274,2015-Q4,East,Office Supplies,6,6.48,38.88,14.15,6.07,18.66
CA-2015-142930,2015-Q4,Central,Office Supplies,4,83.88,335.52,152.66,65.43,117.43
CA-2017-100622,2017-Q4,South,Technology,2,479.99,959.98,453.59,194.4,311.99
CA-2017-100622,2017-Q4,South,Office Supplies,2,2.04,4.09,4.96,2.13,-3.0
CA-2017-100622,2017-Q4,South,Office Supplies,2,27.99,55.98,36.25,15.53,4.2
CA-2017-100622,2017-Q4,South,Office Supplies,2,5.34,10.69,4.86,2.09,3.74
CA-2017-117156,2017-Q1,East,Office Supplies,3,2.95,8.86,4.19,1.79,2.88
CA-2015-115399,2015-Q4,East,Office Supplies,3,2.3,6.91,3.08,1.32,2.51
US-2014-157847,2014-Q2,Central,Office Supplies,5,5.34,26.72,12.16,5.21,9.35
US-2014-157847,2014-Q2,Central,Office Supplies,7,4.78,33.49,16.12,6.91,10.46
CA-2015-115168,2015-Q2,Central,Office Supplies,2,5.28,10.56,4.07,1.74,4.75
CA-2014-109680,2014-Q4,Central,Office Supplies,2,193.17,386.34,232.57,99.68,54.09
CA-2016-167983,2016-Q3,West,Office Supplies,10,3.34,33.44,15.22,6.52,11.7
CA-2015-145324,2015-Q4,South,Furniture,2,19.98,39.96,17.9,7.67,14.39
CA-2015-153423,2015-Q2,East,Office Supplies,2,608.78,1217.57,532.69,228.29,456.59
US-2017-132675,2017-Q3,South,Office Supplies,1,15.51,15.51,8.14,3.49,3.88
US-2017-132675,2017-Q3,South,Technology,2,44.95,89.9,45.31,19.42,25.17
US-2017-132675,2017-Q3,South,Office Supplies,4,3.57,14.28,7.4,3.17,3.71
US-2017-132675,2017-Q3,South,Office Supplies,3,4.24,12.72,5.43,2.33,4.96
US-2017-132675,2017-Q3,South,Office Supplies,5,3.15,15.75,5.73,2.46,7.56
CA-2014-153808,2014-Q2,West,Office Supplies,3,23.65,70.95,36.75,15.75,18.45
CA-2014-153808,2014-Q2,West,Office Supplies,2,32.78,65.57,29.26,12.54,23.77
CA-2014-153808,2014-Q2,West,Technology,3,99.99,299.97,117.59,50.39,131.99
US-2016-112396,2016-Q1,West,Technology,3,29.99,89.97,35.27,15.11,39.59
US-2016-112396,2016-Q1,West,Technology,2,15.93,31.86,14.5,6.21,11.15
CA-2014-141173,2014-Q4,Central,Office Supplies,5,13.43,67.15,35.25,15.11,16.79
CA-2017-156664,2017-Q4,East,Office Supplies,3,2.41,7.24,9.29,3.98,-6.03
CA-2017-156664,2017-Q4,East,Office Supplies,3,1.61,4.82,2.15,0.92,1.75
CA-2017-156664,2017-Q4,East,Office Supplies,5,18.27,91.36,43.17,18.5,29.69
CA-2017-156664,2017-Q4,East,Office Supplies,2,65.06,130.11,81.97,35.13,13.01
CA-2015-140718,2015-Q3,South,Technology,1,74.24,74.24,46.12,19.77,8.35
CA-2015-140718,2015-Q3,South,Furniture,10,15.98,159.84,79.72,34.17,45.95
CA-2015-140718,2015-Q3,South,Office Supplies,2,1.44,2.89,3.64,1.56,-2.31
CA-2015-140718,2015-Q3,South,Office Supplies,2,4.7,9.39,4.27,1.83,3.29
CA-2014-119977,2014-Q4,East,Office Supplies,4,30.98,123.92,47.71,20.45,55.76
US-2015-115343,2015-Q3,East,Office Supplies,5,11.12,55.6,34.54,14.8,6.26
US-2015-115343,2015-Q3,East,Technology,3,205.99,617.98,437.99,187.71,-7.72
CA-2017-163671,2017-Q4,West,Office Supplies,3,7.1,21.31,9.32,4.0,7.99
CA-2017-135909,2017-Q4,West,Technology,6,34.99,209.94,119.03,51.02,39.89
CA-2017-135909,2017-Q4,West,Technology,2,15.99,31.98,27.99,11.99,-8.0
CA-2017-135909,2017-Q4,West,Office Supplies,5,1016.79,5083.96,2224.24,953.24,1906.48
US-2017-114356,2017-Q3,South,Technology,1,35.96,35.96,22.65,9.71,3.6
CA-2015-125934,2015-Q3,East,Office Supplies,3,10.35,31.05,11.3,4.85,14.9
CA-2015-125934,2015-Q3,East,Furniture,4,2.23,8.92,3.5,1.5,3.92
CA-2015-125934,2015-Q3,East,Office Supplies,4,52.4,209.6,79.23,33.95,96.42
CA-2015-125934,2015-Q3,East,Office Supplies,4,27.76,111.04,56.74,24.32,29.98
CA-2015-125934,2015-Q3,East,Office Supplies,6,6.48,38.88,14.15,6.07,18.66
CA-2015-158148,2015-Q4,South,Office Supplies,3,12.09,36.27,17.77,7.62,10.88
CA-2014-120411,2014-Q3,Central,Furniture,5,98.69,493.43,394.74,169.18,-70.49
CA-2014-120411,2014-Q3,Central,Technology,2,5.56,11.12,5.35,2.29,3.48
CA-2016-158260,2016-Q4,West,Technology,2,343.2,686.4,426.43,182.75,77.22
CA-2017-101805,2017-Q4,West,Office Supplies,5,3.18,15.92,7.38,3.17,5.37
CA-2017-101805,2017-Q4,West,Furniture,12,5.89,70.68,27.71,11.87,31.1
CA-2017-101805,2017-Q4,West,Office Supplies,4,135.31,541.24,375.08,160.75,5.41
US-2014-105137,2014-Q4,East,Technology,2,51.0,101.99,121.37,52.02,-71.4
US-2014-105137,2014-Q4,East,Office Supplies,2,9.13,18.26,22.16,9.49,-13.39
CA-2017-142489,2017-Q4,Central,Office Supplies,5,4.4,21.99,38.48,16.49,-32.98
US-2016-141264,2016-Q3,Central,Office Supplies,2,92.69,185.38,154.1,66.04,-34.76
US-2016-141264,2016-Q3,Central,Office Supplies,1,58.92,58.92,148.48,63.64,-153.2
CA-2017-126928,2017-Q3,East,Technology,4,120.0,480.0,178.08,76.32,225.6
CA-2017-126928,2017-Q3,East,Office Supplies,3,11.35,34.05,17.16,7.36,9.53
US-2015-107944,2015-Q1,West,Office Supplies,11,17.52,192.72,70.15,30.06,92.51
US-2015-107944,2015-Q1,West,Technology,3,79.99,239.97,107.51,46.07,86.39
CA-2016-135594,2016-Q2,Central,Technology,7,7.16,50.12,35.52,15.23,-0.63
US-2017-115252,2017-Q4,South,Technology,2,7.99,15.98,10.21,4.37,1.4
US-2017-115252,2017-Q4,South,Office Supplies,3,4.78,14.35,6.9,2.96,4.49
CA-2014-107398,2014-Q3,East,Office Supplies,4,1.63,6.53,7.77,3.33,-4.57
CA-2014-107398,2014-Q3,East,Office Supplies,3,0.95,2.86,3.6,1.55,-2.29
CA-2014-107398,2014-Q3,East,Office Supplies,8,2.61,20.86,26.28,11.26,-16.68
CA-2014-169642,2014-Q3,West,Office Supplies,2,138.14,276.28,193.4,82.88,0.0
CA-2017-103968,2017-Q4,West,Furniture,9,69.96,629.64,365.82,156.78,107.04
CA-2016-147256,2016-Q4,Central,Technology,3,149.99,449.97,160.64,68.84,220.49
CA-2016-147256,2016-Q4,Central,Office Supplies,7,275.37,1927.59,823.08,352.75,751.76
CA-2016-162159,2016-Q3,South,Furniture,2,60.89,121.78,63.94,27.4,30.44
CA-2015-111038,2015-Q4,West,Furniture,9,297.41,2676.67,1686.3,722.7,267.67
CA-2014-124723,2014-Q3,Central,Furniture,2,244.62,489.23,313.11,134.19,41.93
CA-2016-167241,2016-Q3,West,Furniture,3,104.01,312.03,187.84,80.51,43.68
CA-2016-167241,2016-Q3,West,Office Supplies,3,5.98,17.94,10.42,4.47,3.05
CA-2016-167241,2016-Q3,West,Technology,3,55.2,165.6,108.67,46.58,10.35
CA-2016-167241,2016-Q3,West,Office Supplies,4,9.38,37.52,13.66,5.85,18.01
CA-2015-163237,2015-Q3,South,Technology,3,164.99,494.97,242.54,103.94,148.49
CA-2015-163237,2015-Q3,South,Office Supplies,2,12.53,25.06,9.3,3.98,11.78
CA-2016-150483,2016-Q2,Central,Furniture,3,10.69,32.06,31.42,13.47,-12.83
CA-2016-150483,2016-Q2,Central,Office Supplies,4,4.62,18.5,8.26,3.54,6.7
CA-2016-150483,2016-Q2,Central,Furniture,3,63.69,191.08,160.51,68.79,-38.22
CA-2016-150483,2016-Q2,Central,Office Supplies,2,5.18,10.37,4.72,2.02,3.63
US-2016-126431,2016-Q3,East,Office Supplies,1,30.53,30.53,11.54,4.95,14.04
US-2016-126431,2016-Q3,East,Technology,3,10.28,30.84,17.27,7.4,6.17
US-2016-126431,2016-Q3,East,Office Supplies,9,8.34,75.06,28.9,12.38,33.78
CA-2016-139934,2016-Q4,West,Technology,7,9.57,66.98,42.2,18.08,6.7
CA-2015-109603,2015-Q1,West,Office Supplies,8,22.84,182.72,69.07,29.6,84.05
CA-2017-160661,2017-Q4,East,Office Supplies,3,7.31,21.93,8.13,3.49,10.31
CA-2017-102610,2017-Q4,South,Technology,3,31.99,95.98,56.27,24.11,15.6
CA-2017-102610,2017-Q4,South,Technology,9,15.99,143.93,123.42,52.89,-32.38
CA-2017-102610,2017-Q4,South,Office Supplies,2,1.78,3.56,4.57,1.96,-2.97
CA-2017-102610,2017-Q4,South,Office Supplies,2,2.46,4.93,2.25,0.96,1.72
US-2016-144057,2016-Q2,Central,Office Supplies,6,142.78,856.66,524.71,224.87,107.08
US-2016-144057,2016-Q2,Central,Office Supplies,4,3.3,13.18,23.53,10.09,-20.44
US-2016-144057,2016-Q2,Central,Office Supplies,4,12.2,48.78,126.35,54.15,-131.72
US-2016-144057,2016-Q2,Central,Office Supplies,2,38.32,76.64,34.87,14.95,26.82
US-2016-144057,2016-Q2,Central,Office Supplies,6,3.09,18.53,32.42,13.9,-27.79
CA-2014-160276,2014-Q2,South,Furniture,2,88.84,177.68,92.04,39.44,46.2
CA-2014-132983,2014-Q2,East,Technology,2,79.99,159.98,71.67,30.72,57.59
CA-2016-145709,2016-Q4,South,Technology,3,17.56,52.68,23.04,9.88,19.76
CA-2016-145709,2016-Q4,South,Furniture,3,3.86,11.57,6.28,2.69,2.6
CA-2017-133928,2017-Q2,South,Office Supplies,4,1.14,4.57,5.87,2.51,-3.81
CA-2016-168032,2016-Q1,Central,Technology,4,359.99,1439.97,907.18,388.79,144.0
CA-2016-168032,2016-Q1,Central,Office Supplies,3,0.58,1.73,3.09,1.32,-2.68
CA-2016-168032,2016-Q1,Central,Furniture,3,208.7,626.1,815.19,349.36,-538.45
CA-2015-143616,2015-Q3,West,Office Supplies,5,19.84,99.2,51.39,22.02,25.79
US-2015-168704,2015-Q2,Central,Furniture,4,152.5,609.98,506.28,216.98,-113.28
US-2015-168704,2015-Q2,Central,Furniture,2,105.68,211.37,179.66,77.0,-45.29
US-2015-168704,2015-Q2,Central,Technology,3,79.99,239.98,155.39,66.59,18.0
CA-2017-143252,2017-Q4,Central,Furniture,5,19.99,99.95,53.87,23.09,22.99
CA-2017-143252,2017-Q4,Central,Technology,3,9.78,29.34,12.94,5.54,10.86
CA-2016-102134,2016-Q1,Central,Furniture,2,8.37,16.74,8.67,3.72,4.35
CA-2017-130036,2017-Q3,East,Office Supplies,3,4.22,12.67,6.1,2.61,3.96
CA-2017-130036,2017-Q3,East,Technology,14,79.99,1119.89,636.94,272.97,209.98
CA-2015-134117,2015-Q4,West,Office Supplies,5,40.97,204.85,106.11,45.48,53.26
CA-2015-134117,2015-Q4,West,Technology,2,67.99,135.98,83.29,35.69,17.0
CA-2015-134117,2015-Q4,West,Office Supplies,5,3.28,16.4,6.54,2.81,7.05
CA-2015-134117,2015-Q4,West,Office Supplies,2,46.48,92.96,43.11,18.48,31.37
CA-2014-130918,2014-Q3,South,Office Supplies,3,2.54,7.63,6.61,2.83,-1.81
CA-2016-159023,2016-Q4,West,Office Supplies,7,0.59,4.16,5.33,2.29,-3.46
CA-2016-159023,2016-Q4,West,Technology,3,60.0,179.99,302.39,129.59,-251.99
CA-2017-111717,2017-Q4,Central,Furniture,3,79.79,239.36,201.06,86.17,-47.87
CA-2014-154592,2014-Q4,West,Office Supplies,3,54.96,164.88,58.86,25.23,80.79
CA-2014-128622,2014-Q4,West,Office Supplies,3,3.65,10.95,5.37,2.3,3.28
CA-2017-148355,2017-Q4,East,Office Supplies,3,6.48,19.44,7.08,3.03,9.33
CA-2017-148355,2017-Q4,East,Office Supplies,5,2.46,12.3,4.3,1.85,6.15
CA-2014-132913,2014-Q4,West,Office Supplies,1,13.97,13.97,7.24,3.1,3.63
CA-2017-150910,2017-Q4,South,Furniture,6,155.83,934.96,829.0,355.28,-249.32
CA-2017-150910,2017-Q4,South,Technology,2,23.43,46.86,27.47,11.77,7.62
CA-2017-150910,2017-Q4,South,Office Supplies,3,8.72,26.16,16.94,7.26,1.96
CA-2017-150910,2017-Q4,South,Office Supplies,7,3.3,23.13,14.17,6.07,2.89
CA-2017-150910,2017-Q4,South,Office Supplies,5,11.85,59.24,30.07,12.88,16.29
CA-2014-156790,2014-Q3,South,Furniture,4,38.86,155.46,114.26,48.97,-7.77
CA-2014-126480,2014-Q3,West,Office Supplies,2,4.28,8.56,3.3,1.41,3.85
CA-2017-105620,2017-Q4,South,Furniture,3,7.0,21.0,10.65,4.57,5.78
CA-2017-105620,2017-Q4,South,Technology,2,60.0,120.0,89.04,38.16,-7.2
CA-2017-150266,2017-Q4,Central,Technology,5,59.99,299.96,183.73,78.74,37.49
CA-2017-150266,2017-Q4,Central,Office Supplies,5,13.57,67.84,173.33,74.29,-179.78
CA-2017-150266,2017-Q4,Central,Furniture,5,170.79,853.93,614.83,263.5,-24.4
CA-2017-150266,2017-Q4,Central,Office Supplies,4,4.67,18.69,10.46,4.49,3.74
CA-2016-157280,2016-Q4,South,Furniture,2,136.98,273.96,141.91,60.82,71.23
CA-2016-157280,2016-Q4,South,Technology,3,29.99,89.97,49.76,21.32,18.89
CA-2016-157280,2016-Q4,South,Furniture,5,151.36,756.8,476.78,204.34,75.68
CA-2017-106691,2017-Q4,Central,Office Supplies,2,0.62,1.25,2.23,0.95,-1.93
CA-2016-134180,2016-Q4,East,Technology,1,72.0,72.0,40.32,17.28,14.4
CA-2016-134180,2016-Q4,East,Furniture,7,67.17,470.16,338.51,145.08,-13.43
CA-2014-166730,2014-Q4,South,Office Supplies,1,39.13,39.13,33.55,14.38,-8.8
CA-2017-157469,2017-Q4,East,Office Supplies,9,2.19,19.73,12.6,5.4,1.73
CA-2017-157469,2017-Q4,East,Technology,2,75.6,151.19,123.47,52.92,-25.2
CA-2017-122308,2017-Q1,East,Furniture,2,135.88,271.76,147.96,63.41,60.39
US-2014-149034,2014-Q4,East,Technology,1,47.5,47.5,34.08,14.61,-1.19
CA-2017-159226,2017-Q2,West,Furniture,7,49.28,344.98,221.6,94.97,28.41
CA-2017-156622,2017-Q4,Central,Office Supplies,7,5.18,36.29,16.51,7.08,12.7
CA-2017-156622,2017-Q4,Central,Office Supplies,2,39.15,78.3,34.26,14.68,29.36
CA-2017-156622,2017-Q4,Central,Furniture,1,127.78,127.78,111.17,47.64,-31.03
CA-2017-156622,2017-Q4,Central,Office Supplies,2,3.05,6.1,10.68,4.58,-9.16
CA-2014-119529,2014-Q4,East,Office Supplies,2,2.88,5.76,2.06,0.88,2.82
CA-2015-150413,2015-Q4,Central,Office Supplies,1,1.72,1.72,3.19,1.37,-2.84
CA-2014-108182,2014-Q1,Central,Office Supplies,2,4.47,8.95,16.6,7.12,-14.77
CA-2016-110898,2016-Q1,Central,Office Supplies,3,0.78,2.33,6.04,2.59,-6.3
CA-2016-110898,2016-Q1,Central,Office Supplies,4,0.43,1.73,3.14,1.35,-2.76
CA-2016-110898,2016-Q1,Central,Furniture,5,31.81,159.04,247.7,106.16,-194.82
CA-2016-110898,2016-Q1,Central,Furniture,2,72.99,145.98,171.67,73.58,-99.27
CA-2015-123092,2015-Q4,South,Furniture,3,25.98,77.95,45.7,19.58,12.67
CA-2015-123092,2015-Q4,South,Office Supplies,5,19.19,95.97,118.69,50.86,-73.58
CA-2015-123092,2015-Q4,South,Technology,2,52.79,105.58,67.44,28.9,9.24
CA-2015-123092,2015-Q4,South,Office Supplies,2,4.67,9.34,5.72,2.45,1.17
US-2015-128587,2015-Q4,Central,Furniture,2,4.84,9.68,4.13,1.77,3.78
US-2015-128587,2015-Q4,Central,Technology,7,699.99,4899.93,1817.87,779.09,2302.97
US-2017-139577,2017-Q4,West,Technology,5,20.95,104.75,57.92,24.83,22.0
CA-2017-159100,2017-Q4,South,Technology,2,9.26,18.53,9.89,4.24,4.4
CA-2017-159100,2017-Q4,South,Furniture,7,267.89,1875.26,1990.9,853.24,-968.88
CA-2014-109043,2014-Q3,South,Office Supplies,5,18.27,91.36,43.17,18.5,29.69
CA-2014-109043,2014-Q3,South,Office Supplies,5,30.45,152.24,94.58,40.53,17.13
US-2017-116491,2017-Q4,Central,Technology,2,17.59,35.18,16.01,6.86,12.31
CA-2017-122763,2017-Q1,Central,Office Supplies,2,28.35,56.7,26.29,11.27,19.14
CA-2017-122763,2017-Q1,Central,Office Supplies,7,39.15,274.06,119.9,51.39,102.77
CA-2017-137785,2017-Q2,East,Furniture,5,91.69,458.43,408.0,174.86,-124.43
CA-2014-133389,2014-Q2,West,Office Supplies,3,2.74,8.23,9.98,4.28,-6.03
CA-2014-103807,2014-Q4,South,Technology,1,5.95,5.95,3.58,1.54,0.83
CA-2014-103807,2014-Q4,South,Office Supplies,3,5.08,15.24,5.66,2.42,7.16
CA-2015-102855,2015-Q2,West,Technology,6,39.99,239.94,149.48,64.07,26.39
CA-2015-102855,2015-Q2,West,Office Supplies,8,2.98,23.84,12.18,5.22,6.44
CA-2017-107825,2017-Q4,Central,Office Supplies,6,15.42,92.52,47.28,20.26,24.98
CA-2017-107825,2017-Q4,Central,Office Supplies,1,37.76,37.76,19.03,8.16,10.57
CA-2017-107825,2017-Q4,Central,Office Supplies,2,3.69,7.38,2.74,1.17,3.47
CA-2017-107825,2017-Q4,Central,Furniture,2,2.91,5.82,2.16,0.92,2.74
CA-2017-106047,2017-Q3,East,Office Supplies,1,3.82,3.82,1.84,0.79,1.19
CA-2017-127803,2017-Q2,South,Office Supplies,4,6.54,26.16,9.34,4.0,12.82
CA-2015-137071,2015-Q4,Central,Technology,2,50.4,100.8,55.57,23.81,21.42
CA-2016-121447,2016-Q1,East,Furniture,7,19.4,135.8,48.48,20.78,66.54
CA-2017-143084,2017-Q1,West,Office Supplies,5,2.78,13.9,7.1,3.05,3.75
CA-2017-143084,2017-Q1,West,Office Supplies,5,3.88,19.4,7.06,3.03,9.31
CA-2016-131639,2016-Q4,West,Office Supplies,2,6.74,13.49,6.38,2.73,4.38
CA-2016-131639,2016-Q4,West,Office Supplies,1,11.42,11.42,5.3,2.27,3.85
CA-2016-161361,2016-Q1,West,Office Supplies,3,5.88,17.64,6.3,2.7,8.64
CA-2016-161361,2016-Q1,West,Office Supplies,3,5.68,17.04,8.05,3.45,5.54
CA-2014-100706,2014-Q4,South,Technology,2,49.99,99.98,64.39,27.59,8.0
CA-2014-100706,2014-Q4,South,Furniture,6,4.91,29.46,13.82,5.92,9.72
CA-2015-129525,2015-Q4,East,Office Supplies,13,12.84,166.92,198.63,85.13,-116.84
US-2016-141880,2016-Q3,West,Furniture,3,32.78,98.33,61.95,26.55,9.83
CA-2015-165799,2015-Q2,East,Furniture,1,117.88,117.88,81.6,34.97,1.31
CA-2016-102127,2016-Q2,East,Technology,3,6.99,20.97,8.36,3.59,9.02
CA-2016-102127,2016-Q2,East,Technology,4,34.99,139.96,91.11,39.05,9.8
CA-2016-102127,2016-Q2,East,Furniture,3,12.58,37.74,17.44,7.47,12.83
US-2016-152415,2016-Q3,East,Furniture,3,4.94,14.82,6.02,2.58,6.22
US-2016-152415,2016-Q3,East,Furniture,3,63.94,191.82,91.31,39.13,61.38
CA-2014-138198,2014-Q3,East,Office Supplies,2,6.95,13.9,6.57,2.81,4.52
CA-2017-128041,2017-Q3,West,Office Supplies,4,78.65,314.6,147.55,63.23,103.82
CA-2017-128041,2017-Q3,West,Furniture,4,70.89,283.56,166.73,71.46,45.37
CA-2017-105823,2017-Q2,Central,Furniture,2,243.98,487.96,239.1,102.47,146.39
CA-2014-152268,2014-Q3,South,Office Supplies,2,896.99,1793.98,665.57,285.24,843.17
CA-2015-148873,2015-Q4,Central,Office Supplies,4,0.75,2.99,5.24,2.24,-4.49
CA-2015-148873,2015-Q4,Central,Technology,4,27.19,108.77,74.23,31.82,2.72
CA-2015-166492,2015-Q2,East,Office Supplies,4,6.48,25.92,9.44,4.04,12.44
CA-2015-166492,2015-Q2,East,Office Supplies,2,11.29,22.58,11.7,5.01,5.87
CA-2017-157420,2017-Q4,Central,Technology,3,18.39,55.18,47.31,20.28,-12.41
CA-2016-117121,2016-Q4,Central,Office Supplies,13,760.98,9892.74,3462.46,1483.91,4946.37
CA-2014-138177,2014-Q3,West,Furniture,1,73.92,73.92,83.82,35.93,-45.83
CA-2014-114335,2014-Q3,South,Furniture,4,84.27,337.09,224.17,96.07,16.85
CA-2015-168760,2015-Q3,West,Office Supplies,3,20.48,61.44,31.39,13.46,16.59
CA-2016-168830,2016-Q4,West,Technology,3,159.99,479.97,221.75,95.03,163.19
CA-2017-137463,2017-Q4,West,Office Supplies,2,2.99,5.98,2.62,1.12,2.24
CA-2017-137463,2017-Q4,West,Technology,5,37.99,189.95,101.05,43.31,45.59
CA-2017-137463,2017-Q4,West,Technology,5,29.99,149.95,82.92,35.54,31.49
CA-2017-137463,2017-Q4,West,Office Supplies,5,5.99,29.95,14.88,6.38,8.69
CA-2017-137463,2017-Q4,West,Office Supplies,3,14.8,44.4,15.54,6.66,22.2
CA-2014-124513,2014-Q3,East,Office Supplies,3,22.01,66.03,34.2,14.66,17.17
CA-2015-165554,2015-Q2,West,Office Supplies,2,5.43,10.86,3.88,1.66,5.32
CA-2014-141838,2014-Q1,West,Office Supplies,2,1.68,3.36,1.76,0.76,0.84
CA-2014-141838,2014-Q1,West,Office Supplies,4,6.98,27.94,12.96,5.55,9.43
CA-2014-141838,2014-Q1,West,Technology,2,14.39,28.78,18.13,7.77,2.88
CA-2017-117009,2017-Q3,West,Office Supplies,2,10.98,21.96,11.07,4.74,6.15
CA-2015-128993,2015-Q3,West,Technology,2,10.99,21.98,9.39,4.02,8.57
CA-2015-160227,2015-Q4,East,Furniture,11,238.3,2621.32,1447.55,620.38,553.39
CA-2015-149097,2015-Q4,West,Furniture,7,10.68,74.76,35.59,15.25,23.92
CA-2015-149097,2015-Q4,West,Furniture,3,121.59,364.78,236.19,101.23,27.36
CA-2016-132304,2016-Q2,West,Furniture,7,159.31,1115.17,546.43,234.19,334.55
CA-2015-136420,2015-Q4,West,Office Supplies,4,22.42,89.7,39.24,16.82,33.64
CA-2015-136420,2015-Q4,West,Office Supplies,4,12.53,50.12,18.59,7.97,23.56
CA-2016-101623,2016-Q1,East,Office Supplies,6,6.08,36.48,12.77,5.47,18.24
US-2014-151015,2014-Q4,Central,Office Supplies,13,24.78,322.19,155.06,66.45,100.68
US-2014-151015,2014-Q4,Central,Office Supplies,3,0.98,2.95,5.47,2.34,-4.86
US-2014-151015,2014-Q4,Central,Office Supplies,4,4.78,19.14,8.54,3.66,6.94
CA-2017-152968,2017-Q2,South,Technology,2,11.54,23.08,11.31,4.85,6.92
CA-2016-150077,2016-Q1,East,Technology,2,45.24,90.48,46.87,20.09,23.52
CA-2016-106278,2016-Q3,West,Furniture,3,71.99,215.98,153.08,65.6,-2.7
CA-2016-106278,2016-Q3,West,Office Supplies,3,21.98,65.94,24.46,10.49,30.99
CA-2017-147550,2017-Q4,East,Furniture,3,3.78,11.35,6.05,2.6,2.7
CA-2015-136105,2015-Q2,Central,Office Supplies,2,12.28,24.56,12.38,5.3,6.88
CA-2016-142524,2016-Q3,Central,Office Supplies,2,8.28,16.56,6.15,2.63,7.78
CA-2016-142524,2016-Q3,Central,Technology,5,55.99,279.95,148.93,63.83,67.19
CA-2014-136336,2014-Q2,South,Office Supplies,6,138.14,828.84,580.19,248.65,0.0
US-2015-136259,2015-Q4,East,Office Supplies,3,2.41,7.22,8.92,3.83,-5.53
US-2015-136259,2015-Q4,East,Office Supplies,4,6.8,27.2,17.61,7.55,2.04
US-2014-124625,2014-Q4,Central,Technology,3,29.99,89.97,49.76,21.32,18.89
CA-2016-108105,2016-Q1,South,Furniture,4,79.52,318.08,198.16,84.93,34.99
CA-2016-108105,2016-Q1,South,Office Supplies,1,5.8,5.8,2.23,0.96,2.61
CA-2017-166898,2017-Q3,West,Technology,6,23.99,143.95,88.17,37.79,17.99
CA-2017-166898,2017-Q3,West,Office Supplies,3,6.48,19.44,7.08,3.03,9.33
CA-2017-169005,2017-Q4,South,Office Supplies,2,2.78,5.56,2.88,1.23,1.45
CA-2015-104038,2015-Q1,South,Office Supplies,3,48.91,146.73,100.66,43.14,2.93
CA-2015-104038,2015-Q1,South,Office Supplies,5,5.98,29.9,11.51,4.93,13.46
CA-2016-126102,2016-Q3,West,Office Supplies,2,138.39,276.78,130.78,56.05,89.95
CA-2016-143406,2016-Q3,Central,Office Supplies,2,46.52,93.03,240.95,103.27,-251.19
CA-2016-143406,2016-Q3,Central,Furniture,5,90.99,454.96,414.01,177.44,-136.49
CA-2015-150308,2015-Q4,South,Technology,3,82.06,246.17,157.24,67.39,21.54
CA-2016-131093,2016-Q3,East,Office Supplies,5,59.08,295.4,250.72,107.45,-62.77
US-2017-148831,2017-Q4,South,Office Supplies,8,43.57,348.56,170.79,73.2,104.57
CA-2015-162950,2015-Q2,East,Office Supplies,3,5.18,15.55,7.08,3.03,5.44
CA-2015-162950,2015-Q2,East,Furniture,6,80.49,482.94,601.74,257.89,-376.69
US-2015-132836,2015-Q2,Central,Technology,2,149.99,299.98,151.19,64.8,83.99
US-2015-132836,2015-Q2,Central,Office Supplies,6,67.28,403.68,155.41,66.61,181.66
US-2015-132836,2015-Q2,Central,Technology,2,20.95,41.9,21.12,9.05,11.73
US-2015-132836,2015-Q2,Central,Office Supplies,7,4.13,28.91,10.93,4.68,13.3
US-2014-158365,2014-Q2,Central,Office Supplies,5,6.48,32.4,11.79,5.06,15.55
CA-2017-152933,2017-Q4,Central,Technology,7,52.79,369.54,239.27,102.55,27.72
CA-2017-152933,2017-Q4,Central,Office Supplies,2,5.18,10.37,4.63,1.98,3.76
CA-2017-152933,2017-Q4,Central,Technology,3,263.96,791.88,464.24,198.96,128.68
CA-2015-163181,2015-Q4,Central,Office Supplies,3,7.88,23.64,12.82,5.5,5.32
CA-2015-163181,2015-Q4,Central,Office Supplies,2,42.39,84.78,71.22,30.52,-16.96
CA-2015-163181,2015-Q4,Central,Furniture,5,12.99,64.96,104.59,44.82,-84.45
CA-2015-163181,2015-Q4,Central,Office Supplies,10,3.21,32.06,58.35,25.01,-51.3
CA-2015-163181,2015-Q4,Central,Office Supplies,2,88.82,177.65,144.56,61.96,-28.87
CA-2015-163181,2015-Q4,Central,Technology,3,95.97,287.91,178.02,76.3,33.59
CA-2015-132941,2015-Q2,Central,Office Supplies,2,11.18,22.37,14.48,6.21,1.68
CA-2015-132941,2015-Q2,Central,Office Supplies,7,4.62,32.37,14.45,6.19,11.73
CA-2015-132941,2015-Q2,Central,Technology,2,103.99,207.98,120.11,51.47,36.4
CA-2014-132010,2014-Q4,South,Office Supplies,5,7.28,36.4,13.25,5.68,17.47
CA-2014-132010,2014-Q4,South,Technology,2,11.48,22.96,13.02,5.58,4.36
CA-2014-132010,2014-Q4,South,Office Supplies,4,78.8,315.2,216.23,92.67,6.3
CA-2014-132010,2014-Q4,South,Office Supplies,3,5.06,15.18,5.63,2.42,7.13
CA-2016-135461,2016-Q1,West,Technology,5,124.79,623.96,409.47,175.49,39.0
CA-2017-153045,2017-Q1,East,Technology,2,214.8,429.6,365.88,156.8,-93.08
CA-2017-153045,2017-Q1,East,Furniture,2,15.98,31.97,17.91,7.67,6.39
CA-2017-153045,2017-Q1,East,Furniture,3,295.76,887.27,665.45,285.2,-63.38
CA-2017-153045,2017-Q1,East,Office Supplies,4,5.42,21.7,10.25,4.4,7.05
US-2016-155971,2016-Q2,West,Office Supplies,7,3.15,22.05,8.03,3.44,10.58
US-2016-155971,2016-Q2,West,Office Supplies,5,19.98,99.9,37.06,15.89,46.95
CA-2017-122007,2017-Q1,West,Office Supplies,7,12.98,90.86,45.16,19.35,26.35
CA-2017-162250,2017-Q4,West,Office Supplies,1,7.78,7.78,3.0,1.28,3.5
US-2016-158288,2016-Q4,East,Office Supplies,9,8.75,78.76,95.56,40.96,-57.76
CA-2016-128916,2016-Q3,Central,Furniture,3,3.18,9.55,9.36,4.01,-3.82
CA-2016-128916,2016-Q3,Central,Furniture,4,1.34,5.34,5.24,2.24,-2.14
CA-2015-157028,2015-Q4,West,Office Supplies,2,4.14,8.28,3.36,1.44,3.48
CA-2017-112473,2017-Q2,Central,Office Supplies,3,16.71,50.14,42.99,18.43,-11.28
US-2017-147655,2017-Q3,West,Office Supplies,7,12.58,88.07,102.75,44.04,-58.72
CA-2016-130911,2016-Q1,East,Furniture,3,100.49,301.47,379.86,162.79,-241.18
CA-2016-130911,2016-Q1,East,Office Supplies,2,9.33,18.66,11.92,5.11,1.63
CA-2017-100055,2017-Q2,East,Furniture,2,13.73,27.46,12.3,5.27,9.89
CA-2017-100055,2017-Q2,East,Office Supplies,3,41.71,125.13,62.19,26.65,36.29
CA-2015-157805,2015-Q3,West,Technology,5,111.19,555.96,359.98,154.28,41.7
CA-2016-124254,2016-Q2,South,Office Supplies,3,43.18,129.55,106.55,45.67,-22.67
CA-2016-124254,2016-Q2,South,Office Supplies,1,51.98,51.98,40.03,17.15,-5.2
CA-2016-124254,2016-Q2,South,Office Supplies,3,3.42,10.27,4.76,2.04,3.47
CA-2014-123400,2014-Q1,South,Office Supplies,2,9.17,18.34,21.39,9.17,-12.22
CA-2014-123400,2014-Q1,South,Technology,5,36.19,180.96,117.17,50.22,13.57
CA-2014-106971,2014-Q3,Central,Technology,7,67.99,475.94,266.52,114.23,95.19
CA-2017-123029,2017-Q3,West,Technology,2,79.99,159.98,78.39,33.6,47.99
CA-2016-139409,2016-Q3,East,Technology,4,10.9,43.6,21.97,9.42,12.21
US-2017-166688,2017-Q2,West,Office Supplies,2,4.14,8.29,3.7,1.59,3.0
US-2017-166688,2017-Q2,West,Technology,9,124.79,1123.13,737.05,315.88,70.2
US-2017-166688,2017-Q2,West,Office Supplies,5,12.98,64.9,32.26,13.82,18.82
CA-2015-126970,2015-Q3,Central,Office Supplies,3,0.94,2.81,5.11,2.19,-4.49
US-2016-165505,2016-Q1,East,Technology,2,49.99,99.98,39.89,17.1,42.99
US-2016-165505,2016-Q1,East,Office Supplies,6,1.34,8.04,3.72,1.59,2.73
US-2016-165505,2016-Q1,East,Office Supplies,13,120.33,1564.29,810.3,347.27,406.72
US-2014-157070,2014-Q2,Central,Office Supplies,4,34.64,138.56,50.43,21.62,66.51
US-2014-157070,2014-Q2,Central,Office Supplies,5,13.1,65.52,37.2,15.94,12.38
US-2015-106873,2015-Q3,West,Office Supplies,2,7.29,14.58,8.55,3.66,2.37
US-2015-106873,2015-Q3,West,Technology,2,11.6,23.2,15.22,6.53,1.45
US-2015-106873,2015-Q3,West,Office Supplies,7,2.35,16.46,10.23,4.38,1.85
CA-2016-132990,2016-Q3,East,Furniture,2,9.65,19.31,11.32,4.85,3.14
CA-2014-102645,2014-Q1,West,Office Supplies,6,6.68,40.08,14.59,6.25,19.24
CA-2014-134215,2014-Q3,East,Office Supplies,2,50.98,101.96,52.1,22.33,27.53
CA-2014-134215,2014-Q3,East,Office Supplies,13,19.98,259.74,94.54,40.52,124.68
CA-2014-134215,2014-Q3,East,Technology,9,28.38,255.42,105.49,45.21,104.72
CA-2016-118934,2016-Q3,South,Office Supplies,3,1.45,4.34,5.17,2.21,-3.04
CA-2016-118934,2016-Q3,South,Office Supplies,5,2.38,11.88,13.86,5.94,-7.92
CA-2016-160108,2016-Q4,Central,Furniture,7,57.98,405.86,261.37,112.02,32.47
CA-2016-160108,2016-Q4,Central,Furniture,3,226.67,680.01,352.25,150.96,176.8
CA-2015-164007,2015-Q2,Central,Technology,3,0.79,2.38,1.15,0.49,0.74
CA-2015-164007,2015-Q2,Central,Office Supplies,2,71.56,143.13,375.71,161.02,-393.6
CA-2016-100300,2016-Q2,West,Technology,4,1119.2,4476.8,2781.21,1191.95,503.64
CA-2016-100300,2016-Q2,West,Office Supplies,1,104.85,104.85,38.16,16.36,50.33
CA-2016-100300,2016-Q2,West,Office Supplies,3,80.48,241.44,118.31,50.7,72.43
CA-2016-140571,2016-Q1,South,Office Supplies,14,22.84,319.76,120.87,51.8,147.09
CA-2016-140571,2016-Q1,South,Office Supplies,2,22.84,45.68,17.27,7.4,21.01
US-2016-155768,2016-Q4,West,Furniture,2,15.98,31.96,21.25,9.11,1.6
US-2016-155768,2016-Q4,West,Office Supplies,1,47.9,47.9,17.44,7.47,22.99
US-2016-155768,2016-Q4,West,Office Supplies,3,370.98,1112.94,623.25,267.1,222.59
US-2016-155768,2016-Q4,West,Office Supplies,3,7.64,22.92,8.18,3.51,11.23
CA-2017-119424,2017-Q2,West,Technology,3,23.99,71.98,44.09,18.89,9.0
CA-2017-119424,2017-Q2,West,Office Supplies,3,6.48,19.44,7.08,3.03,9.33
CA-2016-118178,2016-Q1,South,Office Supplies,3,10.36,31.09,36.27,15.54,-20.72
CA-2016-166618,2016-Q4,East,Technology,2,6.99,13.98,7.05,3.02,3.91
CA-2016-166618,2016-Q4,East,Office Supplies,1,23.65,23.65,12.25,5.25,6.15
CA-2017-156776,2017-Q3,West,Technology,3,235.96,707.88,464.55,199.09,44.24
CA-2017-156776,2017-Q3,West,Office Supplies,3,3.98,11.95,5.44,2.33,4.18
CA-2017-156776,2017-Q3,West,Office Supplies,3,10.38,31.13,13.62,5.84,11.67
CA-2017-156776,2017-Q3,West,Technology,4,13.94,55.76,33.56,14.39,7.81
CA-2017-156776,2017-Q3,West,Office Supplies,2,12.28,24.56,9.11,3.91,11.54
CA-2017-156776,2017-Q3,West,Furniture,1,51.75,51.75,25.36,10.87,15.52
CA-2017-156776,2017-Q3,West,Furniture,1,207.18,207.18,126.9,54.38,25.9
CA-2017-156776,2017-Q3,West,Office Supplies,5,294.62,1473.1,742.44,318.19,412.47
US-2015-130512,2015-Q3,East,Office Supplies,2,1.74,3.49,2.93,1.26,-0.7
US-2015-130512,2015-Q3,East,Technology,4,5.43,21.73,12.55,5.38,3.8
US-2015-130512,2015-Q3,East,Office Supplies,6,110.51,663.07,580.19,248.65,-165.77
US-2015-130512,2015-Q3,East,Office Supplies,2,49.8,99.59,127.81,54.77,-82.99
US-2015-130512,2015-Q3,East,Office Supplies,2,24.78,49.57,23.86,10.22,15.49
CA-2015-141810,2015-Q4,Central,Office Supplies,7,4.2,29.37,53.46,22.91,-47.0
CA-2015-141810,2015-Q4,Central,Technology,2,172.35,344.7,214.14,91.78,38.78
CA-2014-146843,2014-Q4,West,Office Supplies,7,6.86,47.99,31.07,13.32,3.6
CA-2014-146843,2014-Q4,West,Technology,4,25.56,102.24,83.19,35.66,-16.61
CA-2014-103310,2014-Q2,West,Office Supplies,2,19.98,39.96,14.55,6.23,19.18
CA-2014-103310,2014-Q2,West,Technology,5,286.4,1432.0,914.69,392.01,125.3
CA-2014-103310,2014-Q2,West,Office Supplies,6,6.84,41.04,20.97,8.99,11.08
CA-2014-103310,2014-Q2,West,Furniture,1,256.78,256.78,157.28,67.4,32.1
CA-2016-152688,2016-Q4,East,Furniture,1,120.98,120.98,76.22,32.66,12.1
CA-2016-152688,2016-Q4,East,Office Supplies,1,315.98,315.98,117.23,50.24,148.51
CA-2016-153836,2016-Q4,East,Office Supplies,3,9.58,28.75,13.08,5.61,10.06
CA-2016-153836,2016-Q4,East,Office Supplies,5,22.99,114.95,57.93,24.83,32.19
CA-2016-104689,2016-Q4,West,Office Supplies,8,2.88,23.04,11.29,4.84,6.91
CA-2016-146423,2016-Q2,East,Office Supplies,3,5.16,15.48,7.69,3.3,4.49
CA-2016-146423,2016-Q2,East,Office Supplies,8,6.48,51.84,18.87,8.09,24.88
CA-2017-140781,2017-Q3,Central,Technology,3,13.27,39.82,22.64,9.71,7.47
CA-2017-141747,2017-Q3,West,Office Supplies,1,16.06,16.06,8.32,3.56,4.18
CA-2017-142776,2017-Q4,Central,Office Supplies,1,7.28,7.28,2.65,1.14,3.49
CA-2017-142776,2017-Q4,Central,Office Supplies,3,1.8,5.4,1.97,0.84,2.59
CA-2015-167479,2015-Q1,West,Office Supplies,3,6.48,19.44,7.08,3.03,9.33
CA-2014-144071,2014-Q4,West,Furniture,2,19.94,39.88,20.1,8.61,11.17
CA-2014-144071,2014-Q4,West,Furniture,3,26.48,79.44,35.59,15.25,28.6
US-2017-120908,2017-Q3,East,Office Supplies,7,2.95,20.66,9.58,4.11,6.97
CA-2016-152646,2016-Q4,West,Office Supplies,5,6.48,32.4,11.79,5.06,15.55
CA-2017-103765,2017-Q4,Central,Office Supplies,1,13.76,13.76,26.97,11.56,-24.77
US-2017-118157,2017-Q4,Central,Office Supplies,2,7.64,15.28,5.45,2.34,7.49
US-2015-164238,2015-Q3,East,Office Supplies,7,6.38,44.69,28.94,12.4,3.35
US-2015-164238,2015-Q3,East,Furniture,3,100.49,301.47,354.53,151.94,-205.0
CA-2017-103212,2017-Q4,South,Office Supplies,3,3.69,11.07,4.11,1.76,5.2
CA-2017-103212,2017-Q4,South,Furniture,4,376.13,1504.52,810.94,347.54,346.04
CA-2017-103212,2017-Q4,South,Office Supplies,4,6.48,25.92,9.44,4.04,12.44
CA-2017-121160,2017-Q4,Central,Office Supplies,6,1.26,7.54,14.51,6.22,-13.19
CA-2017-121160,2017-Q4,Central,Office Supplies,2,0.7,1.41,2.61,1.12,-2.32
CA-2017-121160,2017-Q4,Central,Office Supplies,4,1.03,4.14,7.39,3.17,-6.42
CA-2017-121160,2017-Q4,Central,Office Supplies,3,17.58,52.75,45.7,19.58,-12.53
CA-2017-140515,2017-Q1,West,Office Supplies,7,54.48,381.36,192.21,82.37,106.78
CA-2014-153619,2014-Q4,West,Office Supplies,4,1.68,6.72,2.35,1.01,3.36
CA-2017-133718,2017-Q3,West,Office Supplies,3,5.06,15.19,6.78,2.9,5.51
CA-2017-133718,2017-Q3,West,Office Supplies,9,6.48,58.32,21.23,9.1,27.99
CA-2014-148383,2014-Q4,West,Office Supplies,6,157.79,946.76,1148.73,492.32,-694.29
CA-2016-126732,2016-Q3,West,Furniture,9,10.52,94.68,44.41,19.03,31.24
CA-2016-126732,2016-Q3,West,Office Supplies,3,7.89,23.67,15.9,6.82,0.95
CA-2016-126732,2016-Q3,West,Technology,4,272.79,1091.17,716.08,306.89,68.2
CA-2016-126732,2016-Q3,West,Office Supplies,7,2.67,18.69,9.42,4.04,5.23
CA-2016-126732,2016-Q3,West,Furniture,3,189.58,568.73,378.2,162.09,28.44
CA-2016-126732,2016-Q3,West,Office Supplies,1,7.31,7.31,3.32,1.43,2.56
CA-2017-138156,2017-Q1,East,Furniture,2,73.78,147.57,105.88,45.38,-3.69
CA-2017-110310,2017-Q4,South,Office Supplies,7,8.11,56.78,25.34,10.86,20.58
CA-2017-110310,2017-Q4,South,Office Supplies,3,1.87,5.61,6.67,2.86,-3.92
CA-2017-110310,2017-Q4,South,Office Supplies,3,2.19,6.58,4.2,1.8,0.58
CA-2014-113271,2014-Q3,West,Office Supplies,6,2.38,14.3,6.75,2.9,4.65
CA-2014-113271,2014-Q3,West,Furniture,1,119.83,119.83,78.95,33.83,7.05
CA-2014-113271,2014-Q3,West,Office Supplies,2,2.78,5.56,2.34,1.0,2.22
CA-2014-113271,2014-Q3,West,Office Supplies,5,6.48,32.4,11.79,5.06,15.55
CA-2017-130106,2017-Q2,West,Office Supplies,3,3.28,9.84,4.89,2.1,2.85
CA-2017-130106,2017-Q2,West,Office Supplies,1,2.78,2.78,1.44,0.62,0.72
CA-2016-127761,2016-Q4,East,Office Supplies,1,3.64,3.64,1.6,0.68,1.36
CA-2016-127761,2016-Q4,East,Technology,7,125.99,881.93,463.01,198.44,220.48
CA-2016-105354,2016-Q4,Central,Office Supplies,8,14.48,115.84,42.98,18.42,54.44
CA-2017-155712,2017-Q1,West,Office Supplies,2,53.82,107.65,51.81,22.2,33.64
CA-2017-102309,2017-Q3,South,Technology,5,39.99,199.95,95.18,40.79,63.98
CA-2017-102309,2017-Q3,South,Office Supplies,2,6.48,12.96,4.72,2.02,6.22
CA-2014-168368,2014-Q1,Central,Furniture,1,60.89,60.89,31.97,13.7,15.22
CA-2014-168368,2014-Q1,Central,Office Supplies,3,4.98,14.94,5.65,2.42,6.87
CA-2014-168368,2014-Q1,Central,Office Supplies,2,4.82,9.64,3.65,1.56,4.43
CA-2014-168368,2014-Q1,Central,Furniture,3,110.98,332.94,195.77,83.9,53.27
CA-2014-168368,2014-Q1,Central,Office Supplies,3,17.3,51.9,19.26,8.25,24.39
CA-2014-168368,2014-Q1,Central,Office Supplies,2,32.48,64.96,43.65,18.71,2.6
CA-2017-167976,2017-Q4,Central,Office Supplies,3,8.5,25.5,13.21,5.66,6.63
CA-2017-111388,2017-Q3,West,Furniture,3,71.99,215.98,153.08,65.6,-2.7
CA-2015-124499,2015-Q4,Central,Furniture,3,129.99,389.97,248.41,106.46,35.1
CA-2015-124499,2015-Q4,Central,Office Supplies,5,53.98,269.91,151.15,64.78,53.98
US-2017-128118,2017-Q4,South,Office Supplies,3,3.89,11.67,13.61,5.84,-7.78
US-2017-128118,2017-Q4,South,Office Supplies,7,9.26,64.85,28.37,12.16,24.32
CA-2014-125759,2014-Q1,West,Furniture,2,7.28,14.56,6.32,2.71,5.53
CA-2015-151869,2015-Q3,East,Furniture,1,102.58,102.58,67.02,28.72,6.84
CA-2015-151869,2015-Q3,East,Office Supplies,3,6.68,20.04,7.29,3.13,9.62
US-2017-102183,2017-Q3,East,Office Supplies,7,4.58,32.09,14.6,6.26,11.23
US-2017-102183,2017-Q3,East,Office Supplies,6,717.59,4305.55,1996.7,855.73,1453.12
CA-2016-100510,2016-Q2,East,Furniture,3,3.34,10.02,3.93,1.68,4.41
CA-2016-100510,2016-Q2,East,Technology,4,157.99,631.96,230.03,98.59,303.34
CA-2017-146983,2017-Q3,South,Office Supplies,3,525.98,1577.94,574.37,246.16,757.41
US-2014-134054,2014-Q4,West,Office Supplies,7,36.55,255.85,100.3,42.98,112.57
CA-2016-113236,2016-Q2,South,Office Supplies,6,30.78,184.7,119.59,51.26,13.85
CA-2016-113236,2016-Q2,South,Technology,2,23.96,47.92,25.16,10.78,11.98
CA-2017-122539,2017-Q4,East,Office Supplies,4,3.98,15.94,7.53,3.23,5.18
CA-2017-122539,2017-Q4,East,Office Supplies,7,1.14,8.0,9.52,4.08,-5.6
CA-2017-122539,2017-Q4,East,Furniture,2,199.48,398.97,299.23,128.24,-28.5
CA-2016-166772,2016-Q3,West,Furniture,2,81.94,163.88,86.04,36.87,40.97
US-2017-152898,2017-Q3,South,Office Supplies,5,13.58,67.9,33.27,14.26,20.37
CA-2016-160486,2016-Q4,South,Office Supplies,4,18.06,72.22,32.86,14.08,25.28
CA-2017-102218,2017-Q3,West,Office Supplies,2,5.85,11.7,5.42,2.33,3.95
CA-2014-161032,2014-Q4,Central,Furniture,3,130.98,392.94,244.8,104.92,43.22
CA-2015-102778,2015-Q4,South,Furniture,1,18.18,18.18,9.39,4.02,4.77
CA-2017-154011,2017-Q2,Central,Office Supplies,3,2.3,6.89,12.54,5.37,-11.02
CA-2017-154011,2017-Q2,Central,Furniture,3,152.49,457.48,379.71,162.73,-84.96
US-2017-165456,2017-Q4,East,Furniture,6,179.89,1079.32,766.32,328.42,-15.42
CA-2014-111857,2014-Q2,West,Office Supplies,1,48.91,48.91,18.14,7.78,22.99
CA-2014-163650,2014-Q3,East,Office Supplies,3,3.28,9.84,4.89,2.1,2.85
CA-2014-163650,2014-Q3,East,Office Supplies,3,11.5,34.5,13.29,5.69,15.52
CA-2017-124114,2017-Q1,Central,Office Supplies,1,0.56,0.56,1.06,0.45,-0.95
US-2017-116505,2017-Q4,East,Office Supplies,6,7.3,43.8,16.25,6.96,20.59
CA-2017-161340,2017-Q2,East,Office Supplies,3,4.62,13.87,6.19,2.65,5.03
CA-2017-161340,2017-Q2,East,Furniture,4,28.99,115.96,126.63,54.27,-64.94
US-2015-163433,2015-Q2,Central,Technology,2,20.71,41.42,23.2,9.94,8.28
US-2015-163433,2015-Q2,Central,Technology,4,61.19,244.77,154.2,66.09,24.48
US-2015-163433,2015-Q2,Central,Office Supplies,3,24.78,74.35,47.49,20.35,6.51
US-2015-163433,2015-Q2,Central,Office Supplies,2,2.15,4.31,7.85,3.36,-6.9
US-2015-163433,2015-Q2,Central,Furniture,1,56.69,56.69,53.85,23.08,-20.24
US-2015-163433,2015-Q2,Central,Technology,2,48.98,97.97,64.29,27.56,6.12
US-2015-163433,2015-Q2,Central,Office Supplies,3,2.62,7.87,4.89,2.09,0.89
US-2015-163433,2015-Q2,Central,Office Supplies,3,5.18,15.55,7.08,3.03,5.44
US-2015-163433,2015-Q2,Central,Office Supplies,1,1.48,1.48,2.64,1.13,-2.29
CA-2015-137603,2015-Q3,West,Office Supplies,5,1.68,8.4,4.35,1.87,2.18
CA-2014-128237,2014-Q1,West,Office Supplies,2,3.28,6.56,3.26,1.4,1.9
CA-2014-128237,2014-Q1,West,Office Supplies,2,7.44,14.88,7.81,3.35,3.72
CA-2014-128237,2014-Q1,West,Technology,4,11.37,45.48,20.69,8.87,15.92
CA-2014-128237,2014-Q1,West,Office Supplies,6,4.24,25.44,10.86,4.66,9.92
US-2016-102141,2016-Q3,East,Office Supplies,8,18.34,146.69,70.59,30.26,45.84
CA-2017-148642,2017-Q1,Central,Office Supplies,2,2.46,4.93,2.25,0.96,1.72
CA-2017-148642,2017-Q1,Central,Office Supplies,4,15.87,63.49,41.11,17.62,4.76
CA-2015-111948,2015-Q4,Central,Office Supplies,7,59.76,418.32,210.83,90.36,117.13
CA-2015-111948,2015-Q4,Central,Office Supplies,2,61.93,123.86,53.95,23.12,46.79
CA-2016-161907,2016-Q2,East,Technology,3,39.59,118.78,102.55,43.95,-27.72
CA-2016-161907,2016-Q2,East,Office Supplies,4,192.3,769.18,652.84,279.79,-163.45
CA-2017-124940,2017-Q1,Central,Technology,1,47.9,47.9,35.62,15.27,-2.99
US-2017-108343,2017-Q3,East,Office Supplies,2,6.68,13.36,4.86,2.09,6.41
US-2017-108343,2017-Q3,East,Furniture,2,81.88,163.76,96.8,41.49,25.47
US-2017-108343,2017-Q3,East,Furniture,4,45.98,183.92,106.85,45.8,31.27
US-2016-111563,2016-Q4,Central,Furniture,3,3.79,11.38,11.95,5.12,-5.69
US-2016-111563,2016-Q4,Central,Furniture,4,16.53,66.11,105.28,45.12,-84.29
CA-2017-121853,2017-Q3,West,Office Supplies,8,26.38,211.04,79.77,34.19,97.08
CA-2017-121853,2017-Q3,West,Furniture,2,297.41,594.82,374.74,160.6,59.48
CA-2017-121853,2017-Q3,West,Office Supplies,3,24.32,72.96,34.47,14.78,23.71
US-2017-130687,2017-Q3,West,Furniture,4,20.24,80.96,32.3,13.85,34.81
US-2017-130687,2017-Q3,West,Technology,2,227.86,455.71,295.07,126.46,34.18
US-2017-130687,2017-Q3,West,Office Supplies,1,25.98,25.98,13.1,5.61,7.27
CA-2015-164497,2015-Q4,West,Office Supplies,4,11.32,45.28,20.92,8.96,15.4
US-2015-153283,2015-Q4,East,Office Supplies,2,7.78,15.56,5.77,2.48,7.31
CA-2016-108056,2016-Q3,West,Technology,3,286.4,859.2,548.81,235.21,75.18
CA-2017-127726,2017-Q3,South,Office Supplies,4,48.92,195.68,101.36,43.44,50.88
CA-2017-127726,2017-Q3,South,Office Supplies,4,3.55,14.2,5.27,2.26,6.67
CA-2017-110198,2017-Q2,South,Furniture,3,104.78,314.35,231.05,99.02,-15.72
CA-2017-110198,2017-Q2,South,Office Supplies,2,2.31,4.61,2.18,0.93,1.5
CA-2017-130715,2017-Q3,West,Office Supplies,5,3.58,17.9,6.39,2.74,8.77
CA-2014-155264,2014-Q4,West,Office Supplies,1,2.99,2.99,1.31,0.56,1.12
CA-2014-155264,2014-Q4,West,Office Supplies,6,3.34,20.06,9.13,3.91,7.02
CA-2014-155264,2014-Q4,West,Office Supplies,3,48.91,146.73,54.44,23.33,68.96
CA-2014-155264,2014-Q4,West,Office Supplies,5,3.75,18.75,6.82,2.93,9.0
CA-2014-155264,2014-Q4,West,Technology,3,39.19,117.58,74.07,31.75,11.76
CA-2016-119123,2016-Q1,West,Office Supplies,7,7.31,51.18,22.39,9.6,19.19
CA-2017-109085,2017-Q1,East,Furniture,5,91.19,455.97,393.65,168.71,-106.39
CA-2017-109085,2017-Q1,East,Office Supplies,5,1.14,5.72,7.34,3.14,-4.76
CA-2017-109085,2017-Q1,East,Technology,1,57.59,57.59,48.38,20.73,-11.52
CA-2017-109085,2017-Q1,East,Furniture,2,15.07,30.14,15.29,6.56,8.29
CA-2017-109085,2017-Q1,East,Furniture,5,179.89,899.43,638.6,273.68,-12.85
CA-2016-114860,2016-Q4,West,Furniture,8,105.34,842.72,448.33,192.14,202.25
CA-2016-114860,2016-Q4,West,Furniture,2,20.98,41.96,21.73,9.32,10.91
CA-2016-159009,2016-Q3,West,Office Supplies,4,3.3,13.22,6.13,2.63,4.46
CA-2016-159009,2016-Q3,West,Furniture,3,61.58,184.75,143.87,61.66,-20.78
CA-2017-148411,2017-Q3,Central,Furniture,2,260.23,520.46,374.73,160.6,-14.87
CA-2017-148411,2017-Q3,Central,Office Supplies,3,3.81,11.42,5.4,2.31,3.71
CA-2015-110324,2015-Q4,Central,Office Supplies,3,6.48,19.44,7.08,3.03,9.33
CA-2015-110324,2015-Q4,Central,Office Supplies,2,1.82,3.64,1.83,0.79,1.02
CA-2015-110324,2015-Q4,Central,Office Supplies,2,9.27,18.54,6.88,2.95,8.71
CA-2016-168046,2016-Q1,East,Office Supplies,5,8.62,43.12,19.62,8.41,15.09
CA-2016-168046,2016-Q1,East,Furniture,3,104.57,313.72,289.15,123.92,-99.35
CA-2016-168046,2016-Q1,East,Furniture,1,45.98,45.98,26.71,11.45,7.82
CA-2016-168046,2016-Q1,East,Office Supplies,7,61.24,428.68,300.08,128.6,0.0
CA-2017-111591,2017-Q1,West,Office Supplies,6,5.1,30.58,14.18,6.08,10.32
CA-2017-111591,2017-Q1,West,Office Supplies,7,1.86,13.02,8.84,3.79,0.39
CA-2017-111591,2017-Q1,West,Furniture,3,7.38,22.14,11.0,4.72,6.42
CA-2017-111591,2017-Q1,West,Office Supplies,4,89.83,359.32,246.49,105.64,7.19
US-2014-166828,2014-Q3,Central,Office Supplies,2,5.78,11.56,4.13,1.77,5.66
CA-2014-108147,2014-Q2,East,Office Supplies,2,34.24,68.48,29.96,12.84,25.68
CA-2014-108147,2014-Q2,East,Office Supplies,6,279.48,1676.88,1115.13,477.91,83.84
CA-2016-154998,2016-Q2,East,Office Supplies,2,18.97,37.94,13.81,5.92,18.21
CA-2017-113460,2017-Q4,East,Furniture,3,90.99,272.97,160.5,68.79,43.68
CA-2015-111339,2015-Q2,East,Furniture,4,10.39,41.57,32.01,13.72,-4.16
CA-2015-111339,2015-Q2,East,Furniture,3,105.69,317.06,282.18,120.94,-86.06
CA-2015-111339,2015-Q2,East,Office Supplies,5,1.61,8.04,3.59,1.54,2.91
CA-2017-102820,2017-Q2,West,Technology,7,59.99,419.94,257.21,110.24,52.49
CA-2016-149671,2016-Q2,West,Office Supplies,6,10.23,61.38,31.79,13.63,15.96
CA-2015-126347,2015-Q4,West,Technology,2,25.0,50.0,27.65,11.85,10.5
CA-2017-108756,2017-Q4,East,Technology,3,10.6,31.8,12.69,5.44,13.67
CA-2017-155362,2017-Q4,Central,Office Supplies,2,16.28,32.56,16.86,7.23,8.47
CA-2016-117625,2016-Q2,Central,Office Supplies,2,3.54,7.07,3.28,1.4,2.39
CA-2014-154158,2014-Q4,South,Office Supplies,3,15.18,45.53,20.72,8.88,15.93
CA-2014-154158,2014-Q4,South,Furniture,1,64.78,64.78,40.81,17.49,6.48
CA-2014-154158,2014-Q4,South,Office Supplies,2,212.14,424.27,304.42,130.46,-10.61
CA-2014-154158,2014-Q4,South,Office Supplies,1,1.34,1.34,0.59,0.25,0.5
CA-2014-154158,2014-Q4,South,Office Supplies,5,16.78,83.92,59.48,25.49,-1.05
CA-2017-100433,2017-Q3,East,Office Supplies,4,6.48,25.92,9.44,4.04,12.44
CA-2017-163097,2017-Q3,West,Furniture,8,15.07,120.58,61.19,26.23,33.16
US-2017-127292,2017-Q1,East,Office Supplies,4,19.98,79.92,29.65,12.71,37.56
US-2017-127292,2017-Q1,East,Office Supplies,1,12.28,12.28,4.56,1.95,5.77
US-2017-127292,2017-Q1,East,Office Supplies,3,180.98,542.94,273.64,117.28,152.02
US-2017-127292,2017-Q1,East,Office Supplies,1,2.04,2.04,0.76,0.32,0.96
CA-2015-163734,2015-Q2,Central,Office Supplies,5,45.78,228.92,150.23,64.38,14.31
CA-2017-162474,2017-Q1,Central,Technology,1,7.99,7.99,3.77,1.62,2.6
CA-2015-130848,2015-Q4,West,Furniture,8,72.79,582.34,428.02,183.44,-29.12
CA-2014-125997,2014-Q3,East,Technology,5,125.99,629.95,330.72,141.74,157.49
CA-2014-125997,2014-Q3,East,Furniture,2,315.89,631.78,343.97,147.41,140.4
CA-2014-125997,2014-Q3,East,Furniture,2,400.78,801.57,568.11,243.48,-10.02
CA-2014-125997,2014-Q3,East,Office Supplies,6,12.53,75.18,27.9,11.95,35.33
CA-2014-125997,2014-Q3,East,Office Supplies,1,30.98,30.98,16.05,6.88,8.05
CA-2014-125997,2014-Q3,East,Technology,9,149.99,1349.91,481.92,206.53,661.46
CA-2016-103128,2016-Q4,Central,Office Supplies,6,2.35,14.11,9.02,3.86,1.23
CA-2015-167696,2015-Q3,South,Office Supplies,4,7.78,31.12,11.54,4.95,14.63
CA-2014-159814,2014-Q2,West,Furniture,2,2.13,4.27,2.32,0.99,0.96
CA-2016-105459,2016-Q3,East,Furniture,2,104.58,209.15,192.77,82.61,-66.23
CA-2016-105459,2016-Q3,East,Office Supplies,6,265.17,1591.02,913.25,391.39,286.38
CA-2017-141663,2017-Q2,East,Office Supplies,5,1.58,7.92,4.37,1.87,1.68
CA-2014-152618,2014-Q1,Central,Technology,2,287.46,574.91,293.2,125.66,156.05
CA-2014-152618,2014-Q1,Central,Office Supplies,2,4.22,8.45,4.07,1.74,2.64
CA-2017-162789,2017-Q3,East,Technology,9,119.0,1071.0,629.75,269.89,171.36
CA-2017-162789,2017-Q3,East,Furniture,1,12.07,12.07,5.66,2.43,3.98
US-2017-110149,2017-Q4,East,Office Supplies,1,3.27,3.27,4.05,1.73,-2.51
US-2017-110149,2017-Q4,East,Furniture,5,17.58,87.92,50.77,21.76,15.39
CA-2016-108959,2016-Q1,West,Office Supplies,1,104.7,104.7,68.71,29.45,6.54
CA-2015-164777,2015-Q1,West,Furniture,5,560.78,2803.92,1962.74,841.18,0.0
CA-2016-132017,2016-Q3,Central,Office Supplies,2,3.41,6.82,12.89,5.52,-11.59
CA-2015-127824,2015-Q4,West,Technology,2,124.79,249.58,163.79,70.19,15.6
CA-2015-127824,2015-Q4,West,Office Supplies,3,5.98,17.94,6.41,2.74,8.79
CA-2015-127824,2015-Q4,West,Furniture,3,3.37,10.11,4.81,2.06,3.24
CA-2014-148285,2014-Q4,South,Office Supplies,2,5.18,10.37,4.72,2.02,3.63
CA-2014-148285,2014-Q4,South,Office Supplies,3,3.98,11.95,5.54,2.38,4.03
CA-2017-152926,2017-Q4,Central,Office Supplies,2,7.61,15.22,37.83,16.21,-38.82
CA-2017-152926,2017-Q4,Central,Office Supplies,6,3.66,21.98,54.63,23.41,-56.06
CA-2014-145254,2014-Q3,West,Technology,6,100.79,604.75,380.99,163.28,60.48
CA-2014-145254,2014-Q3,West,Office Supplies,5,8.14,40.7,20.23,8.67,11.8
CA-2014-145254,2014-Q3,West,Technology,3,100.79,302.38,185.21,79.37,37.8
CA-2014-145254,2014-Q3,West,Technology,3,15.0,45.0,28.03,12.02,4.95
CA-2014-116246,2014-Q3,East,Furniture,6,630.88,3785.29,2355.29,1009.41,420.59
CA-2016-160479,2016-Q3,West,Office Supplies,5,7.08,35.4,15.36,6.59,13.45
CA-2014-167486,2014-Q4,East,Furniture,5,39.98,199.9,111.94,47.98,39.98
CA-2014-152100,2014-Q2,Central,Furniture,8,151.62,1212.96,897.59,384.68,-69.31
CA-2015-166219,2015-Q3,Central,Technology,5,219.99,1099.96,712.22,305.24,82.5
CA-2015-166219,2015-Q3,Central,Furniture,1,103.48,103.48,83.82,35.92,-16.26
CA-2015-111864,2015-Q2,East,Office Supplies,2,2.95,5.9,2.74,1.17,1.99
CA-2015-119627,2015-Q3,West,Technology,2,15.04,30.08,24.74,10.6,-5.26
CA-2015-119627,2015-Q3,West,Office Supplies,7,5.18,36.29,16.51,7.08,12.7
CA-2015-119627,2015-Q3,West,Office Supplies,3,3.42,10.27,6.38,2.73,1.16
CA-2015-119627,2015-Q3,West,Technology,4,63.2,252.8,199.08,85.32,-31.6
CA-2015-160787,2015-Q3,East,Office Supplies,2,1.48,2.95,3.51,1.5,-2.06
CA-2017-107853,2017-Q2,West,Office Supplies,2,6.48,12.96,4.72,2.02,6.22
CA-2017-126144,2017-Q3,East,Technology,4,71.4,285.58,239.89,102.81,-57.12
US-2014-154655,2014-Q4,Central,Office Supplies,2,11.12,22.24,13.82,5.92,2.5
CA-2014-100391,2014-Q2,East,Office Supplies,2,7.31,14.62,5.52,2.37,6.73
CA-2014-165477,2014-Q4,East,Office Supplies,5,9.67,48.36,29.62,12.7,6.04
CA-2017-165904,2017-Q2,South,Office Supplies,2,8.13,16.26,10.53,4.51,1.22
CA-2017-165904,2017-Q2,South,Technology,2,109.59,219.18,140.0,60.0,19.18
CA-2015-104052,2015-Q1,Central,Technology,4,23.96,95.84,42.77,18.33,34.74
CA-2015-168277,2015-Q2,Central,Office Supplies,3,4.13,12.39,4.68,2.01,5.7
CA-2016-158617,2016-Q3,Central,Office Supplies,6,5.98,35.88,13.81,5.92,16.15
CA-2017-136882,2017-Q2,Central,Furniture,5,95.46,477.3,237.22,101.66,138.42
US-2016-148957,2016-Q3,West,Office Supplies,4,3.08,12.32,4.49,1.92,5.91
CA-2014-140032,2014-Q3,West,Office Supplies,2,4.3,8.61,3.92,1.68,3.01
CA-2017-145506,2017-Q2,West,Office Supplies,9,15.14,136.26,91.57,39.24,5.45
CA-2015-129546,2015-Q3,West,Office Supplies,3,62.05,186.15,91.22,39.09,55.84
CA-2015-129546,2015-Q3,West,Office Supplies,6,13.63,81.79,38.65,16.56,26.58
CA-2015-129546,2015-Q3,West,Office Supplies,3,15.73,47.19,23.45,10.05,13.69
CA-2015-129546,2015-Q3,West,Technology,2,18.39,36.78,31.54,13.52,-8.28
CA-2016-140977,2016-Q2,South,Technology,1,91.48,91.48,65.32,27.99,-1.83
CA-2017-151855,2017-Q2,South,Technology,3,9.06,27.19,18.79,8.06,0.34
CA-2017-151855,2017-Q2,South,Office Supplies,5,2.41,12.06,15.48,6.63,-10.05
CA-2014-138240,2014-Q4,West,Office Supplies,3,48.2,144.6,71.87,30.8,41.93
CA-2014-138240,2014-Q4,West,Technology,1,15.99,15.99,13.29,5.7,-3.0
CA-2014-101833,2014-Q4,East,Office Supplies,3,11.48,34.44,12.05,5.17,17.22
CA-2014-100867,2014-Q4,West,Technology,6,53.59,321.55,211.01,90.44,20.1
US-2017-109610,2017-Q4,South,Furniture,2,350.98,701.96,373.44,160.05,168.47
CA-2014-156545,2014-Q1,East,Office Supplies,4,4.86,19.46,11.24,4.82,3.4
CA-2014-109127,2014-Q4,East,Office Supplies,6,2.88,17.28,6.53,2.8,7.95
CA-2016-126858,2016-Q4,West,Furniture,2,15.98,31.96,21.25,9.11,1.6
CA-2017-102925,2017-Q4,East,Office Supplies,6,27.45,164.69,76.38,32.73,55.58
CA-2017-102925,2017-Q4,East,Furniture,2,83.25,166.5,163.17,69.93,-66.6
CA-2017-102925,2017-Q4,East,Office Supplies,2,6.48,12.96,4.72,2.02,6.22
CA-2017-102925,2017-Q4,East,Office Supplies,2,55.48,110.96,40.39,17.31,53.26
CA-2017-102925,2017-Q4,East,Technology,2,49.99,99.98,67.19,28.79,4.0
CA-2017-102925,2017-Q4,East,Office Supplies,1,11.42,11.42,5.4,2.31,3.71
CA-2017-102925,2017-Q4,East,Furniture,2,64.06,128.12,72.74,31.18,24.2
CA-2017-102925,2017-Q4,East,Furniture,5,20.28,101.4,44.01,18.86,38.53
CA-2015-100818,2015-Q2,Central,Office Supplies,2,2.95,5.9,2.74,1.17,1.99
CA-2015-100818,2015-Q2,Central,Office Supplies,7,24.78,173.49,83.49,35.78,54.22
CA-2015-100818,2015-Q2,Central,Furniture,2,25.78,51.56,79.4,34.03,-61.87
CA-2015-100818,2015-Q2,Central,Office Supplies,3,1.19,3.56,6.86,2.94,-6.24
CA-2014-126193,2014-Q3,Central,Office Supplies,5,2.63,13.16,6.33,2.72,4.11
CA-2014-126193,2014-Q3,Central,Office Supplies,3,1.28,3.83,7.24,3.1,-6.51
CA-2014-126193,2014-Q3,Central,Office Supplies,5,61.0,304.99,587.1,251.62,-533.73
CA-2017-150504,2017-Q4,Central,Office Supplies,2,9.08,18.16,11.44,4.9,1.82
CA-2015-158351,2015-Q2,East,Technology,2,159.99,319.98,159.59,68.39,92.0
CA-2014-122679,2014-Q3,West,Office Supplies,6,3.28,19.68,9.23,3.96,6.49
CA-2016-164770,2016-Q4,Central,Furniture,10,78.19,781.86,643.89,275.95,-137.98
CA-2016-164770,2016-Q4,Central,Office Supplies,9,3.42,30.82,14.83,6.36,9.63
CA-2017-130505,2017-Q4,East,Furniture,3,224.45,673.34,525.2,225.09,-76.95
US-2017-125213,2017-Q4,East,Office Supplies,3,2.18,6.54,3.07,1.31,2.16
CA-2015-156566,2015-Q4,West,Technology,2,286.4,572.8,365.88,156.8,50.12
US-2016-102232,2016-Q3,South,Office Supplies,7,28.15,197.05,96.55,41.38,59.12
CA-2017-111738,2017-Q1,West,Office Supplies,8,252.78,2022.27,937.82,401.93,682.52
CA-2017-111738,2017-Q1,West,Office Supplies,3,3.04,9.12,4.21,1.81,3.1
CA-2017-163188,2017-Q4,Central,Office Supplies,9,4.24,38.16,13.36,5.72,19.08
CA-2016-105207,2016-Q1,Central,Furniture,7,227.55,1592.85,869.69,372.73,350.43
CA-2016-105207,2016-Q1,Central,Office Supplies,2,5.94,11.88,4.57,1.96,5.35
US-2016-123610,2016-Q2,West,Technology,6,20.0,120.0,51.24,21.96,46.8
US-2016-123610,2016-Q2,West,Office Supplies,1,8.67,8.67,4.43,1.9,2.34
CA-2017-118213,2017-Q4,Central,Office Supplies,1,4.41,4.41,1.67,0.71,2.03
CA-2017-118213,2017-Q4,Central,Office Supplies,3,55.98,167.94,59.95,25.7,82.29
CA-2017-118213,2017-Q4,Central,Office Supplies,10,6.78,67.8,25.63,10.98,31.19
CA-2016-149237,2016-Q2,Central,Furniture,3,8.98,26.94,10.94,4.69,11.31
US-2015-158589,2015-Q4,West,Furniture,3,10.68,32.04,16.82,7.21,8.01
CA-2016-101329,2016-Q2,East,Office Supplies,9,3.57,32.13,16.65,7.13,8.35
CA-2016-101329,2016-Q2,East,Office Supplies,1,2.88,2.88,1.45,0.62,0.81
CA-2016-113607,2016-Q4,East,Technology,7,155.99,1091.93,573.26,245.69,272.98
CA-2016-113607,2016-Q4,East,Office Supplies,2,55.98,111.96,39.97,17.13,54.86
CA-2014-149104,2014-Q2,Central,Office Supplies,2,13.35,26.7,13.45,5.77,7.48
CA-2014-149104,2014-Q2,Central,Office Supplies,5,8.04,40.2,15.48,6.63,18.09
CA-2014-149104,2014-Q2,Central,Office Supplies,3,4.63,13.89,6.52,2.79,4.58
CA-2014-149104,2014-Q2,Central,Office Supplies,6,114.97,689.82,468.39,200.74,20.69
CA-2016-105263,2016-Q3,East,Office Supplies,9,4.26,38.34,15.83,6.79,15.72
CA-2014-130575,2014-Q4,Central,Office Supplies,3,3.09,9.26,16.21,6.95,-13.9
CA-2017-142461,2017-Q2,Central,Furniture,1,204.67,204.67,147.48,63.21,-6.02
CA-2016-125220,2016-Q4,Central,Technology,5,329.95,1649.75,773.73,331.6,544.42
CA-2014-100293,2014-Q1,South,Office Supplies,6,15.18,91.06,41.43,17.76,31.87
CA-2014-154165,2014-Q1,Central,Office Supplies,14,3.87,54.21,31.78,13.62,8.81
CA-2015-123939,2015-Q3,East,Technology,3,8.99,26.98,16.05,6.88,4.05
CA-2015-123939,2015-Q3,East,Office Supplies,3,2.3,6.91,3.08,1.32,2.51
CA-2015-123939,2015-Q3,East,Office Supplies,3,145.17,435.5,270.56,115.95,48.99
US-2017-104451,2017-Q2,West,Office Supplies,4,20.27,81.08,40.87,17.51,22.7
CA-2016-101189,2016-Q1,West,Office Supplies,2,46.51,93.02,62.51,26.79,3.72
CA-2014-169446,2014-Q4,Central,Technology,3,107.99,323.98,201.27,86.26,36.45
CA-2014-169446,2014-Q4,Central,Office Supplies,3,5.18,15.55,7.08,3.03,5.44
CA-2014-169446,2014-Q4,Central,Office Supplies,3,10.86,32.59,28.23,12.1,-7.74
CA-2017-156958,2017-Q4,West,Office Supplies,5,16.78,83.92,38.18,16.37,29.37
CA-2017-156958,2017-Q4,West,Furniture,5,39.98,199.9,111.94,47.98,39.98
CA-2017-156958,2017-Q4,West,Technology,3,10.39,31.18,26.73,11.46,-7.01
CA-2017-156958,2017-Q4,West,Office Supplies,6,28.79,172.75,78.6,33.69,60.46
CA-2017-156958,2017-Q4,West,Office Supplies,2,4.65,9.3,4.4,1.88,3.02
CA-2017-101637,2017-Q1,Central,Office Supplies,2,6.38,12.77,8.27,3.54,0.96
CA-2017-111759,2017-Q3,West,Office Supplies,2,26.38,52.76,19.94,8.55,24.27
CA-2017-102729,2017-Q4,Central,Office Supplies,2,27.81,55.62,35.04,15.02,5.56
CA-2016-116596,2016-Q4,East,Furniture,14,30.55,427.64,242.8,104.06,80.78
CA-2016-116596,2016-Q4,East,Office Supplies,7,5.81,40.67,19.64,8.42,12.61
CA-2016-116596,2016-Q4,East,Office Supplies,2,16.74,33.48,22.5,9.64,1.34
CA-2016-116596,2016-Q4,East,Office Supplies,2,4.86,9.73,4.52,1.93,3.28
CA-2017-124191,2017-Q2,Central,Furniture,3,2.95,8.86,11.0,4.72,-6.86
CA-2016-148747,2016-Q3,West,Furniture,2,238.84,477.67,275.37,118.01,84.29
US-2017-169488,2017-Q3,East,Office Supplies,5,3.38,16.9,6.39,2.74,7.77
US-2017-169488,2017-Q3,East,Office Supplies,2,19.98,39.96,14.83,6.35,18.78
CA-2015-135727,2015-Q2,West,Furniture,7,27.42,191.97,122.62,52.55,16.8
CA-2015-135251,2015-Q3,Central,Office Supplies,3,11.84,35.52,15.54,6.66,13.32
CA-2015-135251,2015-Q3,Central,Office Supplies,5,1.25,6.23,11.12,4.77,-9.66
CA-2015-135251,2015-Q3,Central,Office Supplies,2,28.35,56.7,26.29,11.27,19.14
CA-2015-135251,2015-Q3,Central,Furniture,3,123.07,369.2,338.25,144.97,-114.02
CA-2014-166590,2014-Q4,Central,Technology,2,0.99,1.98,0.76,0.33,0.89
CA-2014-166590,2014-Q4,Central,Office Supplies,2,37.94,75.88,28.15,12.07,35.66
CA-2016-131744,2016-Q2,East,Office Supplies,2,3.42,6.85,3.3,1.41,2.14
CA-2016-131744,2016-Q2,East,Office Supplies,2,2.32,4.63,5.94,2.55,-3.86
CA-2016-131744,2016-Q2,East,Office Supplies,3,151.2,453.6,254.02,108.86,90.72
CA-2015-160864,2015-Q2,West,Office Supplies,3,4.62,13.85,6.06,2.6,5.19
CA-2015-147690,2015-Q4,East,Office Supplies,6,96.26,577.58,373.98,160.28,43.32
CA-2015-163923,2015-Q2,South,Technology,4,37.99,151.96,80.84,34.65,36.47
CA-2016-125724,2016-Q3,West,Furniture,7,9.78,68.43,41.92,17.96,8.55
CA-2015-111612,2015-Q4,East,Furniture,5,14.22,71.12,42.94,18.4,9.78
CA-2015-111612,2015-Q4,East,Office Supplies,2,1.5,3.01,1.71,0.74,0.56
CA-2015-156853,2015-Q4,East,Office Supplies,7,26.38,184.66,69.8,29.92,84.94
CA-2014-103086,2014-Q4,Central,Furniture,2,2.66,5.31,4.83,2.07,-1.59
CA-2016-129280,2016-Q2,East,Technology,5,26.5,132.52,68.41,29.32,34.79
CA-2016-129280,2016-Q2,East,Office Supplies,5,39.13,195.64,167.76,71.9,-44.02
CA-2016-129280,2016-Q2,East,Furniture,2,25.98,51.97,29.11,12.47,10.39
CA-2016-129280,2016-Q2,East,Technology,3,143.99,431.98,355.31,152.27,-75.6
CA-2016-129280,2016-Q2,East,Technology,3,74.98,224.94,272.92,116.97,-164.95
CA-2016-129280,2016-Q2,East,Office Supplies,2,3.0,6.0,2.73,1.17,2.1
CA-2015-161242,2015-Q2,West,Office Supplies,2,5.88,11.76,4.2,1.8,5.76
CA-2014-130428,2014-Q1,South,Furniture,7,160.78,1125.49,718.91,308.1,98.48
CA-2014-130428,2014-Q1,South,Office Supplies,5,2.53,12.64,15.93,6.83,-10.12
CA-2014-130428,2014-Q1,South,Office Supplies,2,2.02,4.03,2.08,0.89,1.06
CA-2017-104388,2017-Q3,Central,Technology,4,19.99,79.96,40.3,17.27,22.39
CA-2015-113131,2015-Q3,East,Office Supplies,6,1.12,6.73,7.85,3.37,-4.49
CA-2015-113131,2015-Q3,East,Office Supplies,2,16.78,33.57,22.32,9.57,1.68
CA-2015-113131,2015-Q3,East,Office Supplies,2,7.92,15.84,7.21,3.09,5.54
CA-2015-113131,2015-Q3,East,Office Supplies,1,24.42,24.42,11.54,4.94,7.94
CA-2015-113131,2015-Q3,East,Office Supplies,5,3.42,17.12,10.63,4.56,1.93
CA-2015-148495,2015-Q3,West,Furniture,3,10.52,31.56,14.8,6.35,10.41
CA-2015-143147,2015-Q2,Central,Furniture,1,105.69,105.69,94.07,40.31,-28.69
CA-2015-143147,2015-Q2,Central,Technology,2,199.77,399.54,335.62,143.83,-79.91
CA-2015-143147,2015-Q2,Central,Furniture,5,20.99,104.93,76.6,32.83,-4.5
CA-2017-152975,2017-Q3,East,Technology,3,359.95,1079.85,529.12,226.77,323.96
CA-2017-152975,2017-Q3,East,Office Supplies,1,70.98,70.98,47.2,20.23,3.55
CA-2017-152975,2017-Q3,East,Office Supplies,5,5.99,29.95,14.88,6.38,8.69
CA-2017-152975,2017-Q3,East,Furniture,5,117.88,589.41,417.17,178.79,-6.55
CA-2016-107475,2016-Q2,East,Office Supplies,6,1.61,9.65,4.3,1.85,3.5
CA-2017-116127,2017-Q2,East,Furniture,1,400.78,400.78,284.05,121.74,-5.01
CA-2017-132584,2017-Q3,Central,Office Supplies,4,13.43,53.72,27.82,11.93,13.97
CA-2016-160598,2016-Q3,South,Office Supplies,1,31.01,31.01,13.84,5.93,11.24
CA-2016-108630,2016-Q4,West,Office Supplies,5,12.22,61.12,27.27,11.69,22.16
US-2017-129203,2017-Q2,Central,Office Supplies,4,48.78,195.14,167.33,71.72,-43.91
CA-2017-110940,2017-Q3,Central,Office Supplies,4,30.38,121.54,74.45,31.9,15.19
CA-2014-119172,2014-Q2,Central,Office Supplies,3,5.82,17.47,8.25,3.54,5.68
CA-2014-119172,2014-Q2,Central,Office Supplies,9,11.62,104.58,194.0,83.14,-172.56
US-2016-105452,2016-Q3,Central,Furniture,5,4.94,24.7,24.21,10.37,-9.88
US-2016-105452,2016-Q3,Central,Furniture,5,60.54,302.72,476.78,204.34,-378.4
CA-2017-108931,2017-Q3,East,Office Supplies,2,4.28,8.56,3.3,1.41,3.85
CA-2017-108931,2017-Q3,East,Office Supplies,2,5.78,11.56,4.13,1.77,5.66
CA-2017-104619,2017-Q1,West,Office Supplies,3,8.62,25.86,13.4,5.74,6.72
CA-2017-104619,2017-Q1,West,Office Supplies,2,138.39,276.78,130.78,56.05,89.95
CA-2017-104619,2017-Q1,West,Technology,3,36.78,110.35,71.45,30.62,8.28
CA-2015-149517,2015-Q3,West,Furniture,3,20.28,60.84,28.96,12.41,19.47
CA-2015-116841,2015-Q2,West,Office Supplies,1,35.21,35.21,22.8,9.77,2.64
CA-2017-107797,2017-Q2,Central,Office Supplies,8,5.18,41.47,18.86,8.09,14.52
CA-2016-117604,2016-Q3,South,Office Supplies,5,47.9,239.5,87.18,37.36,114.96
CA-2014-130155,2014-Q2,South,Office Supplies,5,6.84,34.2,17.48,7.49,9.23
CA-2016-129861,2016-Q2,East,Furniture,3,125.62,376.87,413.3,177.13,-213.56
CA-2015-138625,2015-Q4,South,Office Supplies,4,49.43,197.72,99.65,42.71,55.36
US-2017-122672,2017-Q4,East,Technology,4,17.68,70.72,53.84,23.07,-6.19
US-2017-122672,2017-Q4,East,Office Supplies,3,64.78,194.35,166.66,71.42,-43.73
CA-2017-117128,2017-Q4,East,Office Supplies,6,3.6,21.6,8.16,3.5,9.94
CA-2017-117128,2017-Q4,East,Office Supplies,3,3.69,11.07,4.11,1.76,5.2
CA-2016-130638,2016-Q2,West,Furniture,4,70.71,282.84,184.13,78.91,19.8
CA-2016-130638,2016-Q2,West,Office Supplies,9,3.08,27.72,10.09,4.32,13.31
CA-2017-144365,2017-Q4,South,Office Supplies,4,2.92,11.68,4.49,1.93,5.26
CA-2016-110086,2016-Q3,West,Technology,2,119.99,239.98,151.19,64.79,24.0
CA-2014-128524,2014-Q4,West,Office Supplies,1,22.98,22.98,11.26,4.83,6.89
CA-2014-128524,2014-Q4,West,Technology,7,14.59,102.13,60.77,26.04,15.32
CA-2014-128524,2014-Q4,West,Office Supplies,2,1016.79,2033.58,889.69,381.3,762.59
CA-2016-140256,2016-Q3,West,Office Supplies,2,2.88,5.76,2.86,1.23,1.67
CA-2017-160633,2017-Q4,East,Technology,3,299.99,899.98,577.49,247.49,75.0
CA-2017-160633,2017-Q4,East,Office Supplies,3,28.78,86.35,56.66,24.29,5.4
CA-2017-160633,2017-Q4,East,Technology,5,27.99,139.96,99.2,42.51,-1.75
CA-2014-115133,2014-Q3,East,Office Supplies,6,2.78,16.7,10.81,4.64,1.25
CA-2014-115133,2014-Q3,East,Technology,2,1.58,3.15,1.88,0.8,0.47
CA-2014-115133,2014-Q3,East,Office Supplies,4,8.22,32.9,15.26,6.54,11.1
CA-2017-137449,2017-Q2,Central,Office Supplies,2,10.7,21.39,53.16,22.78,-54.55
CA-2017-137449,2017-Q2,Central,Furniture,3,102.44,307.31,242.77,104.05,-39.51
CA-2017-137449,2017-Q2,Central,Furniture,3,136.67,410.0,354.53,151.94,-96.47
CA-2017-103520,2017-Q3,Central,Office Supplies,2,4.62,9.25,4.13,1.77,3.35
CA-2014-139283,2014-Q4,Central,Office Supplies,3,4.89,14.67,5.54,2.38,6.75
CA-2014-118192,2014-Q1,East,Office Supplies,7,5.34,37.41,17.02,7.3,13.09
CA-2014-118192,2014-Q1,East,Office Supplies,2,1.72,3.44,4.17,1.79,-2.52
CA-2016-168844,2016-Q2,East,Office Supplies,3,2.38,7.15,3.38,1.45,2.32
CA-2016-168844,2016-Q2,East,Technology,6,29.95,179.7,64.15,27.5,88.05
CA-2017-154809,2017-Q1,Central,Office Supplies,8,11.33,90.64,36.16,15.5,38.98
CA-2014-151330,2014-Q4,East,Technology,3,59.0,177.0,102.84,44.07,30.09
CA-2014-151330,2014-Q4,East,Office Supplies,7,11.35,79.45,40.04,17.16,22.25
CA-2014-151330,2014-Q4,East,Furniture,9,180.98,1628.82,957.75,410.46,260.61
CA-2014-124702,2014-Q4,West,Furniture,2,68.77,137.54,57.76,24.76,55.02
CA-2014-124702,2014-Q4,West,Furniture,4,182.55,730.2,444.69,190.58,94.93
US-2017-125808,2017-Q4,West,Office Supplies,2,5.78,11.56,4.13,1.77,5.66
CA-2015-116638,2015-Q1,South,Furniture,13,330.59,4297.64,4311.97,1847.98,-1862.31
CA-2014-104563,2014-Q1,West,Office Supplies,5,4.13,20.65,7.8,3.35,9.5
CA-2014-104563,2014-Q1,West,Office Supplies,5,40.98,204.9,143.43,61.47,0.0
CA-2014-104563,2014-Q1,West,Furniture,6,72.78,436.7,290.4,124.46,21.84
CA-2014-104563,2014-Q1,West,Furniture,2,240.78,481.57,299.17,128.22,54.18
US-2017-107979,2017-Q2,West,Technology,7,12.79,89.54,54.06,23.17,12.31
US-2017-107979,2017-Q2,West,Office Supplies,2,17.58,35.17,30.46,13.06,-8.35
US-2017-107979,2017-Q2,West,Office Supplies,2,36.3,72.59,84.69,36.29,-48.39
CA-2014-150518,2014-Q4,Central,Office Supplies,4,55.29,221.16,114.56,49.1,57.5
CA-2014-150518,2014-Q4,Central,Technology,3,93.99,281.97,142.11,60.91,78.95
CA-2016-107104,2016-Q4,West,Furniture,8,425.83,3406.66,2272.44,973.91,160.31
CA-2016-107104,2016-Q4,West,Office Supplies,9,4.13,37.17,18.73,8.03,10.41
CA-2016-107104,2016-Q4,West,Office Supplies,2,32.48,64.96,31.83,13.64,19.49
CA-2016-107104,2016-Q4,West,Furniture,6,99.23,595.38,208.38,89.31,297.69
CA-2017-161893,2017-Q1,West,Technology,2,47.99,95.98,58.79,25.19,12.0
CA-2017-161893,2017-Q1,West,Office Supplies,2,2.47,4.94,5.99,2.57,-3.62
CA-2014-156160,2014-Q3,East,Furniture,3,32.48,97.44,43.65,18.71,35.08
CA-2014-156160,2014-Q3,East,Office Supplies,1,3.98,3.98,1.81,0.78,1.39
CA-2014-156160,2014-Q3,East,Office Supplies,4,3.26,13.04,5.11,2.19,5.74
CA-2014-156160,2014-Q3,East,Furniture,4,144.88,579.53,347.07,148.75,83.71
CA-2014-100860,2014-Q1,West,Office Supplies,5,3.75,18.75,6.82,2.93,9.0
CA-2016-160717,2016-Q2,West,Technology,9,335.99,3023.93,1958.0,839.14,226.79
CA-2016-160717,2016-Q2,West,Technology,2,13.48,26.96,16.23,6.96,3.77
CA-2016-160717,2016-Q2,West,Technology,3,159.2,477.6,221.49,94.92,161.19
CA-2017-132619,2017-Q3,West,Office Supplies,3,64.65,193.95,128.97,55.28,9.7
US-2015-120957,2015-Q4,West,Office Supplies,2,6.48,12.96,4.72,2.02,6.22
CA-2017-157448,2017-Q4,West,Furniture,3,39.98,119.94,67.16,28.79,23.99
CA-2017-157448,2017-Q4,West,Furniture,3,4.14,12.42,5.56,2.39,4.47
CA-2016-126270,2016-Q2,West,Office Supplies,7,2.58,18.09,8.07,3.46,6.56
CA-2016-126270,2016-Q2,West,Office Supplies,3,23.99,71.97,25.19,10.8,35.98
CA-2017-145275,2017-Q2,South,Office Supplies,3,4.98,14.94,5.65,2.42,6.87
CA-2015-133396,2015-Q3,South,Office Supplies,7,9.24,64.68,39.61,16.98,8.09
US-2017-140312,2017-Q4,West,Technology,5,4.4,22.0,14.43,6.19,1.38
CA-2016-114867,2016-Q4,East,Office Supplies,2,3.98,7.97,3.7,1.58,2.69
CA-2016-114867,2016-Q4,East,Technology,5,299.99,1499.97,1312.47,562.49,-374.99
US-2014-164644,2014-Q3,Central,Office Supplies,1,26.63,26.63,17.71,7.59,1.33
CA-2016-137393,2016-Q2,West,Furniture,4,10.4,41.6,19.22,8.24,14.14
US-2014-120175,2014-Q4,Central,Office Supplies,6,10.67,64.02,24.2,10.37,29.45
CA-2016-144785,2016-Q2,East,Office Supplies,3,2.33,6.99,3.47,1.49,2.03
CA-2016-144785,2016-Q2,East,Office Supplies,1,6.84,6.84,3.49,1.5,1.85
CA-2015-130113,2015-Q4,West,Office Supplies,2,161.55,323.1,183.2,78.51,61.39
CA-2015-130113,2015-Q4,West,Technology,9,74.24,668.16,415.09,177.9,75.17
CA-2017-122770,2017-Q4,West,Office Supplies,3,2.88,8.64,3.09,1.32,4.23
CA-2017-122770,2017-Q4,West,Office Supplies,6,6.48,38.88,14.15,6.07,18.66
CA-2017-122770,2017-Q4,West,Furniture,8,25.13,201.04,102.73,44.03,54.28
CA-2017-122770,2017-Q4,West,Office Supplies,2,6.48,12.96,4.63,1.98,6.35
CA-2017-118668,2017-Q1,West,Technology,1,16.59,16.59,7.55,3.23,5.81
CA-2017-116498,2017-Q2,West,Office Supplies,6,5.85,35.1,17.44,7.48,10.18
US-2017-130603,2017-Q3,Central,Office Supplies,9,1.29,11.65,20.38,8.74,-17.47
US-2017-135986,2017-Q2,South,Office Supplies,5,6.48,32.4,11.79,5.06,15.55
US-2017-135986,2017-Q2,South,Technology,4,125.99,503.96,264.58,113.39,125.99
CA-2017-140536,2017-Q2,East,Office Supplies,4,1.76,7.04,3.5,1.5,2.04
CA-2015-130183,2015-Q4,Central,Furniture,3,204.67,614.0,442.44,189.62,-18.06
CA-2015-107902,2015-Q3,East,Office Supplies,11,42.76,470.36,243.65,104.42,122.29
CA-2017-130148,2017-Q3,West,Office Supplies,6,5.18,31.08,11.09,4.76,15.23
CA-2017-130148,2017-Q3,West,Office Supplies,2,3.65,7.3,3.58,1.53,2.19
US-2016-151260,2016-Q4,East,Office Supplies,4,18.39,73.54,45.05,19.3,9.19
CA-2014-144281,2014-Q2,Central,Office Supplies,5,98.31,491.55,175.48,75.21,240.86
CA-2016-122511,2016-Q1,East,Furniture,4,7.58,30.34,14.6,6.26,9.48
CA-2017-154116,2017-Q4,West,Office Supplies,3,7.61,22.83,8.47,3.63,10.73
CA-2017-154116,2017-Q4,West,Office Supplies,4,13.58,54.32,26.61,11.41,16.3
CA-2017-154116,2017-Q4,West,Technology,3,65.59,196.78,127.41,54.61,14.76
CA-2016-105291,2016-Q4,West,Office Supplies,2,1.81,3.62,1.7,0.73,1.19
CA-2017-147032,2017-Q3,East,Office Supplies,1,11.54,11.54,4.2,1.8,5.54
CA-2017-147032,2017-Q3,East,Office Supplies,5,169.99,849.95,321.28,137.69,390.98
CA-2017-147032,2017-Q3,East,Office Supplies,3,3.67,11.01,3.93,1.69,5.39
CA-2017-125990,2017-Q4,West,Office Supplies,3,13.21,39.62,18.02,7.73,13.87
CA-2016-161746,2016-Q4,West,Furniture,3,80.71,242.14,161.02,69.01,12.11
CA-2016-161746,2016-Q4,West,Office Supplies,3,4.13,12.39,4.68,2.01,5.7
CA-2016-161746,2016-Q4,West,Furniture,2,9.98,19.96,10.06,4.31,5.59
CA-2016-161746,2016-Q4,West,Office Supplies,3,113.64,340.92,236.26,101.25,3.41
CA-2014-114251,2014-Q4,East,Furniture,2,136.78,273.57,215.44,92.33,-34.2
CA-2014-114251,2014-Q4,East,Office Supplies,2,6.6,13.19,15.39,6.6,-8.8
CA-2014-114251,2014-Q4,East,Office Supplies,6,180.02,1080.1,822.23,352.38,-94.51
CA-2014-114251,2014-Q4,East,Technology,5,10.31,51.56,40.6,17.4,-6.44
CA-2014-114251,2014-Q4,East,Technology,2,29.21,58.42,29.14,12.49,16.79
CA-2016-116379,2016-Q4,West,Office Supplies,2,28.79,57.58,26.2,11.23,20.15
US-2016-144477,2016-Q3,East,Office Supplies,4,9.33,37.31,24.16,10.35,2.8
CA-2016-108210,2016-Q2,Central,Technology,5,15.99,79.96,50.37,21.59,8.0
CA-2016-108210,2016-Q2,Central,Technology,5,44.79,223.96,148.93,63.83,11.2
CA-2017-166835,2017-Q4,East,Office Supplies,2,110.51,221.02,193.4,82.88,-55.26
CA-2016-119641,2016-Q3,Central,Furniture,2,9.48,18.96,7.97,3.41,7.58
CA-2016-105781,2016-Q1,East,Furniture,3,108.88,326.65,200.71,86.02,39.92
CA-2016-105781,2016-Q1,East,Technology,3,29.99,89.97,35.27,15.11,39.59
CA-2014-101364,2014-Q4,East,Office Supplies,13,22.82,296.71,137.6,58.97,100.14
CA-2015-117898,2015-Q4,Central,Office Supplies,2,6.11,12.22,5.45,2.34,4.43
CA-2017-142293,2017-Q3,West,Technology,3,29.99,89.97,36.53,15.65,37.79
CA-2017-167395,2017-Q4,East,Office Supplies,7,40.98,286.86,144.58,61.96,80.32
CA-2017-167395,2017-Q4,East,Technology,5,195.99,979.95,487.03,208.73,284.19
CA-2017-167395,2017-Q4,East,Office Supplies,2,2.18,4.36,2.93,1.26,0.17
CA-2014-111962,2014-Q3,West,Office Supplies,2,5.03,10.05,4.84,2.07,3.14
CA-2014-111962,2014-Q3,West,Office Supplies,5,161.55,807.75,458.0,196.28,153.47
CA-2017-124261,2017-Q4,West,Office Supplies,8,4.28,34.24,17.02,7.29,9.93
CA-2014-114321,2014-Q3,South,Furniture,13,38.48,500.24,248.62,106.55,145.07
CA-2014-114321,2014-Q3,South,Office Supplies,2,10.06,20.12,7.6,3.26,9.26
CA-2014-114321,2014-Q3,South,Office Supplies,1,896.99,896.99,332.78,142.62,421.59
CA-2014-128062,2014-Q4,East,Office Supplies,1,5.88,5.88,2.73,1.17,1.98
US-2015-100069,2015-Q2,Central,Technology,2,134.99,269.98,137.96,59.13,72.89
CA-2017-129294,2017-Q1,West,Office Supplies,2,155.06,310.12,160.64,68.85,80.63
CA-2017-129294,2017-Q1,West,Office Supplies,6,11.74,70.46,33.29,14.27,22.9
CA-2017-129294,2017-Q1,West,Office Supplies,5,3.94,19.68,8.95,3.84,6.89
CA-2017-129294,2017-Q1,West,Office Supplies,3,46.89,140.67,60.07,25.74,54.86
CA-2015-117086,2015-Q4,East,Furniture,5,880.98,4404.9,2374.24,1017.53,1013.13
CA-2017-131303,2017-Q4,West,Office Supplies,5,12.53,62.65,23.24,9.96,29.45
CA-2016-137127,2016-Q2,East,Office Supplies,3,3.15,9.45,3.44,1.47,4.54
CA-2017-141782,2017-Q1,Central,Office Supplies,4,67.14,268.58,124.56,53.38,90.64
CA-2017-137505,2017-Q4,West,Furniture,2,182.04,364.08,248.49,106.49,9.1
CA-2017-137505,2017-Q4,West,Furniture,2,35.54,71.09,51.01,21.86,-1.78
US-2014-140914,2014-Q4,Central,Furniture,2,5.49,10.98,13.26,5.68,-7.96
US-2014-140914,2014-Q4,Central,Furniture,4,199.48,797.94,598.46,256.48,-57.0
CA-2016-158358,2016-Q1,East,Technology,2,79.99,159.98,71.67,30.72,57.59
CA-2016-113390,2016-Q4,Central,Office Supplies,2,2.67,5.34,3.27,1.4,0.67
CA-2016-113390,2016-Q4,Central,Office Supplies,3,9.24,27.72,16.98,7.28,3.46
US-2016-158680,2016-Q3,West,Office Supplies,1,2.5,2.5,1.12,0.48,0.9
CA-2017-113705,2017-Q1,South,Office Supplies,2,4.13,8.26,3.12,1.34,3.8
CA-2017-113705,2017-Q1,South,Office Supplies,2,8.88,17.76,6.22,2.66,8.88
CA-2017-113705,2017-Q1,South,Office Supplies,3,110.98,332.94,226.06,96.89,9.99
CA-2017-113705,2017-Q1,South,Furniture,2,146.05,292.1,163.58,70.1,58.42
CA-2017-113705,2017-Q1,South,Technology,5,41.22,206.1,105.31,45.14,55.65
CA-2017-113705,2017-Q1,South,Office Supplies,4,4.41,17.64,6.67,2.86,8.11
CA-2016-146913,2016-Q4,West,Furniture,5,280.78,1403.92,933.6,400.12,70.2
CA-2017-159135,2017-Q4,South,Office Supplies,2,2.15,4.3,2.02,0.86,1.42
CA-2014-121762,2014-Q1,West,Technology,3,79.99,239.97,107.51,46.07,86.39
CA-2014-121762,2014-Q1,West,Office Supplies,2,40.98,81.96,41.31,17.7,22.95
CA-2014-121762,2014-Q1,West,Office Supplies,2,119.31,238.62,163.69,70.16,4.77
CA-2014-123855,2014-Q2,West,Technology,5,27.96,139.8,89.3,38.27,12.23
CA-2017-101959,2017-Q1,East,Office Supplies,2,4.92,9.84,3.58,1.54,4.72
CA-2017-101959,2017-Q1,East,Office Supplies,1,7.78,7.78,3.0,1.28,3.5
CA-2017-102659,2017-Q4,Central,Office Supplies,5,10.98,54.9,19.6,8.4,26.9
CA-2017-142328,2017-Q4,West,Office Supplies,6,8.34,50.04,17.51,7.51,25.02
CA-2016-123533,2016-Q4,South,Furniture,5,67.98,339.92,231.99,99.43,8.5
CA-2016-123533,2016-Q4,South,Office Supplies,4,2.63,10.53,4.98,2.13,3.42
CA-2016-123533,2016-Q4,South,Office Supplies,2,21.19,42.38,26.7,11.44,4.24
CA-2016-104983,2016-Q3,East,Office Supplies,5,24.78,123.92,59.64,25.56,38.72
CA-2016-160234,2016-Q2,South,Technology,1,135.95,135.95,67.56,28.96,39.43
CA-2014-169019,2014-Q3,Central,Office Supplies,8,272.2,2177.58,4115.63,1763.84,-3701.89
CA-2014-169019,2014-Q3,Central,Furniture,3,5.83,17.5,19.29,8.27,-10.06
CA-2014-169019,2014-Q3,Central,Office Supplies,4,4.2,16.78,30.54,13.09,-26.85
CA-2014-169019,2014-Q3,Central,Technology,9,47.9,431.14,320.66,137.43,-26.95
CA-2014-169019,2014-Q3,Central,Office Supplies,5,1.78,8.88,15.54,6.66,-13.32
CA-2014-169019,2014-Q3,Central,Office Supplies,2,2.42,4.84,11.85,5.08,-12.09
CA-2016-153178,2016-Q3,East,Technology,3,145.95,437.85,214.55,91.95,131.35
CA-2016-153178,2016-Q3,East,Office Supplies,2,336.78,673.57,294.69,126.29,252.59
CA-2015-149748,2015-Q2,East,Office Supplies,5,54.96,274.8,98.11,42.04,134.65
CA-2015-149748,2015-Q2,East,Office Supplies,1,62.18,62.18,31.77,13.62,16.79
CA-2015-149748,2015-Q2,East,Furniture,2,4.14,8.28,3.71,1.59,2.98
CA-2015-155635,2015-Q2,South,Office Supplies,3,16.27,48.81,17.42,7.47,23.92
US-2014-114377,2014-Q4,South,Furniture,5,29.98,149.9,76.6,32.83,40.47
CA-2017-144491,2017-Q1,Central,Furniture,5,204.67,1023.33,737.4,316.03,-30.1
CA-2017-144491,2017-Q1,Central,Furniture,3,200.19,600.56,426.4,182.74,-8.58
CA-2017-144491,2017-Q1,Central,Technology,1,39.99,39.99,23.09,9.9,7.0
CA-2017-144491,2017-Q1,Central,Furniture,2,105.62,211.25,194.35,83.29,-66.39
CA-2014-127166,2014-Q2,Central,Office Supplies,6,9.34,56.06,24.53,10.51,21.02
CA-2014-127166,2014-Q2,Central,Furniture,2,53.88,107.77,95.91,41.11,-29.25
CA-2014-127166,2014-Q2,Central,Office Supplies,1,4.83,4.83,2.24,0.96,1.63
CA-2014-127166,2014-Q2,Central,Office Supplies,3,6.08,18.24,34.47,14.78,-31.01
CA-2016-125920,2016-Q2,Central,Office Supplies,3,1.27,3.8,6.78,2.91,-5.89
CA-2015-128608,2015-Q1,East,Office Supplies,2,5.18,10.37,6.17,2.64,1.56
CA-2015-128608,2015-Q1,East,Technology,2,117.6,235.19,194.82,83.49,-43.12
CA-2015-128608,2015-Q1,East,Technology,4,6.6,26.38,16.62,7.12,2.64
CA-2015-128608,2015-Q1,East,Technology,2,5.19,10.38,5.72,2.45,2.21
CA-2015-128608,2015-Q1,East,Technology,3,35.71,107.12,89.98,38.56,-21.42
CA-2017-137918,2017-Q3,West,Office Supplies,7,13.9,97.3,48.36,20.72,28.22
CA-2015-122973,2015-Q3,East,Office Supplies,2,1.66,3.33,1.48,0.64,1.21
CA-2015-122973,2015-Q3,East,Technology,1,135.99,135.99,69.49,29.78,36.72
CA-2015-122973,2015-Q3,East,Furniture,1,7.38,7.38,3.67,1.57,2.14
CA-2016-136322,2016-Q4,South,Furniture,2,22.78,45.57,25.12,10.77,9.68
CA-2016-136322,2016-Q4,South,Office Supplies,8,3.59,28.75,34.88,14.95,-21.08
CA-2017-107209,2017-Q3,South,Furniture,4,48.71,194.85,127.87,54.8,12.18
CA-2017-145093,2017-Q3,Central,Office Supplies,2,1.06,2.11,3.84,1.65,-3.38
US-2014-139640,2014-Q4,West,Office Supplies,5,5.18,25.92,11.79,5.06,9.07
US-2014-139640,2014-Q4,West,Office Supplies,4,30.19,120.77,78.2,33.51,9.06
CA-2016-117583,2016-Q4,East,Office Supplies,4,6.48,25.92,9.44,4.04,12.44
CA-2016-117583,2016-Q4,East,Office Supplies,3,11.55,34.65,17.46,7.49,9.7
CA-2016-117583,2016-Q4,East,Office Supplies,5,40.99,204.95,73.16,31.36,100.43
CA-2016-117583,2016-Q4,East,Office Supplies,5,15.99,79.95,29.1,12.47,38.38
CA-2015-162201,2015-Q2,South,Office Supplies,7,24.78,173.49,83.49,35.78,54.22
CA-2015-162201,2015-Q2,South,Office Supplies,4,129.24,516.96,366.39,157.03,-6.46
CA-2015-162201,2015-Q2,South,Furniture,7,24.74,173.21,89.42,38.32,45.47
CA-2015-162201,2015-Q2,South,Office Supplies,2,2.22,4.45,2.88,1.24,0.33
CA-2015-162201,2015-Q2,South,Office Supplies,3,3.0,9.0,4.09,1.76,3.15
CA-2015-162201,2015-Q2,South,Office Supplies,10,4.22,42.24,20.33,8.71,13.2
CA-2015-162201,2015-Q2,South,Office Supplies,2,9.13,18.26,22.16,9.49,-13.39
US-2014-164406,2014-Q3,West,Office Supplies,3,50.97,152.91,77.07,33.03,42.81
US-2014-164406,2014-Q3,West,Office Supplies,3,30.98,92.94,35.78,15.34,41.82
US-2014-164406,2014-Q3,West,Office Supplies,4,4.46,17.86,8.13,3.48,6.25
US-2014-164406,2014-Q3,West,Office Supplies,3,15.48,46.44,21.94,9.41,15.09
US-2014-164406,2014-Q3,West,Furniture,4,48.78,195.14,145.14,62.2,-12.2
CA-2017-169999,2017-Q2,East,Office Supplies,2,64.65,129.3,85.99,36.85,6.46
CA-2017-169999,2017-Q2,East,Office Supplies,3,3.86,11.57,5.47,2.34,3.76
US-2017-152842,2017-Q3,South,Furniture,3,80.78,242.35,159.04,68.16,15.15
CA-2014-113257,2014-Q4,Central,Technology,4,79.99,319.97,156.79,67.19,95.99
CA-2014-113257,2014-Q4,Central,Furniture,7,1.23,8.62,7.85,3.36,-2.59
CA-2014-133963,2014-Q2,Central,Office Supplies,1,3.98,3.98,1.78,0.76,1.44
CA-2017-130302,2017-Q3,East,Technology,7,127.99,895.94,493.88,211.67,190.39
CA-2016-126627,2016-Q4,Central,Furniture,4,3.5,14.0,14.21,6.09,-6.3
CA-2016-126627,2016-Q4,Central,Office Supplies,2,8.2,16.39,29.83,12.79,-26.23
US-2016-125402,2016-Q3,West,Office Supplies,5,2.18,10.9,4.05,1.73,5.12
US-2016-125402,2016-Q3,West,Office Supplies,2,14.8,29.6,10.36,4.44,14.8
US-2016-125402,2016-Q3,West,Office Supplies,1,4.98,4.98,1.88,0.81,2.29
US-2016-125402,2016-Q3,West,Technology,3,159.99,479.98,222.59,95.4,161.99
US-2016-125402,2016-Q3,West,Technology,8,5.59,44.74,28.19,12.08,4.47
US-2016-125402,2016-Q3,West,Office Supplies,2,2.88,5.76,2.86,1.23,1.67
US-2016-125402,2016-Q3,West,Furniture,4,120.78,483.14,295.92,126.83,60.39
CA-2014-163867,2014-Q2,Central,Office Supplies,4,3.98,15.94,7.53,3.23,5.18
CA-2014-163867,2014-Q2,Central,Furniture,7,8.79,61.54,71.08,30.46,-40.0
CA-2014-163867,2014-Q2,Central,Office Supplies,3,44.23,132.7,85.92,36.83,9.95
CA-2017-169327,2017-Q3,West,Office Supplies,5,8.62,43.1,22.32,9.57,11.21
CA-2017-169327,2017-Q3,West,Furniture,5,102.3,511.5,264.96,113.55,132.99
CA-2017-169327,2017-Q3,West,Office Supplies,5,29.58,147.92,71.19,30.51,46.22
CA-2014-142979,2014-Q2,West,Office Supplies,2,19.84,39.68,16.39,7.02,16.27
CA-2016-158155,2016-Q2,East,Furniture,2,6.28,12.56,5.98,2.56,4.02
CA-2016-158155,2016-Q2,East,Office Supplies,3,30.16,90.48,39.59,16.96,33.93
CA-2016-158155,2016-Q2,East,Office Supplies,2,6.54,13.08,4.94,2.12,6.02
CA-2016-158155,2016-Q2,East,Furniture,5,42.94,214.7,91.68,39.29,83.73
CA-2017-138870,2017-Q2,West,Furniture,4,12.58,50.32,20.43,8.76,21.13
CA-2017-138870,2017-Q2,West,Office Supplies,2,12.28,24.56,9.11,3.91,11.54
CA-2014-120950,2014-Q4,South,Office Supplies,6,7.28,43.68,15.9,6.81,20.97
CA-2015-164301,2015-Q1,West,Furniture,8,424.21,3393.68,1947.97,834.85,610.86
CA-2017-113278,2017-Q1,Central,Office Supplies,5,13.48,67.4,34.92,14.96,17.52
CA-2017-113278,2017-Q1,Central,Office Supplies,2,1.26,2.52,1.69,0.73,0.1
CA-2017-113278,2017-Q1,Central,Technology,4,16.95,67.8,46.51,19.93,1.36
CA-2017-113278,2017-Q1,Central,Office Supplies,2,9.38,18.76,9.46,4.05,5.25
CA-2017-113278,2017-Q1,Central,Technology,4,3.03,12.12,6.7,2.87,2.55
CA-2017-113278,2017-Q1,Central,Office Supplies,1,11.34,11.34,4.05,1.73,5.56
CA-2017-113278,2017-Q1,Central,Technology,4,39.95,159.8,62.64,26.85,70.31
CA-2017-113278,2017-Q1,Central,Furniture,2,9.48,18.96,7.3,3.13,8.53
US-2015-116981,2015-Q1,East,Office Supplies,7,155.06,1085.42,562.25,240.96,282.21
US-2015-116981,2015-Q1,East,Office Supplies,3,4.37,13.11,6.79,2.91,3.41
CA-2014-114195,2014-Q4,East,Furniture,2,34.35,68.7,36.67,15.71,16.32
CA-2014-114195,2014-Q4,East,Office Supplies,2,1.56,3.13,4.02,1.72,-2.61
CA-2014-114195,2014-Q4,East,Office Supplies,3,7.48,22.43,28.26,12.11,-17.94
CA-2017-146269,2017-Q4,Central,Office Supplies,2,145.17,290.34,180.38,77.3,32.66
CA-2017-146269,2017-Q4,Central,Office Supplies,2,9.57,19.15,12.56,5.39,1.2
CA-2016-100587,2016-Q4,East,Office Supplies,1,6.48,6.48,2.36,1.01,3.11
CA-2016-166653,2016-Q3,East,Office Supplies,2,31.98,63.97,30.79,13.19,19.99
CA-2015-130855,2015-Q4,East,Office Supplies,2,3.18,6.36,4.41,1.89,0.06
US-2017-166324,2017-Q2,East,Office Supplies,4,212.14,848.54,608.82,260.93,-21.21
US-2017-166324,2017-Q2,East,Office Supplies,5,1.74,8.7,10.56,4.52,-6.38
US-2017-166324,2017-Q2,East,Technology,3,40.79,122.38,102.8,44.06,-24.48
CA-2016-122581,2016-Q3,East,Furniture,7,81.88,573.17,356.64,152.84,63.69
CA-2015-104297,2015-Q2,East,Office Supplies,3,28.35,85.06,39.45,16.9,28.71
CA-2014-153927,2014-Q3,South,Office Supplies,3,4.68,14.04,5.11,2.19,6.74
CA-2014-153927,2014-Q3,South,Technology,13,20.97,272.61,122.13,52.34,98.14
CA-2014-112291,2014-Q2,West,Office Supplies,2,5.58,11.16,3.91,1.67,5.58
CA-2014-112291,2014-Q2,West,Technology,3,20.77,62.31,27.92,11.96,22.43
CA-2014-112291,2014-Q2,West,Technology,2,79.99,159.98,71.67,30.72,57.59
CA-2014-146997,2014-Q1,Central,Office Supplies,3,1.98,5.94,4.16,1.78,0.0
CA-2017-169607,2017-Q4,East,Office Supplies,2,4.98,9.96,3.7,1.58,4.68
CA-2015-127544,2015-Q3,East,Technology,1,79.99,79.99,35.83,15.36,28.8
CA-2017-166499,2017-Q1,East,Office Supplies,3,2.98,8.94,4.57,1.96,2.41
US-2016-115441,2016-Q3,Central,Office Supplies,2,10.31,20.62,7.65,3.28,9.69
US-2016-115441,2016-Q3,Central,Technology,7,17.75,124.25,53.05,22.74,48.46
US-2016-115441,2016-Q3,Central,Technology,5,59.51,297.55,149.97,64.27,83.31
US-2016-115441,2016-Q3,Central,Furniture,4,100.89,403.56,214.7,92.01,96.85
US-2016-115441,2016-Q3,Central,Furniture,5,19.04,95.2,47.31,20.28,27.61
CA-2014-115049,2014-Q3,Central,Technology,11,13.98,153.82,80.75,34.61,38.46
CA-2014-156342,2014-Q2,Central,Office Supplies,2,31.01,62.02,27.68,11.86,22.48
CA-2016-112830,2016-Q2,East,Furniture,3,155.44,466.32,301.94,129.41,34.97
CA-2016-112830,2016-Q2,East,Furniture,2,41.32,82.64,57.85,24.79,0.0
US-2014-117380,2014-Q1,East,Furniture,1,330.59,330.59,331.69,142.15,-143.25
CA-2017-117646,2017-Q3,West,Office Supplies,3,79.03,237.1,151.44,64.91,20.75
CA-2017-117646,2017-Q3,West,Furniture,3,7.58,22.75,10.95,4.69,7.11
CA-2017-117646,2017-Q3,West,Office Supplies,1,6.67,6.67,3.21,1.38,2.08
CA-2014-122609,2014-Q4,Central,Furniture,3,8.38,25.13,22.43,9.61,-6.91
CA-2014-122609,2014-Q4,Central,Technology,2,63.99,127.98,71.67,30.71,25.6
US-2015-129007,2015-Q3,West,Furniture,7,18.84,131.88,53.54,22.95,55.39
US-2015-129007,2015-Q3,West,Office Supplies,3,8.34,25.03,12.05,5.16,7.82
US-2015-129007,2015-Q3,West,Furniture,3,239.24,717.72,452.17,193.78,71.77
US-2015-129007,2015-Q3,West,Furniture,5,41.47,207.35,127.73,54.74,24.88
US-2015-129007,2015-Q3,West,Furniture,3,14.89,44.67,22.83,9.78,12.06
US-2015-129007,2015-Q3,West,Office Supplies,2,104.85,209.7,76.33,32.71,100.66
US-2014-157231,2014-Q2,South,Office Supplies,7,16.48,115.36,41.18,17.65,56.53
CA-2015-132388,2015-Q4,West,Furniture,3,120.71,362.14,291.52,124.94,-54.32
CA-2015-132388,2015-Q4,West,Office Supplies,3,10.35,31.05,11.3,4.85,14.9
CA-2017-160927,2017-Q1,Central,Office Supplies,2,6.48,12.96,4.72,2.02,6.22
CA-2017-160927,2017-Q1,Central,Office Supplies,5,18.97,94.85,34.52,14.8,45.53
CA-2017-160927,2017-Q1,Central,Office Supplies,1,13.48,13.48,6.99,2.99,3.5
CA-2017-160927,2017-Q1,Central,Furniture,3,4.97,14.91,7.2,3.09,4.62
CA-2015-105508,2015-Q3,East,Office Supplies,1,39.98,39.98,15.39,6.6,17.99
CA-2016-149272,2016-Q1,Central,Furniture,5,105.69,528.43,470.3,201.56,-143.43
CA-2016-149272,2016-Q1,Central,Office Supplies,7,3.2,22.39,40.75,17.46,-35.82
CA-2014-111360,2014-Q4,East,Office Supplies,3,1.91,5.74,7.23,3.1,-4.59
US-2017-162124,2017-Q2,Central,Technology,4,47.99,191.97,114.22,48.95,28.8
CA-2015-159534,2015-Q1,East,Office Supplies,3,16.62,49.85,23.12,9.91,16.82
CA-2015-159534,2015-Q1,East,Office Supplies,1,23.99,23.99,8.39,3.6,12.0
CA-2015-159534,2015-Q1,East,Office Supplies,8,135.99,1087.94,514.05,220.31,353.58
CA-2015-159534,2015-Q1,East,Technology,2,99.99,199.98,102.19,43.8,53.99
CA-2015-159534,2015-Q1,East,Office Supplies,4,20.98,83.92,44.65,19.13,20.14
CA-2016-129630,2016-Q3,West,Furniture,3,8.09,24.27,10.87,4.66,8.74
CA-2016-129630,2016-Q3,West,Technology,5,559.99,2799.96,1298.48,556.49,944.99
CA-2015-104948,2015-Q4,West,Office Supplies,2,4.93,9.87,4.49,1.92,3.46
CA-2015-104948,2015-Q4,West,Furniture,4,170.83,683.33,506.47,217.06,-40.2
CA-2015-104948,2015-Q4,West,Office Supplies,7,4.28,29.96,11.54,4.94,13.48
CA-2014-166555,2014-Q3,East,Technology,3,54.95,164.85,81.93,35.11,47.81
CA-2016-114405,2016-Q2,East,Office Supplies,3,11.18,33.53,21.71,9.31,2.51
CA-2016-114405,2016-Q2,East,Office Supplies,3,12.25,36.74,23.15,9.92,3.67
CA-2017-132955,2017-Q2,East,Office Supplies,3,34.31,102.93,38.19,16.36,48.38
CA-2016-164889,2016-Q2,West,Furniture,2,35.54,71.09,51.01,21.86,-1.78
CA-2016-169824,2016-Q4,East,Furniture,5,12.07,60.35,28.3,12.13,19.92
CA-2016-169824,2016-Q4,East,Office Supplies,4,8.88,35.52,17.9,7.67,9.95
CA-2016-169824,2016-Q4,East,Office Supplies,7,1.6,11.2,4.47,1.91,4.82
CA-2017-164028,2017-Q4,West,Technology,14,15.97,223.58,95.47,40.91,87.2
CA-2014-143371,2014-Q4,West,Office Supplies,9,110.98,998.82,678.2,290.66,29.96
CA-2014-143371,2014-Q4,West,Office Supplies,5,10.23,51.15,26.49,11.36,13.3
CA-2015-145415,2015-Q2,West,Office Supplies,3,13.58,40.74,28.23,12.1,0.41
CA-2014-111157,2014-Q1,East,Office Supplies,1,3.42,3.42,1.64,0.71,1.07
CA-2014-111157,2014-Q1,East,Technology,3,50.4,151.2,83.35,35.72,32.13
CA-2017-121559,2017-Q2,Central,Furniture,6,320.98,1925.88,970.64,415.99,539.25
CA-2017-121559,2017-Q2,Central,Office Supplies,8,300.65,2405.2,1128.04,483.44,793.72
CA-2017-121559,2017-Q2,Central,Technology,3,27.99,83.97,47.61,20.41,15.95
CA-2017-121559,2017-Q2,Central,Technology,1,39.89,39.89,17.59,7.54,14.76
CA-2017-121559,2017-Q2,Central,Office Supplies,2,8.69,17.38,6.08,2.61,8.69
CA-2015-141593,2015-Q4,West,Office Supplies,2,27.63,55.26,24.18,10.36,20.72
CA-2015-141593,2015-Q4,West,Office Supplies,1,6.48,6.48,2.36,1.01,3.11
CA-2015-141593,2015-Q4,West,Office Supplies,3,11.42,34.25,15.88,6.81,11.56
CA-2015-141593,2015-Q4,West,Furniture,2,136.78,273.57,184.32,78.99,10.26
US-2014-143287,2014-Q4,East,Office Supplies,5,9.27,46.35,17.2,7.37,21.78
US-2014-143287,2014-Q4,East,Office Supplies,4,55.98,223.92,79.94,34.26,109.72
US-2014-143287,2014-Q4,East,Office Supplies,2,3.65,7.3,3.58,1.53,2.19
CA-2017-137421,2017-Q4,West,Office Supplies,2,4.67,9.34,5.23,2.24,1.87
CA-2017-141446,2017-Q3,South,Technology,1,18.0,18.0,10.33,4.43,3.24
CA-2015-168088,2015-Q1,Central,Office Supplies,2,32.79,65.58,29.27,12.54,23.77
CA-2015-168088,2015-Q1,Central,Furniture,4,95.87,383.47,315.8,135.34,-67.67
CA-2015-143700,2015-Q3,East,Office Supplies,2,5.18,10.37,4.72,2.02,3.63
CA-2016-146374,2016-Q4,East,Furniture,1,13.4,13.4,4.88,2.09,6.43
CA-2016-146374,2016-Q4,East,Office Supplies,1,4.98,4.98,1.85,0.79,2.34
CA-2016-146374,2016-Q4,East,Office Supplies,7,15.67,109.69,40.7,17.44,51.55
CA-2017-153871,2017-Q4,East,Office Supplies,5,8.04,40.2,15.48,6.63,18.09
CA-2017-153871,2017-Q4,East,Office Supplies,2,367.99,735.98,283.35,121.44,331.19
CA-2017-153871,2017-Q4,East,Office Supplies,7,3.25,22.75,11.3,4.85,6.6
CA-2015-103772,2015-Q2,South,Office Supplies,2,59.78,119.56,45.19,19.37,55.0
CA-2015-103772,2015-Q2,South,Office Supplies,5,28.15,140.75,68.97,29.56,42.22
CA-2016-130225,2016-Q3,Central,Office Supplies,2,49.78,99.57,46.18,19.79,33.6
US-2016-103674,2016-Q4,West,Technology,5,54.39,271.96,171.33,73.43,27.2
US-2016-103674,2016-Q4,West,Office Supplies,7,2.67,18.69,9.42,4.04,5.23
US-2016-103674,2016-Q4,West,Office Supplies,2,6.68,13.36,4.86,2.09,6.41
US-2016-103674,2016-Q4,West,Technology,2,124.79,249.58,152.87,65.51,31.2
US-2016-103674,2016-Q4,West,Office Supplies,7,1.98,13.86,9.7,4.16,0.0
US-2016-103674,2016-Q4,West,Office Supplies,4,3.34,13.38,6.09,2.61,4.68
US-2016-103674,2016-Q4,West,Office Supplies,14,31.25,437.47,199.05,85.3,153.12
US-2015-151435,2015-Q3,South,Furniture,1,85.98,85.98,44.54,19.09,22.35
CA-2017-163566,2017-Q3,East,Office Supplies,5,3.3,16.52,7.8,3.35,5.37
US-2016-157728,2016-Q3,Central,Office Supplies,7,5.08,35.56,13.2,5.65,16.71
US-2016-157728,2016-Q3,Central,Technology,2,48.99,97.98,49.39,21.16,27.43
CA-2015-100251,2015-Q2,East,Office Supplies,10,3.15,31.5,11.47,4.91,15.12
CA-2015-100251,2015-Q2,East,Office Supplies,4,13.9,55.6,27.64,11.84,16.12
CA-2016-125794,2016-Q3,West,Technology,1,36.24,36.24,14.71,6.31,15.22
CA-2017-163629,2017-Q4,South,Technology,1,79.99,79.99,35.83,15.36,28.8
CA-2017-163629,2017-Q4,South,Technology,5,41.22,206.1,105.31,45.14,55.65
CA-2014-110422,2014-Q1,South,Furniture,3,8.42,25.25,14.8,6.35,4.1
CA-2017-121258,2017-Q1,West,Furniture,2,45.98,91.96,53.43,22.9,15.63
CA-2017-121258,2017-Q1,West,Technology,2,129.29,258.58,167.43,71.76,19.39
CA-2017-121258,2017-Q1,West,Office Supplies,4,7.4,29.6,11.4,4.88,13.32
CA-2017-119914,2017-Q2,West,Office Supplies,2,121.58,243.16,119.15,51.06,72.95
